CustomerId,total_transaction_amount,average_transaction_amount,transaction_count,std_transaction_amount,total_value,average_value,max_value,credit_txn_ratio,debit_txn_ratio,unique_product_categories,unique_channels,unique_providers,fraud_txn_count,most_common_product_category,most_common_channel,most_common_pricing_strategy,avg_transaction_hour,avg_transaction_day,avg_transaction_month,avg_transaction_year,Recency,Frequency,Monetary,rfm_cluster,is_high_risk
CustomerId_1,-10000.0,-10000.0,1,0.0,10000,10000.0,10000,1.0,0.0,1,1,1,0,airtime,ChannelId_2,4,16.0,21.0,11.0,2018.0,84,1,10000,3,0
CustomerId_10,-10000.0,-10000.0,1,0.0,10000,10000.0,10000,1.0,0.0,1,1,1,0,airtime,ChannelId_2,4,16.0,21.0,11.0,2018.0,84,1,10000,3,0
CustomerId_1001,20000.0,4000.0,5,6558.963332722634,30400,6080.0,10000,0.4,0.6,2,2,3,0,financial_services,ChannelId_3,2,7.8,16.0,11.0,2018.0,90,5,30400,3,0
CustomerId_1002,4225.0,384.09090909090907,11,560.4989660196449,4775,434.09090909090907,1500,0.5454545454545454,0.45454545454545453,2,2,2,0,financial_services,ChannelId_2,2,13.454545454545455,14.727272727272727,8.636363636363637,2018.2727272727273,26,11,4775,0,1
CustomerId_1003,20000.0,3333.3333333333335,6,6030.478145774734,32000,5333.333333333333,10000,0.3333333333333333,0.6666666666666666,2,2,3,0,airtime,ChannelId_3,2,14.333333333333334,1.0,2.0,2019.0,12,6,32000,2,0
CustomerId_1004,2000.0,2000.0,1,0.0,2000,2000.0,2000,0.0,1.0,1,1,1,0,airtime,ChannelId_3,4,18.0,22.0,12.0,2018.0,53,1,2000,0,1
CustomerId_1005,48800.0,5422.222222222223,9,5983.6815126178335,61200,6800.0,10000,0.3333333333333333,0.6666666666666666,2,2,3,0,financial_services,ChannelId_3,2,10.11111111111111,28.0,12.0,2018.0,47,9,61200,3,0
CustomerId_1006,1000.0,1000.0,1,0.0,1000,1000.0,1000,0.0,1.0,1,1,1,0,financial_services,ChannelId_3,2,7.0,11.0,12.0,2018.0,65,1,1000,3,0
CustomerId_1007,28000.0,28000.0,1,0.0,28000,28000.0,28000,0.0,1.0,1,1,1,0,financial_services,ChannelId_3,2,6.0,24.0,11.0,2018.0,82,1,28000,3,0
CustomerId_1008,20000.0,10000.0,2,0.0,20000,10000.0,10000,0.0,1.0,1,1,1,0,financial_services,ChannelId_3,2,13.0,9.0,12.0,2018.0,66,2,20000,3,0
CustomerId_1009,500.0,500.0,1,0.0,500,500.0,500,0.0,1.0,1,1,1,0,airtime,ChannelId_3,4,6.0,17.0,1.0,2019.0,28,1,500,0,1
CustomerId_1010,26335.0,3762.1428571428573,7,4971.798816946486,31975,4567.857142857143,10170,0.42857142857142855,0.5714285714285714,3,2,3,0,financial_services,ChannelId_3,2,11.428571428571429,15.571428571428571,8.857142857142858,2018.2857142857142,42,7,31975,3,0
CustomerId_1012,124906.0,1687.918918918919,74,3441.4863138083697,132894,1795.8648648648648,22000,0.43243243243243246,0.5675675675675675,2,2,3,0,airtime,ChannelId_3,1,16.04054054054054,18.675675675675677,7.851351351351352,2018.3648648648648,5,74,132894,2,0
CustomerId_1014,763880.0,95485.0,8,119332.84340149493,763880,95485.0,300000,0.0,1.0,1,1,2,0,financial_services,ChannelId_3,2,9.125,25.0,12.0,2018.0,50,8,763880,2,0
CustomerId_1016,20000.0,4000.0,5,6745.368781616021,32000,6400.0,10000,0.4,0.6,2,2,3,0,financial_services,ChannelId_3,2,18.0,8.0,2.0,2019.0,5,5,32000,2,0
CustomerId_1020,292195.0,1439.384236453202,203,2500.4482251946347,298605,1470.960591133005,10000,0.4088669950738916,0.5911330049261084,3,2,3,0,financial_services,ChannelId_3,2,11.911330049261084,22.788177339901477,10.89655172413793,2018.0197044334975,27,203,298605,2,0
CustomerId_1021,5000.0,5000.0,1,0.0,5000,5000.0,5000,0.0,1.0,1,1,1,0,financial_services,ChannelId_3,2,19.0,27.0,11.0,2018.0,78,1,5000,3,0
CustomerId_1022,7000.0,7000.0,1,0.0,7000,7000.0,7000,0.0,1.0,1,1,1,0,airtime,ChannelId_3,2,13.0,9.0,1.0,2019.0,35,1,7000,0,1
CustomerId_1025,17200.0,1075.0,16,1803.6536992079898,19800,1237.5,5000,0.3125,0.6875,2,2,3,0,financial_services,ChannelId_3,2,15.75,20.25,1.25,2019.0,12,16,19800,2,0
CustomerId_1027,26770.0,1912.142857142857,14,3484.2705418482087,27230,1945.0,10000,0.42857142857142855,0.5714285714285714,3,2,3,0,financial_services,ChannelId_3,2,12.857142857142858,10.857142857142858,1.9285714285714286,2019.0,1,14,27230,2,0
CustomerId_1028,500.0,500.0,1,0.0,500,500.0,500,0.0,1.0,1,1,1,0,financial_services,ChannelId_3,2,9.0,19.0,1.0,2019.0,26,1,500,0,1
CustomerId_1029,51000.0,5666.666666666667,9,8692.669325356856,75000,8333.333333333334,21000,0.2222222222222222,0.7777777777777778,3,2,3,0,financial_services,ChannelId_3,2,9.666666666666666,18.666666666666668,10.11111111111111,2018.111111111111,8,9,75000,2,0
CustomerId_1030,2350.0,293.75,8,713.8614811612364,4650,581.25,1000,0.5,0.5,2,2,2,0,airtime,ChannelId_2,2,12.0,8.375,1.0,2019.0,31,8,4650,0,1
CustomerId_1031,106838.8,2136.776,50,4615.395748241059,145322,2906.44,23000,0.36,0.64,4,2,3,0,airtime,ChannelId_3,2,12.4,15.5,8.26,2018.34,15,50,145322,2,0
CustomerId_1032,2000.0,1000.0,2,0.0,2000,1000.0,1000,0.0,1.0,2,1,1,0,airtime,ChannelId_3,2,1.0,11.0,1.0,2019.0,34,2,2000,0,1
CustomerId_1033,950.0,475.0,2,742.4621202458749,1050,525.0,1000,0.5,0.5,2,2,2,0,airtime,ChannelId_2,2,9.0,9.0,12.0,2018.0,67,2,1050,3,0
CustomerId_1034,40508.0,2531.75,16,7896.613345816885,63752,3984.5,28840,0.1875,0.8125,4,2,3,0,airtime,ChannelId_3,2,10.8125,13.3125,9.75,2018.1875,9,16,63752,2,0
CustomerId_1036,-50.0,-16.666666666666668,3,1000.4165798972613,2050,683.3333333333334,1000,0.6666666666666666,0.3333333333333333,2,2,2,0,financial_services,ChannelId_2,2,9.0,15.0,11.0,2018.0,91,3,2050,3,0
CustomerId_1038,19000.0,3800.0,5,6685.805860178712,31000,6200.0,10000,0.4,0.6,2,2,3,0,financial_services,ChannelId_3,2,13.0,1.0,2.0,2019.0,12,5,31000,2,0
CustomerId_1039,248895.0,8296.5,30,10395.940284387541,278257,9275.233333333334,22050,0.2,0.8,3,2,4,0,financial_services,ChannelId_3,2,11.2,4.566666666666666,8.0,2018.4,12,30,278257,2,0
CustomerId_1040,50000.0,50000.0,1,0.0,50000,50000.0,50000,0.0,1.0,1,1,1,0,financial_services,ChannelId_3,2,6.0,7.0,1.0,2019.0,38,1,50000,2,0
CustomerId_1043,14000.0,2333.3333333333335,6,6976.14984548545,36000,6000.0,10000,0.5,0.5,2,2,3,0,airtime,ChannelId_2,2,19.0,28.0,12.0,2018.0,47,6,36000,3,0
CustomerId_1044,21848.5,1365.53125,16,2064.1874064527988,24268,1516.75,6000,0.3125,0.6875,3,2,4,0,financial_services,ChannelId_3,2,15.5625,23.4375,11.25,2018.0,48,16,24268,3,0
CustomerId_1048,1000.0,1000.0,1,0.0,1000,1000.0,1000,0.0,1.0,1,1,1,0,financial_services,ChannelId_3,2,7.0,2.0,1.0,2019.0,43,1,1000,0,1
CustomerId_1050,5000.0,5000.0,1,0.0,5000,5000.0,5000,0.0,1.0,1,1,1,0,financial_services,ChannelId_3,2,18.0,21.0,12.0,2018.0,54,1,5000,3,0
CustomerId_1052,56900.0,8128.571428571428,7,18504.47822246589,59100,8442.857142857143,50000,0.2857142857142857,0.7142857142857143,2,2,3,0,financial_services,ChannelId_3,2,11.285714285714286,26.142857142857142,7.285714285714286,2018.4285714285713,24,7,59100,2,0
CustomerId_1053,13788.0,1969.7142857142858,7,1911.4446294435452,13812,1973.142857142857,4000,0.14285714285714285,0.8571428571428571,2,2,4,0,financial_services,ChannelId_3,2,4.857142857142857,15.285714285714286,11.0,2018.0,90,7,13812,3,0
CustomerId_1054,159000.0,3057.6923076923076,52,6112.9647232247835,164700,3167.3076923076924,30000,0.40384615384615385,0.5961538461538461,2,2,3,0,airtime,ChannelId_3,2,17.596153846153847,13.057692307692308,7.5,2018.423076923077,5,52,164700,2,0
CustomerId_1055,5850.0,1170.0,5,1338.6560424545207,6150,1230.0,3000,0.4,0.6,2,2,3,0,financial_services,ChannelId_3,2,9.8,19.0,11.0,2018.0,82,5,6150,3,0
CustomerId_1056,5500.0,1375.0,4,1108.6778913041726,5500,1375.0,3000,0.0,1.0,2,1,3,0,financial_services,ChannelId_3,2,11.5,17.75,12.0,2018.0,56,4,5500,3,0
CustomerId_1057,4504.0,2252.0,2,3886.258869401265,6246,3123.0,5750,0.5,0.5,2,2,2,0,financial_services,ChannelId_2,2,6.0,15.0,11.0,2018.0,91,2,6246,3,0
CustomerId_1058,13815.0,476.37931034482756,29,597.271917841752,15809,545.1379310344828,2000,0.4827586206896552,0.5172413793103449,3,2,3,0,financial_services,ChannelId_3,2,13.724137931034482,16.24137931034483,8.344827586206897,2018.3103448275863,5,29,15809,2,0
CustomerId_1059,40000.0,4444.444444444444,9,6463.573143221772,62000,6888.888888888889,10000,0.3333333333333333,0.6666666666666666,2,2,3,0,financial_services,ChannelId_3,2,13.333333333333334,14.333333333333334,1.4444444444444444,2019.0,12,9,62000,2,0
CustomerId_1063,13325.0,1110.4166666666667,12,1608.6590383033788,15675,1306.25,5000,0.4166666666666667,0.5833333333333334,2,2,3,0,financial_services,ChannelId_3,2,13.25,10.916666666666666,2.0,2019.0,2,12,15675,2,0
CustomerId_1064,191650.0,4563.0952380952385,42,6424.71627468643,256230,6100.714285714285,20000,0.30952380952380953,0.6904761904761905,4,2,4,0,financial_services,ChannelId_3,2,15.619047619047619,15.738095238095237,2.5952380952380953,2018.8809523809523,6,42,256230,2,0
CustomerId_1068,500.0,500.0,1,0.0,500,500.0,500,0.0,1.0,1,1,1,0,airtime,ChannelId_3,4,14.0,22.0,12.0,2018.0,53,1,500,0,1
CustomerId_1070,5000.0,5000.0,1,0.0,5000,5000.0,5000,0.0,1.0,1,1,1,0,financial_services,ChannelId_3,2,15.0,18.0,1.0,2019.0,26,1,5000,0,1
CustomerId_1071,236290.0,33755.71428571428,7,57242.85162275515,241710,34530.0,120000,0.42857142857142855,0.5714285714285714,3,2,3,0,financial_services,ChannelId_3,2,11.285714285714286,6.0,1.8571428571428572,2019.0,3,7,241710,2,0
CustomerId_1073,1000.0,1000.0,1,0.0,1000,1000.0,1000,0.0,1.0,1,1,1,0,airtime,ChannelId_3,1,17.0,3.0,12.0,2018.0,72,1,1000,3,0
CustomerId_1074,167500.0,3641.304347826087,46,5656.405458001928,268700,5841.304347826087,14500,0.21739130434782608,0.782608695652174,2,3,5,0,financial_services,ChannelId_3,2,11.065217391304348,16.456521739130434,4.826086956521739,2018.6739130434783,5,46,268700,2,0
CustomerId_1078,19000.0,3166.6666666666665,6,7626.707459098367,41000,6833.333333333333,10000,0.5,0.5,2,2,3,0,airtime,ChannelId_2,2,21.0,28.0,12.0,2018.0,47,6,41000,3,0
CustomerId_1079,20000.0,20000.0,1,0.0,20000,20000.0,20000,0.0,1.0,1,1,1,0,airtime,ChannelId_3,1,18.0,30.0,12.0,2018.0,45,1,20000,3,0
CustomerId_1080,5000.0,5000.0,1,0.0,5000,5000.0,5000,0.0,1.0,1,1,1,0,financial_services,ChannelId_3,2,6.0,14.0,1.0,2019.0,31,1,5000,0,1
CustomerId_1081,1500.0,750.0,2,353.5533905932738,1500,750.0,1000,0.0,1.0,1,1,1,0,airtime,ChannelId_3,4,19.0,20.5,1.0,2019.0,14,2,1500,0,1
CustomerId_1082,19000.0,3800.0,5,6685.805860178712,31000,6200.0,10000,0.4,0.6,2,2,3,0,financial_services,ChannelId_3,2,13.0,28.0,12.0,2018.0,47,5,31000,3,0
CustomerId_1083,500.0,500.0,1,0.0,500,500.0,500,0.0,1.0,1,1,1,0,airtime,ChannelId_3,2,17.0,12.0,1.0,2019.0,32,1,500,0,1
CustomerId_1084,10000.0,10000.0,1,0.0,10000,10000.0,10000,0.0,1.0,1,1,1,0,financial_services,ChannelId_3,2,16.0,4.0,12.0,2018.0,71,1,10000,3,0
CustomerId_1085,2900.0,725.0,4,1517.3990905493517,5100,1275.0,2000,0.5,0.5,2,2,3,0,financial_services,ChannelId_2,2,20.0,17.0,12.0,2018.0,58,4,5100,3,0
CustomerId_1086,77576.0,2424.25,32,4114.986567610265,79354,2479.8125,15000,0.34375,0.65625,3,2,5,0,financial_services,ChannelId_3,2,9.875,17.40625,1.53125,2019.0,5,32,79354,2,0
CustomerId_1087,40000.0,4444.444444444444,9,6463.573143221772,62000,6888.888888888889,10000,0.3333333333333333,0.6666666666666666,2,2,3,0,financial_services,ChannelId_3,2,19.11111111111111,20.444444444444443,7.111111111111111,2018.4444444444443,33,9,62000,2,0
CustomerId_1089,169651.5,1116.1282894736842,152,1695.0127365720368,175729,1156.1118421052631,10000,0.40789473684210525,0.5921052631578947,2,2,4,0,financial_services,ChannelId_3,2,11.631578947368421,14.855263157894736,11.618421052631579,2018.0065789473683,37,152,175729,2,0
CustomerId_1091,3000.0,1500.0,2,707.1067811865476,3000,1500.0,2000,0.0,1.0,2,1,1,0,airtime,ChannelId_3,2,18.0,19.0,1.0,2019.0,25,2,3000,0,1
CustomerId_1092,65000.0,4062.5,16,5801.9393309478855,97000,6062.5,10000,0.25,0.75,2,2,3,0,airtime,ChannelId_3,2,11.375,23.5,5.125,2018.625,19,16,97000,2,0
CustomerId_1093,42620.0,774.9090909090909,55,1912.920128366163,81340,1478.909090909091,5200,0.43636363636363634,0.5636363636363636,2,3,4,0,airtime,ChannelId_3,4,16.6,14.181818181818182,9.909090909090908,2018.1818181818182,33,55,81340,2,0
CustomerId_1094,32460.0,4637.142857142857,7,9189.939633979675,46190,6598.571428571428,20000,0.42857142857142855,0.5714285714285714,3,2,3,0,financial_services,ChannelId_3,2,15.428571428571429,18.142857142857142,1.0,2019.0,25,7,46190,2,0
CustomerId_1095,4875.0,443.1818181818182,11,764.5334287239268,7125,647.7272727272727,2000,0.36363636363636365,0.6363636363636364,2,2,3,0,financial_services,ChannelId_3,2,9.909090909090908,22.363636363636363,1.1818181818181819,2019.0,12,11,7125,0,1
CustomerId_1096,1949226.0,2486.2576530612246,784,17819.372756509856,2041334,2603.7423469387754,202000,0.475765306122449,0.5242346938775511,4,3,4,0,airtime,ChannelId_3,2,10.558673469387756,28.07780612244898,1.0051020408163265,2019.0,7,784,2041334,2,0
CustomerId_1098,20000.0,20000.0,1,0.0,20000,20000.0,20000,0.0,1.0,1,1,1,0,financial_services,ChannelId_3,2,10.0,10.0,2.0,2019.0,3,1,20000,2,0
CustomerId_1099,6180.0,686.6666666666666,9,843.8601779915912,8220,913.3333333333334,2000,0.2222222222222222,0.7777777777777778,2,2,4,0,financial_services,ChannelId_3,2,16.555555555555557,10.777777777777779,3.4444444444444446,2018.7777777777778,25,9,8220,0,1
CustomerId_11,-10000.0,-10000.0,1,0.0,10000,10000.0,10000,1.0,0.0,1,1,1,0,airtime,ChannelId_2,4,16.0,21.0,11.0,2018.0,84,1,10000,3,0
CustomerId_1101,60000.0,6666.666666666667,9,5873.670062235366,60000,6666.666666666667,15000,0.0,1.0,1,1,2,0,financial_services,ChannelId_3,2,11.11111111111111,16.666666666666668,12.0,2018.0,53,9,60000,3,0
CustomerId_1102,60000.0,4285.714285714285,14,6169.759644097497,92000,6571.428571428572,10000,0.2857142857142857,0.7142857142857143,2,2,3,0,airtime,ChannelId_3,2,9.857142857142858,11.571428571428571,1.6428571428571428,2019.0,6,14,92000,2,0
CustomerId_1103,30000.0,30000.0,1,0.0,30000,30000.0,30000,0.0,1.0,1,1,1,0,financial_services,ChannelId_3,2,13.0,27.0,12.0,2018.0,48,1,30000,3,0
CustomerId_1104,40000.0,4000.0,10,9321.420969406376,84400,8440.0,21000,0.5,0.5,3,2,3,0,financial_services,ChannelId_2,2,20.3,7.2,2.0,2019.0,5,10,84400,2,0
CustomerId_1105,500.0,500.0,1,0.0,500,500.0,500,0.0,1.0,1,1,1,0,airtime,ChannelId_3,4,20.0,17.0,1.0,2019.0,27,1,500,0,1
CustomerId_1106,10000.0,10000.0,1,0.0,10000,10000.0,10000,0.0,1.0,1,1,1,0,financial_services,ChannelId_3,2,1.0,18.0,11.0,2018.0,88,1,10000,3,0
CustomerId_1108,50000.0,3571.4285714285716,14,8741.715073003834,112000,8000.0,20000,0.5,0.5,2,2,4,0,airtime,ChannelId_2,2,14.857142857142858,13.642857142857142,1.5714285714285714,2019.0,2,14,112000,2,0
CustomerId_1109,39800.0,4975.0,8,6193.718015630262,52200,6525.0,10500,0.375,0.625,2,2,3,0,financial_services,ChannelId_3,2,12.0,28.0,12.0,2018.0,47,8,52200,3,0
CustomerId_1111,-20.0,-6.666666666666667,3,1000.0666644445926,2020,673.3333333333334,1000,0.6666666666666666,0.3333333333333333,2,2,2,0,financial_services,ChannelId_2,2,16.0,6.0,12.0,2018.0,69,3,2020,3,0
CustomerId_1112,20000.0,3333.3333333333335,6,6088.2400303098,32000,5333.333333333333,10000,0.3333333333333333,0.6666666666666666,2,2,3,0,airtime,ChannelId_3,2,14.0,1.0,2.0,2019.0,12,6,32000,2,0
CustomerId_1113,29700.0,1291.304347826087,23,3184.930860313962,42300,1839.1304347826087,10000,0.34782608695652173,0.6521739130434783,2,2,3,0,airtime,ChannelId_3,2,14.652173913043478,7.304347826086956,12.0,2018.0,65,23,42300,3,0
CustomerId_1114,52925.0,928.5087719298245,57,963.8325492311376,59075,1036.4035087719299,2000,0.43859649122807015,0.5614035087719298,3,2,3,0,airtime,ChannelId_3,4,10.75438596491228,13.789473684210526,6.017543859649122,2018.561403508772,1,57,59075,2,0
CustomerId_1116,5960.0,745.0,8,1039.2717230280607,8040,1005.0,2000,0.375,0.625,2,2,3,0,airtime,ChannelId_3,2,17.375,14.0,1.25,2019.0,5,8,8040,0,1
CustomerId_1117,4000.0,4000.0,1,0.0,4000,4000.0,4000,0.0,1.0,1,1,1,0,financial_services,ChannelId_3,2,7.0,2.0,12.0,2018.0,74,1,4000,3,0
CustomerId_1118,70000.0,2916.6666666666665,24,6412.736421045005,142000,5916.666666666667,11000,0.3333333333333333,0.6666666666666666,2,2,5,0,airtime,ChannelId_3,2,12.375,10.625,1.5416666666666667,2019.0,1,24,142000,2,0
CustomerId_1119,5450.0,778.5714285714286,7,410.13934914158835,5550,792.8571428571429,1000,0.14285714285714285,0.8571428571428571,2,2,3,0,airtime,ChannelId_3,2,9.285714285714286,11.285714285714286,1.0,2019.0,27,7,5550,0,1
CustomerId_1120,1960.0,980.0,2,1442.497833620557,2040,1020.0,2000,0.5,0.5,2,2,2,0,airtime,ChannelId_2,2,3.0,13.0,12.0,2018.0,63,2,2040,3,0
CustomerId_1121,12097.02,1728.1457142857143,7,2428.372158867315,14781,2111.5714285714284,5000,0.42857142857142855,0.5714285714285714,2,2,3,0,airtime,ChannelId_3,2,17.714285714285715,26.857142857142858,1.0,2019.0,16,7,14781,0,1
CustomerId_1122,1850000.0,1850000.0,1,0.0,1850000,1850000.0,1850000,0.0,1.0,1,1,1,1,financial_services,ChannelId_3,2,5.0,11.0,12.0,2018.0,65,1,1850000,2,1
CustomerId_1123,1000.0,1000.0,1,0.0,1000,1000.0,1000,0.0,1.0,1,1,1,0,airtime,ChannelId_3,4,2.0,29.0,12.0,2018.0,47,1,1000,0,1
CustomerId_1124,19000.0,3166.6666666666665,6,7626.707459098367,41000,6833.333333333333,10000,0.5,0.5,2,2,3,0,airtime,ChannelId_2,2,14.166666666666666,11.0,1.0,2019.0,33,6,41000,2,0
CustomerId_1125,5000.0,5000.0,1,0.0,5000,5000.0,5000,0.0,1.0,1,1,1,0,financial_services,ChannelId_3,2,6.0,13.0,1.0,2019.0,32,1,5000,0,1
CustomerId_1127,92135.0,2490.135135135135,37,2946.553053637062,95465,2580.135135135135,10000,0.32432432432432434,0.6756756756756757,3,2,4,0,financial_services,ChannelId_3,2,13.054054054054054,14.135135135135135,3.5945945945945947,2018.7837837837837,5,37,95465,2,0
CustomerId_1129,1000.0,500.0,2,0.0,1000,500.0,500,0.0,1.0,2,1,1,0,airtime,ChannelId_3,2,9.0,15.5,11.5,2018.0,75,2,1000,3,0
CustomerId_1130,3960.0,990.0,4,1833.1393836803572,6040,1510.0,3000,0.5,0.5,2,2,2,0,airtime,ChannelId_2,2,19.0,27.0,11.0,2018.0,78,4,6040,3,0
CustomerId_1131,16550.0,1504.5454545454545,11,2194.9321795279398,20170,1833.6363636363637,5000,0.45454545454545453,0.5454545454545454,3,2,3,0,financial_services,ChannelId_3,2,10.909090909090908,16.0,6.181818181818182,2018.5454545454545,2,11,20170,2,0
CustomerId_1134,3380.0,375.55555555555554,9,430.80915470516385,3620,402.22222222222223,1000,0.4444444444444444,0.5555555555555556,2,2,2,0,airtime,ChannelId_3,4,16.77777777777778,19.444444444444443,9.0,2018.2222222222222,1,9,3620,0,1
CustomerId_1135,71000.0,5071.428571428572,14,10547.561043011032,75000,5357.142857142857,40000,0.42857142857142855,0.5714285714285714,2,2,4,0,airtime,ChannelId_3,2,9.571428571428571,16.714285714285715,8.857142857142858,2018.2857142857142,24,14,75000,2,0
CustomerId_1137,80000.0,4000.0,20,8911.199340392432,161400,8070.0,20700,0.5,0.5,2,2,4,0,airtime,ChannelId_2,2,11.55,24.95,11.25,2018.0,54,20,161400,3,0
CustomerId_1140,3750.0,1250.0,3,3269.174207655505,6250,2083.3333333333335,5000,0.6666666666666666,0.3333333333333333,2,2,2,0,financial_services,ChannelId_2,2,21.0,30.0,12.0,2018.0,45,3,6250,0,1
CustomerId_1141,145465.0,2968.673469387755,49,5077.606347925152,227335,4639.489795918367,10000,0.2653061224489796,0.7346938775510204,2,2,5,0,airtime,ChannelId_3,2,11.10204081632653,13.10204081632653,8.408163265306122,2018.3061224489795,9,49,227335,2,0
CustomerId_1145,9500.0,2375.0,4,1887.4586088176875,9500,2375.0,5000,0.0,1.0,1,1,2,0,financial_services,ChannelId_3,2,11.75,24.25,9.25,2018.25,39,4,9500,0,1
CustomerId_1146,19000.0,3166.6666666666665,6,7626.707459098367,41000,6833.333333333333,10000,0.5,0.5,2,2,3,0,airtime,ChannelId_2,2,14.0,28.0,12.0,2018.0,47,6,41000,3,0
CustomerId_1147,80000.0,4444.444444444444,18,5843.268849682788,112000,6222.222222222223,10000,0.2222222222222222,0.7777777777777778,2,2,3,0,airtime,ChannelId_3,2,10.0,11.38888888888889,1.2222222222222223,2019.0,12,18,112000,2,0
CustomerId_1150,2000.0,1000.0,2,0.0,2000,1000.0,1000,0.0,1.0,1,1,1,0,airtime,ChannelId_3,0,18.0,1.0,12.0,2018.0,74,2,2000,3,0
CustomerId_1153,3000.0,3000.0,1,0.0,3000,3000.0,3000,0.0,1.0,1,1,1,0,financial_services,ChannelId_3,2,12.0,17.0,12.0,2018.0,58,1,3000,3,0
CustomerId_1154,5475.0,608.3333333333334,9,846.869234297716,5725,636.1111111111111,2500,0.2222222222222222,0.7777777777777778,3,2,4,0,airtime,ChannelId_3,2,14.0,14.333333333333334,4.0,2018.7777777777778,1,9,5725,0,1
CustomerId_1156,1488224.0,4044.086956521739,368,8121.07295048366,1683725,4575.339673913043,49267,0.29347826086956524,0.7065217391304348,4,3,4,0,financial_services,ChannelId_3,2,12.141304347826088,15.603260869565217,6.807065217391305,2018.4728260869565,2,368,1683725,2,0
CustomerId_1158,30000.0,3750.0,8,7094.061903149301,51400,6425.0,10700,0.5,0.5,2,2,3,0,airtime,ChannelId_2,2,14.0,16.0,11.0,2018.0,89,8,51400,3,0
CustomerId_1159,20000.0,4000.0,5,6745.368781616021,32000,6400.0,10000,0.4,0.6,2,2,3,0,financial_services,ChannelId_3,2,14.0,8.0,2.0,2019.0,5,5,32000,2,0
CustomerId_1160,48890.0,3259.3333333333335,15,6929.972651632974,102000,6800.0,11000,0.4,0.6,3,2,4,0,airtime,ChannelId_3,2,13.466666666666667,13.066666666666666,1.6,2019.0,1,15,102000,2,0
CustomerId_1161,2500.0,2500.0,1,0.0,2500,2500.0,2500,0.0,1.0,1,1,1,0,financial_services,ChannelId_3,2,17.0,19.0,1.0,2019.0,25,1,2500,0,1
CustomerId_1162,4465.0,637.8571428571429,7,1176.4277040503353,6735,962.1428571428571,2300,0.42857142857142855,0.5714285714285714,2,2,3,0,financial_services,ChannelId_3,2,13.285714285714286,7.428571428571429,2.0,2019.0,6,7,6735,0,1
CustomerId_1163,50000.0,3571.4285714285716,14,7303.4689936125105,102000,7285.714285714285,11000,0.42857142857142855,0.5714285714285714,2,2,4,0,airtime,ChannelId_3,2,11.214285714285714,13.5,1.5714285714285714,2019.0,1,14,102000,2,0
CustomerId_1164,19000.0,3166.6666666666665,6,7626.707459098367,41000,6833.333333333333,10000,0.5,0.5,2,2,3,0,airtime,ChannelId_2,2,18.0,7.0,12.0,2018.0,68,6,41000,3,0
CustomerId_1165,54000.0,10800.0,5,14515.508947329405,66000,13200.0,30000,0.4,0.6,2,2,3,0,financial_services,ChannelId_3,2,9.4,5.4,1.0,2019.0,36,5,66000,2,0
CustomerId_1169,-50.0,-16.666666666666668,3,1000.4165798972613,2050,683.3333333333334,1000,0.6666666666666666,0.3333333333333333,2,2,2,0,financial_services,ChannelId_2,2,7.666666666666667,9.0,2.0,2019.0,5,3,2050,0,1
CustomerId_1170,107074.0,5948.555555555556,18,14101.364348768951,159334,8851.888888888889,59538,0.4444444444444444,0.5555555555555556,3,2,4,0,utility_bill,ChannelId_3,2,12.222222222222221,13.944444444444445,10.222222222222221,2018.111111111111,10,18,159334,2,0
CustomerId_1171,3925.0,654.1666666666666,6,1373.9010760119036,7075,1179.1666666666667,2500,0.5,0.5,3,3,3,0,financial_services,ChannelId_3,2,9.333333333333334,21.0,12.0,2018.0,45,6,7075,0,1
CustomerId_1172,235759.7,2806.6630952380956,84,4417.996239581807,248611,2959.654761904762,19500,0.38095238095238093,0.6190476190476191,5,2,3,0,financial_services,ChannelId_3,2,11.392857142857142,20.607142857142858,1.0,2019.0,14,84,248611,2,0
CustomerId_1174,1000.0,1000.0,1,0.0,1000,1000.0,1000,0.0,1.0,1,1,1,0,airtime,ChannelId_3,4,21.0,15.0,11.0,2018.0,90,1,1000,3,0
CustomerId_1175,8942702.5,37106.64937759336,241,359409.4007452866,9072498,37645.21991701245,5000000,0.35684647302904565,0.6431535269709544,5,3,5,2,financial_services,ChannelId_3,2,9.900414937759336,12.066390041493776,1.6348547717842323,2019.0,1,241,9072498,2,1
CustomerId_1177,28878.0,7219.5,4,12439.0,28878,7219.5,25878,0.0,1.0,1,1,1,0,financial_services,ChannelId_3,2,19.0,9.0,2.0,2019.0,4,4,28878,2,0
CustomerId_1179,900.0,300.0,3,1539.4804318340653,3100,1033.3333333333333,2000,0.6666666666666666,0.3333333333333333,2,2,2,0,financial_services,ChannelId_2,2,11.0,23.0,1.0,2019.0,21,3,3100,0,1
CustomerId_1180,143406.0,2140.3880597014927,67,3254.1012488914794,154554,2306.776119402985,11000,0.19402985074626866,0.8059701492537313,4,2,4,0,airtime,ChannelId_3,2,13.552238805970148,19.507462686567163,9.805970149253731,2018.1791044776119,12,67,154554,2,0
CustomerId_1182,10000.0,2500.0,4,6757.711644237764,22000,5500.0,10000,0.5,0.5,2,2,3,0,airtime,ChannelId_2,2,9.0,8.0,2.0,2019.0,6,4,22000,2,0
CustomerId_1183,45075.0,2504.1666666666665,18,5054.265016096918,66965,3720.277777777778,11200,0.3333333333333333,0.6666666666666666,4,2,4,0,airtime,ChannelId_3,2,11.88888888888889,19.11111111111111,6.666666666666667,2018.4444444444443,20,18,66965,2,0
CustomerId_1184,1000.0,1000.0,1,0.0,1000,1000.0,1000,0.0,1.0,1,1,1,0,financial_services,ChannelId_3,2,6.0,1.0,12.0,2018.0,75,1,1000,3,0
CustomerId_1186,5900.0,1475.0,4,2665.0515942472857,8100,2025.0,5000,0.5,0.5,2,2,3,0,financial_services,ChannelId_2,2,17.0,28.0,11.0,2018.0,77,4,8100,3,0
CustomerId_1187,39000.0,5571.428571428572,7,9431.456989902512,61000,8714.285714285714,20000,0.42857142857142855,0.5714285714285714,2,2,3,0,financial_services,ChannelId_3,2,5.0,21.0,12.0,2018.0,55,7,61000,3,0
CustomerId_1189,3000.0,1500.0,2,707.1067811865476,3000,1500.0,2000,0.0,1.0,1,1,1,0,financial_services,ChannelId_3,2,6.0,7.0,1.0,2019.0,38,2,3000,0,1
CustomerId_1190,80000.0,5333.333333333333,15,6183.695920571712,112000,7466.666666666667,10000,0.26666666666666666,0.7333333333333333,2,2,3,0,financial_services,ChannelId_3,2,13.2,17.533333333333335,7.733333333333333,2018.4,12,15,112000,2,0
CustomerId_1191,20500.0,3416.6666666666665,6,6200.134407145273,32500,5416.666666666667,10000,0.3333333333333333,0.6666666666666666,2,2,3,0,airtime,ChannelId_3,2,14.333333333333334,8.0,2.0,2019.0,5,6,32500,2,0
CustomerId_1192,41565.0,1889.3181818181818,22,3086.743659222275,43635,1983.409090909091,10000,0.45454545454545453,0.5454545454545454,3,2,4,0,airtime,ChannelId_3,2,11.772727272727273,20.227272727272727,6.2272727272727275,2018.5454545454545,5,22,43635,2,0
CustomerId_1193,9000.0,2250.0,4,6601.767440112787,21000,5250.0,10000,0.5,0.5,2,2,3,0,airtime,ChannelId_2,2,11.0,21.0,12.0,2018.0,54,4,21000,3,0
CustomerId_1194,9000.0,2250.0,4,6601.767440112787,21000,5250.0,10000,0.5,0.5,2,2,3,0,airtime,ChannelId_2,2,8.0,21.0,12.0,2018.0,55,4,21000,3,0
CustomerId_1195,19000.0,3166.6666666666665,6,6047.037842337905,31000,5166.666666666667,10000,0.3333333333333333,0.6666666666666666,2,2,3,0,airtime,ChannelId_3,2,10.666666666666666,21.0,12.0,2018.0,54,6,31000,3,0
CustomerId_1196,19000.0,3166.6666666666665,6,6266.31204670392,32000,5333.333333333333,10000,0.5,0.5,2,2,3,0,airtime,ChannelId_2,2,7.0,28.0,12.0,2018.0,48,6,32000,3,0
CustomerId_1197,9000.0,2250.0,4,6601.767440112787,21000,5250.0,10000,0.5,0.5,2,2,3,0,airtime,ChannelId_2,2,9.0,21.0,12.0,2018.0,55,4,21000,3,0
CustomerId_1198,9000.0,2250.0,4,6601.767440112787,21000,5250.0,10000,0.5,0.5,2,2,3,0,airtime,ChannelId_2,2,8.0,21.0,12.0,2018.0,55,4,21000,3,0
CustomerId_12,-10000.0,-10000.0,1,0.0,10000,10000.0,10000,1.0,0.0,1,1,1,0,airtime,ChannelId_2,4,16.0,21.0,11.0,2018.0,84,1,10000,3,0
CustomerId_1200,9000.0,2250.0,4,6601.767440112787,21000,5250.0,10000,0.5,0.5,2,2,3,0,airtime,ChannelId_2,2,7.0,28.0,12.0,2018.0,48,4,21000,3,0
CustomerId_1201,542517.5,3135.9393063583816,173,8880.120804886395,752354,4348.867052023122,88966,0.3179190751445087,0.6820809248554913,4,2,3,0,airtime,ChannelId_3,2,11.520231213872833,18.01156069364162,8.635838150289016,2018.2947976878613,2,173,752354,2,0
CustomerId_1202,130000.0,4482.758620689655,29,6598.813148996527,202000,6965.517241379311,11000,0.27586206896551724,0.7241379310344828,2,2,4,0,airtime,ChannelId_3,2,10.172413793103448,13.89655172413793,1.4827586206896552,2019.0,1,29,202000,2,0
CustomerId_1203,38530.0,856.2222222222222,45,1996.2786844172297,50270,1117.111111111111,12000,0.35555555555555557,0.6444444444444445,2,2,4,0,airtime,ChannelId_3,2,13.066666666666666,15.644444444444444,8.644444444444444,2018.2888888888888,1,45,50270,2,0
CustomerId_1204,9000.0,2250.0,4,6601.767440112787,21000,5250.0,10000,0.5,0.5,2,2,3,0,airtime,ChannelId_2,2,12.0,28.0,12.0,2018.0,47,4,21000,3,0
CustomerId_1208,19770.0,2196.6666666666665,9,3365.0334322261942,20230,2247.777777777778,10000,0.4444444444444444,0.5555555555555556,3,2,3,0,financial_services,ChannelId_3,2,12.555555555555555,18.333333333333332,11.0,2018.0,85,9,20230,3,0
CustomerId_1209,30000.0,5000.0,6,6511.528238439882,42000,7000.0,10000,0.3333333333333333,0.6666666666666666,2,2,3,0,financial_services,ChannelId_3,2,7.0,25.0,1.0,2019.0,20,6,42000,2,0
CustomerId_1210,25000.0,8333.333333333334,3,25181.01136438593,50455,16818.333333333332,37595,0.3333333333333333,0.6666666666666666,2,2,3,0,tv,ChannelId_3,2,9.666666666666666,28.0,11.0,2018.0,77,3,50455,3,0
CustomerId_1211,200000.0,100000.0,2,0.0,200000,100000.0,100000,0.0,1.0,1,1,1,0,financial_services,ChannelId_3,2,7.0,21.0,11.0,2018.0,85,2,200000,3,0
CustomerId_1212,39000.0,2294.1176470588234,17,4928.992111506582,43000,2529.4117647058824,20000,0.47058823529411764,0.5294117647058824,2,2,3,0,financial_services,ChannelId_3,2,10.882352941176471,13.705882352941176,12.0,2018.0,51,17,43000,3,0
CustomerId_1214,104825.0,2382.3863636363635,44,5690.768175619785,108175,2458.5227272727275,26500,0.36363636363636365,0.6363636363636364,2,2,3,0,financial_services,ChannelId_3,2,12.295454545454545,15.886363636363637,1.2045454545454546,2019.0,7,44,108175,2,0
CustomerId_1215,1000.0,1000.0,1,0.0,1000,1000.0,1000,0.0,1.0,1,1,1,0,airtime,ChannelId_3,2,16.0,1.0,12.0,2018.0,74,1,1000,3,0
CustomerId_1217,29000.0,3222.222222222222,9,6255.553088612104,52000,5777.777777777777,10000,0.4444444444444444,0.5555555555555556,2,2,3,0,airtime,ChannelId_3,2,6.666666666666667,24.88888888888889,12.0,2018.0,48,9,52000,3,0
CustomerId_1218,139055.0,1931.3194444444443,72,1964.8128235863244,141945,1971.4583333333333,5000,0.2638888888888889,0.7361111111111112,2,2,4,0,airtime,ChannelId_3,2,14.88888888888889,11.25,2.7916666666666665,2018.875,1,72,141945,2,0
CustomerId_1219,3850.0,641.6666666666666,6,841.080654079421,4150,691.6666666666666,2000,0.5,0.5,2,2,3,0,financial_services,ChannelId_2,2,13.333333333333334,15.333333333333334,1.0,2019.0,26,6,4150,0,1
CustomerId_1220,40000.0,3076.923076923077,13,5488.040610599537,62000,4769.2307692307695,10000,0.23076923076923078,0.7692307692307693,2,2,3,0,airtime,ChannelId_3,2,12.538461538461538,18.53846153846154,1.0,2019.0,19,13,62000,2,0
CustomerId_1221,20000.0,4000.0,5,6745.368781616021,32000,6400.0,10000,0.4,0.6,2,2,3,0,financial_services,ChannelId_3,2,9.0,8.0,2.0,2019.0,6,5,32000,2,0
CustomerId_1222,82980.0,1844.0,45,7714.81533685792,87130,1936.2222222222222,52000,0.4,0.6,4,2,3,0,financial_services,ChannelId_3,2,13.022222222222222,14.88888888888889,1.1333333333333333,2019.0,10,45,87130,2,0
CustomerId_1223,21500.0,7166.666666666667,3,11116.804097101529,21500,7166.666666666667,20000,0.0,1.0,1,1,1,0,financial_services,ChannelId_3,2,8.666666666666666,8.333333333333334,5.333333333333333,2018.6666666666667,4,3,21500,2,0
CustomerId_1224,10000.0,10000.0,1,0.0,10000,10000.0,10000,0.0,1.0,1,1,1,0,financial_services,ChannelId_3,2,7.0,8.0,2.0,2019.0,6,1,10000,0,1
CustomerId_1225,1000.0,1000.0,1,0.0,1000,1000.0,1000,0.0,1.0,1,1,1,0,financial_services,ChannelId_3,2,22.0,4.0,2.0,2019.0,9,1,1000,0,1
CustomerId_1226,10700.0,1337.5,8,2290.4693842092715,13300,1662.5,6000,0.5,0.5,2,2,3,0,financial_services,ChannelId_2,2,11.875,18.125,9.25,2018.25,44,8,13300,3,0
CustomerId_1227,73233.6,2816.6769230769232,26,3686.5900224796023,86427,3324.1153846153848,10000,0.2692307692307692,0.7307692307692307,2,2,4,0,financial_services,ChannelId_3,2,9.961538461538462,15.576923076923077,8.576923076923077,2018.3076923076924,14,26,86427,2,0
CustomerId_1228,20000.0,4000.0,5,6745.368781616021,32000,6400.0,10000,0.4,0.6,2,2,3,0,financial_services,ChannelId_3,2,17.0,1.0,2.0,2019.0,12,5,32000,2,0
CustomerId_1229,-50.0,-16.666666666666668,3,1000.4165798972613,2050,683.3333333333334,1000,0.6666666666666666,0.3333333333333333,2,2,2,0,financial_services,ChannelId_2,2,10.0,28.0,1.0,2019.0,16,3,2050,0,1
CustomerId_1231,2000.0,2000.0,1,0.0,2000,2000.0,2000,0.0,1.0,1,1,1,0,airtime,ChannelId_3,4,8.0,8.0,1.0,2019.0,37,1,2000,0,1
CustomerId_1232,5000.0,5000.0,1,0.0,5000,5000.0,5000,0.0,1.0,1,1,1,0,financial_services,ChannelId_3,2,8.0,29.0,1.0,2019.0,16,1,5000,0,1
CustomerId_1233,1000.0,1000.0,1,0.0,1000,1000.0,1000,0.0,1.0,1,1,1,0,airtime,ChannelId_3,4,13.0,16.0,1.0,2019.0,28,1,1000,0,1
CustomerId_1234,40000.0,3333.3333333333335,12,7270.404932243312,81400,6783.333333333333,10700,0.5,0.5,2,2,3,0,airtime,ChannelId_2,2,13.333333333333334,22.166666666666668,11.416666666666666,2018.0,54,12,81400,3,0
CustomerId_1235,19000.0,3166.6666666666665,6,6104.643041707408,31000,5166.666666666667,10000,0.3333333333333333,0.6666666666666666,2,2,3,0,airtime,ChannelId_3,2,13.0,28.0,12.0,2018.0,47,6,31000,3,0
CustomerId_1236,8765.0,1095.625,8,2169.185886620666,11235,1404.375,5000,0.5,0.5,2,2,3,0,financial_services,ChannelId_2,2,7.25,31.0,12.0,2018.0,45,8,11235,3,0
CustomerId_1237,1000.0,1000.0,1,0.0,1000,1000.0,1000,0.0,1.0,1,1,1,0,airtime,ChannelId_3,2,7.0,16.0,1.0,2019.0,29,1,1000,0,1
CustomerId_1238,20000.0,4000.0,5,6745.368781616021,32000,6400.0,10000,0.4,0.6,2,2,3,0,financial_services,ChannelId_3,2,19.0,8.0,2.0,2019.0,5,5,32000,2,0
CustomerId_1240,34000.0,5666.666666666667,6,7527.72652709081,46000,7666.666666666667,15000,0.3333333333333333,0.6666666666666666,2,2,3,0,airtime,ChannelId_3,2,16.0,28.333333333333332,12.0,2018.0,45,6,46000,3,0
CustomerId_1241,30000.0,4285.714285714285,7,6102.302453836194,42000,6000.0,10000,0.2857142857142857,0.7142857142857143,2,2,3,0,financial_services,ChannelId_3,2,15.0,18.0,1.0,2019.0,26,7,42000,2,0
CustomerId_1242,842504.0,5542.789473684211,152,9263.462969135824,1203810,7919.8026315789475,31000,0.34210526315789475,0.6578947368421053,4,2,5,0,financial_services,ChannelId_3,2,8.519736842105264,15.217105263157896,8.177631578947368,2018.3355263157894,6,152,1203810,2,0
CustomerId_1244,5000.0,5000.0,1,0.0,5000,5000.0,5000,0.0,1.0,1,1,1,0,financial_services,ChannelId_3,2,8.0,18.0,11.0,2018.0,88,1,5000,3,0
CustomerId_1245,135000.0,4655.172413793103,29,6136.98310054335,199250,6870.689655172414,15000,0.2413793103448276,0.7586206896551724,3,2,3,0,airtime,ChannelId_3,2,15.137931034482758,12.0,4.0344827586206895,2018.7586206896551,5,29,199250,2,0
CustomerId_1246,79000.0,4157.894736842105,19,6048.536626460769,121000,6368.421052631579,10000,0.2631578947368421,0.7368421052631579,2,2,3,0,airtime,ChannelId_3,2,14.421052631578947,12.473684210526315,6.2105263157894735,2018.5263157894738,26,19,121000,2,0
CustomerId_1247,60000.0,4615.384615384615,13,9197.26826779254,112000,8615.384615384615,21000,0.46153846153846156,0.5384615384615384,2,2,4,0,airtime,ChannelId_3,2,13.615384615384615,14.076923076923077,1.5384615384615385,2019.0,1,13,112000,2,0
CustomerId_1250,661899.15,2424.539010989011,273,4614.518775738537,699514,2562.322344322344,39000,0.41025641025641024,0.5897435897435898,5,2,4,0,financial_services,ChannelId_3,2,12.527472527472527,16.32234432234432,9.758241758241759,2018.2087912087911,4,273,699514,2,0
CustomerId_1252,80000.0,4210.526315789473,19,6058.317949255305,122000,6421.0526315789475,10000,0.2631578947368421,0.7368421052631579,2,2,3,0,airtime,ChannelId_3,2,7.947368421052632,13.31578947368421,1.2105263157894737,2019.0,13,19,122000,2,0
CustomerId_1253,20000.0,4000.0,5,6745.368781616021,32000,6400.0,10000,0.4,0.6,2,2,3,0,financial_services,ChannelId_3,2,8.0,1.0,2.0,2019.0,13,5,32000,2,0
CustomerId_1256,20000.0,3333.3333333333335,6,7814.516406449389,42000,7000.0,11000,0.5,0.5,2,2,3,0,airtime,ChannelId_2,2,17.0,11.0,1.0,2019.0,33,6,42000,2,0
CustomerId_1257,17025.0,1418.75,12,1903.8359901190877,17395,1449.5833333333333,5000,0.4166666666666667,0.5833333333333334,3,2,3,0,financial_services,ChannelId_3,2,10.5,11.333333333333334,10.333333333333334,2018.1666666666667,13,12,17395,0,1
CustomerId_1258,30000.0,4285.714285714285,7,6163.448323633065,42000,6000.0,10000,0.2857142857142857,0.7142857142857143,2,2,3,0,financial_services,ChannelId_3,2,18.0,1.0,2.0,2019.0,12,7,42000,2,0
CustomerId_1259,17213.5,1075.84375,16,1617.5299246974278,17787,1111.6875,5000,0.375,0.625,2,2,3,0,airtime,ChannelId_3,2,12.9375,15.5,11.5625,2018.0,69,16,17787,3,0
CustomerId_1260,40000.0,4444.444444444444,9,6463.573143221772,62000,6888.888888888889,10000,0.3333333333333333,0.6666666666666666,2,2,3,0,financial_services,ChannelId_3,2,7.666666666666667,4.111111111111111,2.0,2019.0,6,9,62000,2,0
CustomerId_1262,10040.0,1115.5555555555557,9,791.5034919555173,10160,1128.888888888889,2000,0.2222222222222222,0.7777777777777778,2,2,3,0,financial_services,ChannelId_3,2,13.777777777777779,22.0,4.666666666666667,2018.6666666666667,26,9,10160,0,1
CustomerId_1263,19000.0,3800.0,5,6685.805860178712,31000,6200.0,10000,0.4,0.6,2,2,3,0,financial_services,ChannelId_3,2,15.0,21.0,12.0,2018.0,54,5,31000,3,0
CustomerId_1265,250500.0,2582.4742268041236,97,4735.234238514465,278900,2875.257731958763,24000,0.32989690721649484,0.6701030927835051,2,2,4,0,financial_services,ChannelId_3,2,11.103092783505154,17.371134020618555,11.422680412371134,2018.0309278350514,22,97,278900,2,0
CustomerId_1266,9470.0,473.5,20,476.74085424396253,10120,506.0,1195,0.4,0.6,2,2,3,0,airtime,ChannelId_3,2,12.4,20.85,11.3,2018.05,16,20,10120,0,1
CustomerId_1267,-20.0,-6.666666666666667,3,1000.0666644445926,2020,673.3333333333334,1000,0.6666666666666666,0.3333333333333333,2,2,2,0,financial_services,ChannelId_2,2,19.0,19.0,1.0,2019.0,25,3,2020,0,1
CustomerId_1268,1000000.0,1000000.0,1,0.0,1000000,1000000.0,1000000,0.0,1.0,1,1,1,0,financial_services,ChannelId_3,2,10.0,28.0,1.0,2019.0,16,1,1000000,2,0
CustomerId_1269,2000.0,666.6666666666666,3,3785.9388972001825,10000,3333.3333333333335,7000,0.6666666666666666,0.3333333333333333,2,2,2,0,financial_services,ChannelId_2,2,9.0,30.0,11.0,2018.0,76,3,10000,3,0
CustomerId_1270,50904.0,1542.5454545454545,33,1915.43306282987,56046,1698.3636363636363,5750,0.3333333333333333,0.6666666666666666,3,2,4,0,financial_services,ChannelId_3,2,11.333333333333334,13.151515151515152,3.3636363636363638,2018.8181818181818,10,33,56046,2,0
CustomerId_1271,5550.0,925.0,6,503.7360419902471,5650,941.6666666666666,1400,0.16666666666666666,0.8333333333333334,2,2,4,0,financial_services,ChannelId_3,2,13.166666666666666,22.0,1.0,2019.0,18,6,5650,0,1
CustomerId_1272,4500.0,1500.0,3,866.0254037844386,4500,1500.0,2000,0.0,1.0,2,1,1,0,financial_services,ChannelId_3,2,12.333333333333334,11.666666666666666,12.0,2018.0,54,3,4500,3,0
CustomerId_1273,19000.0,3166.6666666666665,6,7626.707459098367,41000,6833.333333333333,10000,0.5,0.5,2,2,3,0,airtime,ChannelId_2,2,19.0,7.0,12.0,2018.0,68,6,41000,3,0
CustomerId_1274,5000.0,5000.0,1,0.0,5000,5000.0,5000,0.0,1.0,1,1,1,0,financial_services,ChannelId_3,2,7.0,1.0,1.0,2019.0,44,1,5000,0,1
CustomerId_1275,712156.5,2814.8478260869565,253,9503.242723171974,752744,2975.2727272727275,50000,0.43478260869565216,0.5652173913043478,5,2,3,0,financial_services,ChannelId_3,2,11.944664031620553,17.387351778656125,1.482213438735178,2019.0,1,253,752744,2,0
CustomerId_1276,581500.0,6761.627906976744,86,21603.4755842374,951000,11058.139534883721,120000,0.47674418604651164,0.5232558139534884,3,2,4,0,financial_services,ChannelId_3,2,9.813953488372093,13.779069767441861,11.593023255813954,2018.0348837209303,6,86,951000,2,0
CustomerId_1277,160910.0,2681.8333333333335,60,7224.056208761435,177990,2966.5,35000,0.4,0.6,4,2,4,0,financial_services,ChannelId_3,2,12.75,13.866666666666667,1.4666666666666666,2019.0,2,60,177990,2,0
CustomerId_1279,29000.0,4142.857142857143,7,7425.823667638301,51000,7285.714285714285,10000,0.42857142857142855,0.5714285714285714,2,2,3,0,airtime,ChannelId_3,2,19.142857142857142,21.0,12.0,2018.0,54,7,51000,3,0
CustomerId_1280,105203.0,2390.9772727272725,44,3286.966782214027,118447,2691.9772727272725,15000,0.36363636363636365,0.6363636363636364,3,2,3,0,airtime,ChannelId_3,1,10.840909090909092,20.5,9.5,2018.2272727272727,22,44,118447,2,0
CustomerId_1281,180000.0,6000.0,30,9098.806287753849,271800,9060.0,20700,0.4,0.6,2,2,4,0,financial_services,ChannelId_3,2,10.6,17.033333333333335,9.4,2018.2,5,30,271800,2,0
CustomerId_1282,10000.0,10000.0,1,0.0,10000,10000.0,10000,0.0,1.0,1,1,1,0,airtime,ChannelId_3,4,13.0,31.0,1.0,2019.0,13,1,10000,0,1
CustomerId_1283,17905.0,942.3684210526316,19,382.45685457844144,18095,952.3684210526316,1500,0.10526315789473684,0.8947368421052632,2,2,4,0,airtime,ChannelId_3,2,8.578947368421053,18.0,11.0,2018.0,75,19,18095,3,0
CustomerId_1285,2950.0,737.5,4,525.0,3050,762.5,1000,0.25,0.75,2,2,3,0,airtime,ChannelId_3,2,18.25,28.25,11.0,2018.0,76,4,3050,3,0
CustomerId_1286,74269.0,2652.464285714286,28,3371.4044631626152,81152,2898.285714285714,11000,0.2857142857142857,0.7142857142857143,4,2,4,0,financial_services,ChannelId_3,2,13.357142857142858,23.571428571428573,7.285714285714286,2018.4285714285713,17,28,81152,2,0
CustomerId_1287,29000.0,4142.857142857143,7,7425.823667638301,51000,7285.714285714285,10000,0.42857142857142855,0.5714285714285714,2,2,3,0,airtime,ChannelId_3,2,6.0,14.0,12.0,2018.0,62,7,51000,3,0
CustomerId_1288,16370.0,1169.2857142857142,14,837.3260029193141,16630,1187.857142857143,2000,0.21428571428571427,0.7857142857142857,2,2,4,0,financial_services,ChannelId_3,2,11.071428571428571,14.428571428571429,1.5714285714285714,2019.0,2,14,16630,2,0
CustomerId_1294,64178.0,5348.166666666667,12,6787.470031185584,71489,5957.416666666667,20000,0.3333333333333333,0.6666666666666666,3,2,3,0,financial_services,ChannelId_3,2,11.416666666666666,12.583333333333334,11.166666666666666,2018.0833333333333,5,12,71489,2,0
CustomerId_1295,92150.0,6143.333333333333,15,6625.676964514286,103850,6923.333333333333,17000,0.3333333333333333,0.6666666666666666,3,2,3,0,financial_services,ChannelId_3,2,8.466666666666667,18.933333333333334,11.066666666666666,2018.0,62,15,103850,3,0
CustomerId_1296,-525.0,-175.0,3,761.1668673819164,1525,508.3333333333333,1000,0.6666666666666666,0.3333333333333333,2,2,2,0,financial_services,ChannelId_2,2,10.0,23.0,12.0,2018.0,52,3,1525,0,1
CustomerId_1297,5000.0,5000.0,1,0.0,5000,5000.0,5000,0.0,1.0,1,1,1,0,financial_services,ChannelId_3,2,10.0,10.0,12.0,2018.0,65,1,5000,3,0
CustomerId_1298,407980.0,20399.0,20,43873.992044202416,430020,21501.0,160000,0.2,0.8,3,2,3,0,airtime,ChannelId_3,2,10.15,14.35,8.15,2018.35,29,20,430020,2,0
CustomerId_1299,216780.0,6021.666666666667,36,14360.298743410596,241220,6700.555555555556,50000,0.5,0.5,3,2,4,0,financial_services,ChannelId_2,2,12.194444444444445,16.61111111111111,10.444444444444445,2018.111111111111,29,36,241220,2,0
CustomerId_13,-10000.0,-10000.0,1,0.0,10000,10000.0,10000,1.0,0.0,1,1,1,0,airtime,ChannelId_2,4,16.0,21.0,11.0,2018.0,84,1,10000,3,0
CustomerId_1300,20000.0,3333.3333333333335,6,6088.2400303098,32000,5333.333333333333,10000,0.3333333333333333,0.6666666666666666,2,2,3,0,airtime,ChannelId_3,2,6.0,25.0,1.0,2019.0,20,6,32000,2,0
CustomerId_1301,90000.0,5000.0,18,6240.28656958863,132000,7333.333333333333,10000,0.2777777777777778,0.7222222222222222,2,2,3,0,financial_services,ChannelId_3,2,13.0,15.88888888888889,7.333333333333333,2018.4444444444443,12,18,132000,2,0
CustomerId_1302,7740285.0,430015.8333333333,18,1235636.027663308,7742715,430150.8333333333,5000000,0.2222222222222222,0.7777777777777778,3,2,4,3,financial_services,ChannelId_3,2,11.222222222222221,15.0,1.0,2019.0,25,18,7742715,2,1
CustomerId_1303,100000.0,4761.9047619047615,21,6268.211562357815,152000,7238.0952380952385,10000,0.2857142857142857,0.7142857142857143,2,2,3,0,financial_services,ChannelId_3,2,8.571428571428571,12.523809523809524,1.380952380952381,2019.0,5,21,152000,2,0
CustomerId_1304,150000.0,50000.0,3,0.0,150000,50000.0,50000,0.0,1.0,1,1,1,0,airtime,ChannelId_3,1,16.333333333333332,24.0,1.0,2019.0,20,3,150000,2,0
CustomerId_1306,61860.0,1014.0983606557377,61,1984.3446668435909,65740,1077.704918032787,10000,0.39344262295081966,0.6065573770491803,2,2,4,0,financial_services,ChannelId_3,2,9.78688524590164,6.967213114754099,12.0,2018.0,65,61,65740,3,0
CustomerId_1307,253650.0,14920.588235294117,17,32368.421430189534,256350,15079.411764705883,100000,0.23529411764705882,0.7647058823529411,2,2,4,0,airtime,ChannelId_3,1,14.588235294117647,16.294117647058822,1.0,2019.0,26,17,256350,2,0
CustomerId_1308,148558.0,9903.866666666667,15,25991.4281745421,150558,10037.2,100000,0.06666666666666667,0.9333333333333333,3,2,3,0,airtime,ChannelId_3,2,9.133333333333333,8.133333333333333,1.0,2019.0,35,15,150558,2,0
CustomerId_1310,10000.0,10000.0,1,0.0,10000,10000.0,10000,0.0,1.0,1,1,1,0,financial_services,ChannelId_3,2,6.0,1.0,2.0,2019.0,13,1,10000,0,1
CustomerId_1311,41740.0,1264.8484848484848,33,1393.6521741725078,43430,1316.060606060606,5000,0.36363636363636365,0.6363636363636364,2,2,4,0,financial_services,ChannelId_3,2,13.848484848484848,13.757575757575758,8.0,2018.3636363636363,21,33,43430,2,0
CustomerId_1312,1000.0,1000.0,1,0.0,1000,1000.0,1000,0.0,1.0,1,1,1,0,financial_services,ChannelId_3,2,12.0,25.0,1.0,2019.0,19,1,1000,0,1
CustomerId_1313,19000.0,3166.6666666666665,6,7626.707459098367,41000,6833.333333333333,10000,0.5,0.5,2,2,3,0,airtime,ChannelId_2,2,20.0,28.0,12.0,2018.0,47,6,41000,3,0
CustomerId_1316,30000.0,15000.0,2,7071.067811865475,30000,15000.0,20000,0.0,1.0,1,1,1,0,financial_services,ChannelId_3,2,7.5,19.0,1.0,2019.0,16,2,30000,2,0
CustomerId_1317,45000.0,4500.0,10,6186.903731090195,67000,6700.0,11000,0.3,0.7,2,2,3,0,airtime,ChannelId_3,2,19.0,13.2,1.5,2019.0,10,10,67000,2,0
CustomerId_1318,4986.0,712.2857142857143,7,1130.3754117232786,7066,1009.4285714285714,2000,0.42857142857142855,0.5714285714285714,2,2,3,0,financial_services,ChannelId_3,2,10.142857142857142,7.857142857142857,12.0,2018.0,65,7,7066,3,0
CustomerId_1320,10000.0,5000.0,2,0.0,14000,7000.0,7000,0.0,1.0,1,1,1,0,movies,ChannelId_3,1,14.5,26.0,11.0,2018.0,79,2,14000,3,0
CustomerId_1321,60000.0,30000.0,2,28284.2712474619,60000,30000.0,50000,0.0,1.0,2,1,1,0,airtime,ChannelId_3,2,10.5,12.0,12.0,2018.0,63,2,60000,3,0
CustomerId_1322,2950.0,491.6666666666667,6,842.8621872326856,5050,841.6666666666666,1000,0.3333333333333333,0.6666666666666666,2,2,3,0,financial_services,ChannelId_3,2,12.5,18.0,11.5,2018.0,62,6,5050,3,0
CustomerId_1323,60000.0,4000.0,15,6020.797289396148,92000,6133.333333333333,10000,0.26666666666666666,0.7333333333333333,2,2,3,0,airtime,ChannelId_3,2,12.8,12.066666666666666,1.2666666666666666,2019.0,12,15,92000,2,0
CustomerId_1324,674696.0,14993.244444444445,45,35146.98168933866,743304,16517.866666666665,160000,0.35555555555555557,0.6444444444444445,4,2,4,0,financial_services,ChannelId_3,2,11.488888888888889,14.0,5.2444444444444445,2018.6444444444444,5,45,743304,2,0
CustomerId_1325,41280.0,8256.0,5,10833.867268893413,41720,8344.0,26000,0.2,0.8,3,2,3,0,tv,ChannelId_3,2,14.6,9.2,12.0,2018.0,49,5,41720,3,0
CustomerId_1326,13000.0,4333.333333333333,3,1154.7005383792514,13000,4333.333333333333,5000,0.0,1.0,1,1,1,0,airtime,ChannelId_3,2,13.0,25.0,12.0,2018.0,47,3,13000,3,0
CustomerId_1328,1000.0,1000.0,1,0.0,1000,1000.0,1000,0.0,1.0,1,1,1,0,airtime,ChannelId_3,2,8.0,22.0,1.0,2019.0,23,1,1000,0,1
CustomerId_1329,32000.0,4571.428571428572,7,8263.517065131184,44000,6285.714285714285,20000,0.2857142857142857,0.7142857142857143,3,2,4,0,airtime,ChannelId_3,2,13.142857142857142,9.571428571428571,1.7142857142857142,2019.0,2,7,44000,2,0
CustomerId_1330,40000.0,5714.285714285715,7,9516.902257112266,62000,8857.142857142857,20000,0.42857142857142855,0.5714285714285714,2,2,3,0,financial_services,ChannelId_3,2,14.714285714285714,1.0,2.0,2019.0,12,7,62000,2,0
CustomerId_1331,66000.0,5500.0,12,5916.079783099616,88000,7333.333333333333,10000,0.25,0.75,2,2,3,0,airtime,ChannelId_3,2,11.833333333333334,26.25,5.583333333333333,2018.5833333333333,19,12,88000,2,0
CustomerId_1332,3000.0,1500.0,2,707.1067811865476,3000,1500.0,2000,0.0,1.0,2,1,2,0,airtime,ChannelId_3,2,19.0,22.0,11.0,2018.0,83,2,3000,3,0
CustomerId_1335,200848.5,1777.4203539823009,113,4404.376749004483,305442,2703.026548672566,20000,0.4424778761061947,0.5575221238938053,5,3,4,0,financial_services,ChannelId_3,2,12.256637168141593,15.300884955752212,9.513274336283185,2018.2300884955753,12,113,305442,2,0
CustomerId_1338,22000.0,11000.0,2,12727.922061357855,22000,11000.0,20000,0.0,1.0,1,1,1,0,financial_services,ChannelId_3,2,11.0,28.0,11.0,2018.0,77,2,22000,3,0
CustomerId_1339,19000.0,3800.0,5,6685.805860178712,31000,6200.0,10000,0.4,0.6,2,2,3,0,financial_services,ChannelId_3,2,13.0,28.0,12.0,2018.0,47,5,31000,3,0
CustomerId_1341,21560.0,1960.0,11,2140.1869077255847,22440,2040.0,5000,0.36363636363636365,0.6363636363636364,2,2,4,0,financial_services,ChannelId_3,2,9.090909090909092,16.363636363636363,11.454545454545455,2018.0,60,11,22440,3,0
CustomerId_1343,1000.0,1000.0,1,0.0,1000,1000.0,1000,0.0,1.0,1,1,1,0,airtime,ChannelId_3,4,8.0,24.0,12.0,2018.0,52,1,1000,0,1
CustomerId_1349,8000.0,1142.857142857143,7,377.9644730092272,8000,1142.857142857143,2000,0.0,1.0,2,1,1,0,airtime,ChannelId_3,1,6.0,22.0,12.0,2018.0,54,7,8000,3,0
CustomerId_1351,95100.0,6340.0,15,14258.721641758173,98900,6593.333333333333,50000,0.3333333333333333,0.6666666666666666,2,2,3,0,airtime,ChannelId_3,2,14.933333333333334,22.733333333333334,11.0,2018.0,80,15,98900,3,0
CustomerId_1353,2000000.0,2000000.0,1,0.0,2000000,2000000.0,2000000,0.0,1.0,1,1,1,0,financial_services,ChannelId_3,2,12.0,22.0,1.0,2019.0,22,1,2000000,2,0
CustomerId_1355,10000.0,2000.0,5,0.0,10000,2000.0,2000,0.0,1.0,2,1,1,0,financial_services,ChannelId_3,2,15.8,17.0,12.0,2018.0,58,5,10000,3,0
CustomerId_1356,5000.0,5000.0,1,0.0,5000,5000.0,5000,0.0,1.0,1,1,1,0,financial_services,ChannelId_3,2,9.0,16.0,11.0,2018.0,90,1,5000,3,0
CustomerId_1357,100.0,100.0,1,0.0,100,100.0,100,0.0,1.0,1,1,1,0,airtime,ChannelId_3,4,19.0,17.0,1.0,2019.0,27,1,100,0,1
CustomerId_1358,1950.0,325.0,6,986.6610360199697,4050,675.0,2000,0.5,0.5,2,2,3,0,financial_services,ChannelId_2,2,20.833333333333332,11.0,2.0,2019.0,2,6,4050,0,1
CustomerId_1359,40000.0,4444.444444444444,9,6463.573143221772,62000,6888.888888888889,10000,0.3333333333333333,0.6666666666666666,2,2,3,0,financial_services,ChannelId_3,2,15.666666666666666,14.333333333333334,1.4444444444444444,2019.0,12,9,62000,2,0
CustomerId_1360,10000.0,10000.0,1,0.0,10000,10000.0,10000,0.0,1.0,1,1,1,0,financial_services,ChannelId_3,2,13.0,9.0,12.0,2018.0,66,1,10000,3,0
CustomerId_1361,10500.0,1166.6666666666667,9,2260.530911091463,11500,1277.7777777777778,7000,0.4444444444444444,0.5555555555555556,2,2,2,0,airtime,ChannelId_3,4,11.0,21.333333333333332,11.0,2018.0,82,9,11500,3,0
CustomerId_1362,80000.0,4000.0,20,7156.153038874272,144000,7200.0,11000,0.45,0.55,2,2,4,0,airtime,ChannelId_3,2,10.8,9.9,1.7,2019.0,2,20,144000,2,0
CustomerId_1363,5000.0,5000.0,1,0.0,5000,5000.0,5000,0.0,1.0,1,1,1,0,financial_services,ChannelId_3,2,15.0,21.0,12.0,2018.0,54,1,5000,3,0
CustomerId_1365,18500.0,4625.0,4,6209.87117418711,21500,5375.0,10000,0.5,0.5,2,2,3,0,financial_services,ChannelId_1,2,14.5,11.5,1.0,2019.0,33,4,21500,0,1
CustomerId_1366,900.0,180.0,5,843.0599029724993,3100,620.0,1000,0.6,0.4,2,2,2,0,financial_services,ChannelId_2,2,15.0,21.4,1.0,2019.0,23,5,3100,0,1
CustomerId_1367,20000.0,3333.3333333333335,6,6088.2400303098,32000,5333.333333333333,10000,0.3333333333333333,0.6666666666666666,2,2,3,0,airtime,ChannelId_3,2,11.0,8.0,2.0,2019.0,5,6,32000,2,0
CustomerId_1369,19000.0,3166.6666666666665,6,7626.707459098367,41000,6833.333333333333,10000,0.5,0.5,2,2,3,0,airtime,ChannelId_2,2,19.0,7.0,12.0,2018.0,68,6,41000,3,0
CustomerId_1370,112850.0,16121.42857142857,7,23193.818449873972,120900,17271.428571428572,53500,0.14285714285714285,0.8571428571428571,3,2,3,0,airtime,ChannelId_3,2,13.428571428571429,11.714285714285714,11.714285714285714,2018.0,66,7,120900,3,0
CustomerId_1372,500.0,500.0,1,0.0,500,500.0,500,0.0,1.0,1,1,1,0,financial_services,ChannelId_3,2,14.0,25.0,1.0,2019.0,19,1,500,0,1
CustomerId_1373,10000.0,10000.0,1,0.0,10000,10000.0,10000,0.0,1.0,1,1,1,0,financial_services,ChannelId_3,2,10.0,5.0,1.0,2019.0,39,1,10000,0,1
CustomerId_1375,30000.0,10000.0,3,8660.254037844386,30000,10000.0,20000,0.0,1.0,1,1,1,0,financial_services,ChannelId_3,2,9.0,29.0,1.0,2019.0,16,3,30000,2,0
CustomerId_1376,220000.0,110000.0,2,127279.22061357855,220000,110000.0,200000,0.0,1.0,1,1,1,0,financial_services,ChannelId_3,2,5.5,5.0,1.0,2019.0,40,2,220000,2,0
CustomerId_1377,-20.0,-6.666666666666667,3,1000.0666644445926,2020,673.3333333333334,1000,0.6666666666666666,0.3333333333333333,2,2,2,0,financial_services,ChannelId_2,2,11.0,21.0,1.0,2019.0,23,3,2020,0,1
CustomerId_1378,50000.0,3846.153846153846,13,8060.667402539258,102000,7846.153846153846,15000,0.46153846153846156,0.5384615384615384,2,2,4,0,airtime,ChannelId_3,2,14.076923076923077,14.076923076923077,1.5384615384615385,2019.0,1,13,102000,2,0
CustomerId_1379,1000.0,1000.0,1,0.0,1000,1000.0,1000,0.0,1.0,1,1,1,0,airtime,ChannelId_3,4,10.0,20.0,11.0,2018.0,85,1,1000,3,0
CustomerId_1380,80000.0,4000.0,20,7262.013639842819,152000,7600.0,11000,0.4,0.6,2,2,4,0,airtime,ChannelId_3,2,9.95,14.85,1.4,2019.0,1,20,152000,2,0
CustomerId_1381,5000.0,5000.0,1,0.0,5000,5000.0,5000,0.0,1.0,1,1,1,0,financial_services,ChannelId_3,2,5.0,13.0,12.0,2018.0,63,1,5000,3,0
CustomerId_1382,12995.0,649.75,20,897.6262189504986,15205,760.25,3000,0.35,0.65,2,2,3,0,financial_services,ChannelId_3,2,10.8,9.5,2.0,2019.0,2,20,15205,2,0
CustomerId_1384,7000.0,2333.3333333333335,3,577.3502691896258,7000,2333.3333333333335,3000,0.0,1.0,2,1,2,0,financial_services,ChannelId_3,2,5.333333333333333,15.333333333333334,1.0,2019.0,25,3,7000,0,1
CustomerId_1385,50000.0,50000.0,1,0.0,50000,50000.0,50000,0.0,1.0,1,1,1,0,financial_services,ChannelId_3,2,13.0,26.0,1.0,2019.0,18,1,50000,2,0
CustomerId_1386,1000.0,1000.0,1,0.0,1000,1000.0,1000,0.0,1.0,1,1,1,0,airtime,ChannelId_3,2,8.0,23.0,11.0,2018.0,83,1,1000,3,0
CustomerId_1387,21900.0,608.3333333333334,36,769.1755883504661,24774,688.1666666666666,3000,0.3888888888888889,0.6111111111111112,3,2,4,0,financial_services,ChannelId_3,2,13.75,16.694444444444443,1.3611111111111112,2019.0,10,36,24774,2,0
CustomerId_1389,100000.0,100000.0,1,0.0,100000,100000.0,100000,0.0,1.0,1,1,1,0,financial_services,ChannelId_3,2,12.0,19.0,12.0,2018.0,56,1,100000,3,0
CustomerId_1390,500.0,500.0,1,0.0,500,500.0,500,0.0,1.0,1,1,1,0,airtime,ChannelId_3,4,14.0,22.0,1.0,2019.0,22,1,500,0,1
CustomerId_1392,11260.0,2252.0,5,2489.4818738042663,11940,2388.0,4800,0.4,0.6,2,3,3,0,financial_services,ChannelId_2,2,15.8,18.4,12.0,2018.0,50,5,11940,3,0
CustomerId_1393,200.0,100.0,2,7212.489168102785,10200,5100.0,5200,0.5,0.5,2,2,2,0,airtime,ChannelId_3,2,17.0,10.0,12.0,2018.0,65,2,10200,3,0
CustomerId_1394,10000.0,10000.0,1,0.0,10000,10000.0,10000,0.0,1.0,1,1,1,0,financial_services,ChannelId_3,2,9.0,4.0,12.0,2018.0,72,1,10000,3,0
CustomerId_1395,20000.0,4000.0,5,6745.368781616021,32000,6400.0,10000,0.4,0.6,2,2,3,0,financial_services,ChannelId_3,2,9.0,8.0,2.0,2019.0,6,5,32000,2,0
CustomerId_1396,29800.0,4257.142857142857,7,6127.222628798234,40600,5800.0,10000,0.42857142857142855,0.5714285714285714,2,2,3,0,airtime,ChannelId_3,2,4.714285714285714,18.714285714285715,11.142857142857142,2018.0,68,7,40600,3,0
CustomerId_1397,6800.0,680.0,10,1369.8033111038646,9200,920.0,4000,0.5,0.5,2,2,3,0,financial_services,ChannelId_2,2,11.2,12.0,2.0,2019.0,1,10,9200,0,1
CustomerId_1398,216771.0,5041.186046511628,43,10694.189856125065,220844,5135.906976744186,45000,0.4186046511627907,0.5813953488372093,4,2,3,0,financial_services,ChannelId_3,2,15.767441860465116,12.651162790697674,7.953488372093023,2018.3720930232557,7,43,220844,2,0
CustomerId_14,-10000.0,-10000.0,1,0.0,10000,10000.0,10000,1.0,0.0,1,1,1,0,airtime,ChannelId_2,4,16.0,21.0,11.0,2018.0,84,1,10000,3,0
CustomerId_1400,500.0,500.0,1,0.0,500,500.0,500,0.0,1.0,1,1,1,0,airtime,ChannelId_3,4,4.0,26.0,12.0,2018.0,50,1,500,0,1
CustomerId_1402,9960.0,1660.0,6,2166.4717861075414,12040,2006.6666666666667,5000,0.3333333333333333,0.6666666666666666,2,2,3,0,airtime,ChannelId_3,2,6.666666666666667,10.666666666666666,1.0,2019.0,33,6,12040,0,1
CustomerId_1404,4000.0,2000.0,2,0.0,4000,2000.0,2000,0.0,1.0,1,1,1,0,financial_services,ChannelId_3,2,15.5,8.0,2.0,2019.0,5,2,4000,0,1
CustomerId_1406,490.0,245.0,2,360.62445840513925,510,255.0,500,0.5,0.5,2,2,2,0,airtime,ChannelId_2,2,14.5,18.5,11.0,2018.0,86,2,510,3,0
CustomerId_1407,85980.0,4776.666666666667,18,6531.834261792732,128020,7112.222222222223,13000,0.3333333333333333,0.6666666666666666,3,2,3,0,financial_services,ChannelId_3,2,10.61111111111111,13.833333333333334,4.555555555555555,2018.7222222222222,12,18,128020,2,0
CustomerId_1408,1000.0,1000.0,1,0.0,1000,1000.0,1000,0.0,1.0,1,1,1,0,financial_services,ChannelId_3,2,19.0,26.0,12.0,2018.0,49,1,1000,0,1
CustomerId_1409,29889.0,1245.375,24,1915.7042935216775,35601,1483.375,5000,0.4166666666666667,0.5833333333333334,3,2,3,0,airtime,ChannelId_3,2,7.458333333333333,18.208333333333332,11.125,2018.0416666666667,5,24,35601,2,0
CustomerId_1410,55000.0,4230.7692307692305,13,5035.7694902541325,77000,5923.076923076923,10000,0.23076923076923078,0.7692307692307693,2,2,4,0,financial_services,ChannelId_3,2,14.76923076923077,5.230769230769231,2.0,2019.0,5,13,77000,2,0
CustomerId_1411,7000.0,1166.6666666666667,6,408.24829046386304,7000,1166.6666666666667,2000,0.0,1.0,2,1,3,0,financial_services,ChannelId_3,2,10.333333333333334,9.166666666666666,1.0,2019.0,35,6,7000,0,1
CustomerId_1413,491358.4,3509.7028571428573,140,6719.642394025806,554801,3962.864285714286,43200,0.35714285714285715,0.6428571428571429,3,3,4,0,financial_services,ChannelId_3,2,12.82857142857143,15.957142857142857,6.014285714285714,2018.557142857143,3,140,554801,2,0
CustomerId_1414,10000.0,2500.0,4,6757.711644237764,22000,5500.0,10000,0.5,0.5,2,2,3,0,airtime,ChannelId_2,2,13.25,8.0,2.0,2019.0,5,4,22000,2,0
CustomerId_1415,21273.0,409.09615384615387,52,1649.0091767734211,62247,1197.0576923076924,5000,0.5384615384615384,0.46153846153846156,3,3,4,0,airtime,ChannelId_3,4,9.634615384615385,14.307692307692308,9.461538461538462,2018.2115384615386,1,52,62247,2,0
CustomerId_1417,7000.0,3500.0,2,2121.3203435596424,7000,3500.0,5000,0.0,1.0,1,1,1,0,financial_services,ChannelId_3,2,4.0,9.0,1.0,2019.0,36,2,7000,0,1
CustomerId_1418,3500.0,3500.0,1,0.0,3500,3500.0,3500,0.0,1.0,1,1,1,0,airtime,ChannelId_3,4,13.0,20.0,1.0,2019.0,24,1,3500,0,1
CustomerId_1419,34225.0,3802.777777777778,9,5534.782691709264,45775,5086.111111111111,10000,0.4444444444444444,0.5555555555555556,2,2,4,0,financial_services,ChannelId_3,2,11.222222222222221,12.222222222222221,1.0,2019.0,27,9,45775,2,0
CustomerId_1420,11850.0,1185.0,10,1680.2513039555852,15640,1564.0,5000,0.4,0.6,3,2,3,0,financial_services,ChannelId_3,2,12.3,13.1,12.0,2018.0,62,10,15640,3,0
CustomerId_1421,29810.0,2981.0,10,6228.605069444611,32190,3219.0,20000,0.4,0.6,2,2,3,0,financial_services,ChannelId_3,2,9.1,26.8,1.0,2019.0,14,10,32190,2,0
CustomerId_1422,14000.0,4666.666666666667,3,7252.153703096296,14040,4680.0,13020,0.3333333333333333,0.6666666666666666,2,2,3,0,financial_services,ChannelId_3,2,14.0,16.0,11.0,2018.0,89,3,14040,3,0
CustomerId_1423,8360.0,597.1428571428571,14,883.2843306609763,8640,617.1428571428571,3000,0.35714285714285715,0.6428571428571429,2,2,3,0,airtime,ChannelId_3,2,14.357142857142858,19.571428571428573,11.0,2018.0,84,14,8640,3,0
CustomerId_1424,20000.0,4000.0,5,6745.368781616021,32000,6400.0,10000,0.4,0.6,2,2,3,0,financial_services,ChannelId_3,2,8.8,25.0,1.0,2019.0,20,5,32000,2,0
CustomerId_1425,58890.0,1635.8333333333333,36,5203.837251765003,63110,1753.0555555555557,30000,0.5,0.5,3,2,3,0,financial_services,ChannelId_2,2,11.944444444444445,12.0,2.0,2019.0,1,36,63110,2,0
CustomerId_1426,10000.0,10000.0,1,0.0,10000,10000.0,10000,0.0,1.0,1,1,1,0,financial_services,ChannelId_3,2,9.0,22.0,11.0,2018.0,84,1,10000,3,0
CustomerId_1427,120000.0,4000.0,30,7655.424040598882,222800,7426.666666666667,20000,0.4666666666666667,0.5333333333333333,2,2,4,0,airtime,ChannelId_3,2,12.233333333333333,22.4,11.3,2018.0,54,30,222800,3,0
CustomerId_1429,181640.0,5045.555555555556,36,9732.19999924975,223360,6204.444444444444,40000,0.3055555555555556,0.6944444444444444,2,2,4,0,airtime,ChannelId_3,2,12.5,19.13888888888889,6.055555555555555,2018.5277777777778,5,36,223360,2,0
CustomerId_1431,5000.0,5000.0,1,0.0,5000,5000.0,5000,0.0,1.0,1,1,1,0,financial_services,ChannelId_3,2,15.0,11.0,12.0,2018.0,64,1,5000,3,0
CustomerId_1432,2000.0,2000.0,1,0.0,2000,2000.0,2000,0.0,1.0,1,1,1,0,airtime,ChannelId_3,2,3.0,15.0,11.0,2018.0,91,1,2000,3,0
CustomerId_1435,110000.0,3793.103448275862,29,5542.687011761068,162200,5593.103448275862,10000,0.2413793103448276,0.7586206896551724,2,2,3,0,airtime,ChannelId_3,2,9.96551724137931,19.344827586206897,4.551724137931035,2018.6896551724137,12,29,162200,2,0
CustomerId_1436,9000.0,2250.0,4,6601.767440112787,21000,5250.0,10000,0.5,0.5,2,2,3,0,airtime,ChannelId_2,2,7.0,21.0,12.0,2018.0,55,4,21000,3,0
CustomerId_1437,20000.0,20000.0,1,0.0,20000,20000.0,20000,0.0,1.0,1,1,1,0,financial_services,ChannelId_3,2,16.0,6.0,1.0,2019.0,38,1,20000,0,1
CustomerId_1438,145071.0,4533.46875,32,8857.15637023158,180695,5646.71875,29000,0.21875,0.78125,3,3,3,0,airtime,ChannelId_3,2,13.71875,12.21875,2.71875,2018.875,4,32,180695,2,0
CustomerId_1439,500.0,500.0,1,0.0,500,500.0,500,0.0,1.0,1,1,1,0,airtime,ChannelId_3,2,14.0,21.0,12.0,2018.0,54,1,500,0,1
CustomerId_1440,440.0,110.0,4,837.4962686484042,2460,615.0,1000,0.5,0.5,2,2,3,0,airtime,ChannelId_2,2,11.25,4.5,2.0,2019.0,2,4,2460,0,1
CustomerId_1441,1000.0,1000.0,1,0.0,1000,1000.0,1000,0.0,1.0,1,1,1,0,financial_services,ChannelId_3,2,13.0,18.0,12.0,2018.0,57,1,1000,0,1
CustomerId_1442,40000.0,4444.444444444444,9,6463.573143221772,62000,6888.888888888889,10000,0.3333333333333333,0.6666666666666666,2,2,3,0,financial_services,ChannelId_3,2,16.0,1.0,2.0,2019.0,12,9,62000,2,0
CustomerId_1443,2000.0,1000.0,2,0.0,2000,1000.0,1000,0.0,1.0,1,1,1,0,airtime,ChannelId_3,1,5.0,12.0,1.0,2019.0,33,2,2000,0,1
CustomerId_1444,500.0,500.0,1,0.0,500,500.0,500,0.0,1.0,1,1,1,0,airtime,ChannelId_3,4,11.0,17.0,12.0,2018.0,58,1,500,0,1
CustomerId_1445,500.0,500.0,1,0.0,500,500.0,500,0.0,1.0,1,1,1,0,airtime,ChannelId_3,2,11.0,15.0,1.0,2019.0,29,1,500,0,1
CustomerId_1447,9850.0,1231.25,8,1847.186567265395,12150,1518.75,5000,0.375,0.625,2,2,3,0,airtime,ChannelId_3,2,7.25,22.125,11.125,2018.0,75,8,12150,3,0
CustomerId_1448,3500.0,1166.6666666666667,3,577.3502691896257,3500,1166.6666666666667,1500,0.0,1.0,1,1,1,0,financial_services,ChannelId_3,2,18.666666666666668,18.0,1.0,2019.0,14,3,3500,0,1
CustomerId_1449,492768.0,18250.666666666668,27,43571.03462340372,504432,18682.666666666668,150000,0.37037037037037035,0.6296296296296297,5,2,4,0,airtime,ChannelId_3,2,15.814814814814815,14.592592592592593,11.11111111111111,2018.0740740740741,15,27,504432,2,0
CustomerId_1450,60725.0,6747.222222222223,9,16366.268876700164,63275,7030.555555555556,50000,0.3333333333333333,0.6666666666666666,2,2,3,0,financial_services,ChannelId_3,2,11.88888888888889,15.777777777777779,1.0,2019.0,27,9,63275,2,0
CustomerId_1451,18550.0,1030.5555555555557,18,2436.9417242355757,20850,1158.3333333333333,10000,0.3888888888888889,0.6111111111111112,3,2,3,0,financial_services,ChannelId_3,2,16.0,16.77777777777778,1.0,2019.0,23,18,20850,0,1
CustomerId_1452,24600.0,2236.3636363636365,11,3194.61194115114,25400,2309.090909090909,10000,0.36363636363636365,0.6363636363636364,2,2,3,0,airtime,ChannelId_3,2,11.0,11.636363636363637,1.0,2019.0,31,11,25400,0,1
CustomerId_1453,20175.0,1834.090909090909,11,2613.2420651193206,22825,2075.0,7000,0.36363636363636365,0.6363636363636364,2,2,3,0,financial_services,ChannelId_3,2,18.636363636363637,10.727272727272727,1.5454545454545454,2019.0,11,11,22825,2,0
CustomerId_1454,60000.0,4285.714285714285,14,6877.2598683417,102000,7285.714285714285,11000,0.35714285714285715,0.6428571428571429,2,2,3,0,airtime,ChannelId_3,2,11.642857142857142,14.0,1.5714285714285714,2019.0,1,14,102000,2,0
CustomerId_1455,1000.0,1000.0,1,0.0,1000,1000.0,1000,0.0,1.0,1,1,1,0,airtime,ChannelId_3,2,12.0,28.0,11.0,2018.0,77,1,1000,3,0
CustomerId_1458,500.0,500.0,1,0.0,500,500.0,500,0.0,1.0,1,1,1,0,airtime,ChannelId_3,2,13.0,2.0,1.0,2019.0,42,1,500,0,1
CustomerId_1459,10000.0,10000.0,1,0.0,14000,14000.0,14000,0.0,1.0,1,1,1,0,movies,ChannelId_3,2,19.0,29.0,12.0,2018.0,46,1,14000,3,0
CustomerId_1461,65600.0,1561.904761904762,42,2612.7608872843903,69400,1652.3809523809523,10000,0.42857142857142855,0.5714285714285714,2,2,3,0,financial_services,ChannelId_3,2,15.476190476190476,20.023809523809526,9.119047619047619,2018.2619047619048,19,42,69400,2,0
CustomerId_1464,10000.0,2500.0,4,6757.711644237764,22000,5500.0,10000,0.5,0.5,2,2,3,0,airtime,ChannelId_2,2,14.0,1.0,2.0,2019.0,12,4,22000,2,0
CustomerId_1466,38200.0,5457.142857142857,7,6181.654887071677,52120,7445.714285714285,10700,0.2857142857142857,0.7142857142857143,2,2,3,0,financial_services,ChannelId_3,2,19.714285714285715,25.0,1.0,2019.0,19,7,52120,2,0
CustomerId_1467,-13500.0,-1687.5,8,1589.6428170234615,14796,1849.5,5500,1.0,0.0,2,1,1,0,airtime,ChannelId_5,4,11.375,11.75,2.0,2019.0,1,8,14796,2,0
CustomerId_1468,400864.0,26724.266666666666,15,28193.687255601504,428024,28534.933333333334,75400,0.26666666666666666,0.7333333333333333,3,2,2,0,airtime,ChannelId_3,1,10.666666666666666,22.4,3.2,2018.8,21,15,428024,2,0
CustomerId_1472,224496.0,3401.4545454545455,66,5290.541755541946,338476,5128.424242424242,14000,0.22727272727272727,0.7727272727272727,4,3,5,0,financial_services,ChannelId_3,2,13.212121212121213,12.318181818181818,7.545454545454546,2018.4242424242425,5,66,338476,2,0
CustomerId_1474,10000.0,10000.0,1,0.0,10000,10000.0,10000,0.0,1.0,1,1,1,0,financial_services,ChannelId_1,2,10.0,3.0,12.0,2018.0,72,1,10000,3,0
CustomerId_1475,16740.0,2092.5,8,3703.6806017798026,17260,2157.5,11000,0.375,0.625,3,2,3,0,financial_services,ChannelId_3,2,9.375,21.0,11.0,2018.0,82,8,17260,3,0
CustomerId_1476,14000.0,1750.0,8,3414.3604295471127,16100,2012.5,10000,0.25,0.75,2,2,4,0,financial_services,ChannelId_3,2,8.5,24.625,11.0,2018.0,76,8,16100,3,0
CustomerId_1477,115075.4,1984.058620689655,58,3275.502078992743,146183,2520.396551724138,10070,0.29310344827586204,0.7068965517241379,4,2,3,0,financial_services,ChannelId_3,2,16.103448275862068,5.913793103448276,5.706896551724138,2018.6206896551723,11,58,146183,2,0
CustomerId_1478,10000.0,2500.0,4,6757.711644237764,22000,5500.0,10000,0.5,0.5,2,2,3,0,airtime,ChannelId_2,2,4.25,8.0,2.0,2019.0,6,4,22000,2,0
CustomerId_1479,20000.0,3333.3333333333335,6,6161.709719442054,32000,5333.333333333333,10000,0.3333333333333333,0.6666666666666666,2,2,3,0,airtime,ChannelId_3,2,16.0,25.0,1.0,2019.0,19,6,32000,2,0
CustomerId_1480,120000.0,4137.931034482759,29,5930.996892422979,182000,6275.862068965517,10000,0.2413793103448276,0.7586206896551724,2,2,3,0,airtime,ChannelId_3,2,9.068965517241379,15.448275862068966,5.103448275862069,2018.655172413793,5,29,182000,2,0
CustomerId_1481,19000.0,1461.5384615384614,13,3555.87271555532,31000,2384.6153846153848,10000,0.15384615384615385,0.8461538461538461,2,2,3,0,airtime,ChannelId_3,2,14.307692307692308,14.615384615384615,12.0,2018.0,60,13,31000,3,0
CustomerId_1482,24000.0,2400.0,10,4135.214625627066,36000,3600.0,10000,0.2,0.8,2,2,3,0,airtime,ChannelId_3,2,9.1,14.5,12.0,2018.0,60,10,36000,3,0
CustomerId_1483,9930.0,1103.3333333333333,9,1637.0075595427163,12180,1353.3333333333333,3555,0.4444444444444444,0.5555555555555556,2,2,3,0,financial_services,ChannelId_3,2,13.333333333333334,26.333333333333332,12.0,2018.0,44,9,12180,3,0
CustomerId_1484,2970.0,371.25,8,746.2178444854903,5030,628.75,1500,0.375,0.625,2,2,3,0,financial_services,ChannelId_3,2,5.375,12.125,2.625,2018.875,12,8,5030,0,1
CustomerId_1485,100000.0,4347.826086956522,23,6055.491089252449,152000,6608.695652173913,10000,0.2608695652173913,0.7391304347826086,2,2,3,0,airtime,ChannelId_3,2,9.217391304347826,18.782608695652176,5.956521739130435,2018.5652173913043,13,23,152000,2,0
CustomerId_1486,20000.0,3333.3333333333335,6,7814.516406449389,42000,7000.0,11000,0.5,0.5,2,2,3,0,airtime,ChannelId_2,2,15.0,11.0,1.0,2019.0,33,6,42000,2,0
CustomerId_1487,6500.0,812.5,8,530.3300858899107,6500,812.5,2000,0.0,1.0,2,1,1,0,airtime,ChannelId_3,1,9.0,7.5,12.0,2018.0,67,8,6500,3,0
CustomerId_1488,20000.0,4000.0,5,6745.368781616021,32000,6400.0,10000,0.4,0.6,2,2,3,0,financial_services,ChannelId_3,2,10.2,11.0,1.0,2019.0,33,5,32000,2,0
CustomerId_1489,90000.0,15000.0,6,7745.966692414834,90000,15000.0,20000,0.0,1.0,2,1,1,0,financial_services,ChannelId_3,2,12.166666666666666,21.666666666666668,12.0,2018.0,51,6,90000,3,0
CustomerId_1490,30000.0,10000.0,3,8660.254037844386,30000,10000.0,20000,0.0,1.0,2,1,2,0,financial_services,ChannelId_3,2,16.0,15.0,12.0,2018.0,60,3,30000,3,0
CustomerId_1492,3350.0,1116.6666666666667,3,1663.079472945696,3650,1216.6666666666667,3000,0.3333333333333333,0.6666666666666666,2,2,2,0,airtime,ChannelId_3,2,11.666666666666666,23.333333333333332,11.0,2018.0,82,3,3650,3,0
CustomerId_1494,93375.0,3219.8275862068967,29,9233.855068902561,96625,3331.896551724138,50000,0.3793103448275862,0.6206896551724138,2,2,3,0,financial_services,ChannelId_3,2,11.03448275862069,9.241379310344827,2.0,2019.0,2,29,96625,2,0
CustomerId_1495,9950.0,1990.0,5,2837.3403038761494,12050,2410.0,5000,0.4,0.6,2,2,3,0,financial_services,ChannelId_3,2,13.4,22.6,11.0,2018.0,82,5,12050,3,0
CustomerId_1496,50000.0,50000.0,1,0.0,50000,50000.0,50000,0.0,1.0,1,1,1,0,financial_services,ChannelId_3,2,6.0,28.0,11.0,2018.0,78,1,50000,3,0
CustomerId_1498,3420.0,855.0,4,2185.734049085875,5580,1395.0,4000,0.5,0.5,2,2,2,0,airtime,ChannelId_2,2,9.5,9.5,2.0,2019.0,3,4,5580,0,1
CustomerId_1499,34000.0,4250.0,8,5092.010548749033,46000,5750.0,10000,0.25,0.75,2,2,3,0,financial_services,ChannelId_3,2,18.0,30.0,11.0,2018.0,75,8,46000,3,0
CustomerId_15,-10000.0,-10000.0,1,0.0,10000,10000.0,10000,1.0,0.0,1,1,1,0,airtime,ChannelId_2,4,16.0,21.0,11.0,2018.0,84,1,10000,3,0
CustomerId_1501,20000.0,4000.0,5,6745.368781616021,32000,6400.0,10000,0.4,0.6,2,2,3,0,financial_services,ChannelId_3,2,8.0,8.0,2.0,2019.0,6,5,32000,2,0
CustomerId_1502,5000.0,5000.0,1,0.0,5000,5000.0,5000,0.0,1.0,1,1,1,0,airtime,ChannelId_3,4,14.0,22.0,12.0,2018.0,53,1,5000,3,0
CustomerId_1503,296471.0,4006.364864864865,74,16625.54046629934,327089,4420.121621621622,101500,0.4189189189189189,0.581081081081081,4,3,4,0,financial_services,ChannelId_3,2,11.378378378378379,25.716216216216218,10.95945945945946,2018.0945945945946,20,74,327089,2,0
CustomerId_1504,109450.0,10945.0,10,31340.71234034096,112550,11255.0,100000,0.5,0.5,2,2,3,0,financial_services,ChannelId_2,2,10.2,9.0,2.0,2019.0,2,10,112550,2,0
CustomerId_1505,226410.0,1951.8103448275863,116,4020.883874092304,233990,2017.155172413793,20000,0.3706896551724138,0.6293103448275862,4,2,3,0,financial_services,ChannelId_3,2,9.956896551724139,15.517241379310345,1.0086206896551724,2019.0,6,116,233990,2,0
CustomerId_1506,5000.0,5000.0,1,0.0,5000,5000.0,5000,0.0,1.0,1,1,1,0,financial_services,ChannelId_3,2,21.0,28.0,12.0,2018.0,47,1,5000,0,1
CustomerId_1507,950.0,475.0,2,742.4621202458749,1050,525.0,1000,0.5,0.5,2,2,2,0,airtime,ChannelId_2,2,16.0,6.0,2.0,2019.0,7,2,1050,0,1
CustomerId_1508,80000.0,3809.5238095238096,21,5808.261767680995,122000,5809.523809523809,10000,0.23809523809523808,0.7619047619047619,2,2,3,0,airtime,ChannelId_3,2,9.333333333333334,15.285714285714286,4.333333333333333,2018.7142857142858,13,21,122000,2,0
CustomerId_1509,60429.0,3554.6470588235293,17,6073.434591946065,101459,5968.176470588235,10000,0.35294117647058826,0.6470588235294118,2,2,4,0,airtime,ChannelId_3,2,12.647058823529411,13.176470588235293,8.411764705882353,2018.3529411764705,6,17,101459,2,0
CustomerId_1510,216279.0,2325.5806451612902,93,4194.390111059265,227302,2444.1075268817203,20000,0.40860215053763443,0.5913978494623656,4,2,3,0,financial_services,ChannelId_3,2,9.526881720430108,18.053763440860216,11.21505376344086,2018.0,59,93,227302,3,0
CustomerId_1511,3950.0,987.5,4,2168.0924795773817,6050,1512.5,4000,0.5,0.5,2,2,3,0,financial_services,ChannelId_2,2,12.75,18.75,1.0,2019.0,25,4,6050,0,1
CustomerId_1512,133435.0,4169.84375,32,4480.445413553283,137365,4292.65625,15000,0.28125,0.71875,2,2,4,0,financial_services,ChannelId_3,2,10.09375,10.25,2.3125,2018.96875,1,32,137365,2,0
CustomerId_1513,19000.0,3166.6666666666665,6,7626.707459098367,41000,6833.333333333333,10000,0.5,0.5,2,2,3,0,airtime,ChannelId_2,2,19.0,28.0,12.0,2018.0,47,6,41000,3,0
CustomerId_1514,4350.0,483.3333333333333,9,738.1353195722313,6450,716.6666666666666,1400,0.3333333333333333,0.6666666666666666,2,2,3,0,financial_services,ChannelId_3,2,11.555555555555555,25.88888888888889,11.0,2018.0,77,9,6450,3,0
CustomerId_1515,143285.0,2046.9285714285713,70,2931.5459754911262,159445,2277.785714285714,11330,0.3142857142857143,0.6857142857142857,5,2,4,0,financial_services,ChannelId_3,2,13.585714285714285,14.785714285714286,2.557142857142857,2018.8857142857144,5,70,159445,2,0
CustomerId_1516,20975.0,2996.4285714285716,7,5840.241657589831,33025,4717.857142857143,10500,0.42857142857142855,0.5714285714285714,2,2,3,0,financial_services,ChannelId_1,2,18.0,11.0,1.0,2019.0,33,7,33025,2,0
CustomerId_1517,25000.0,2272.7272727272725,11,3860.5934541443003,35000,3181.818181818182,10000,0.09090909090909091,0.9090909090909091,2,2,3,0,airtime,ChannelId_3,2,9.545454545454545,15.545454545454545,1.0,2019.0,21,11,35000,2,0
CustomerId_1518,9000.0,2250.0,4,6601.767440112787,21000,5250.0,10000,0.5,0.5,2,2,3,0,airtime,ChannelId_2,2,7.75,28.0,12.0,2018.0,48,4,21000,3,0
CustomerId_1520,97920.0,4896.0,20,6085.470530612021,140280,7014.0,10000,0.3,0.7,2,2,3,0,financial_services,ChannelId_3,2,9.6,11.45,1.2,2019.0,13,20,140280,2,0
CustomerId_1521,1000.0,1000.0,1,0.0,1000,1000.0,1000,0.0,1.0,1,1,1,0,financial_services,ChannelId_3,2,13.0,18.0,11.0,2018.0,87,1,1000,3,0
CustomerId_1523,278854.0,19918.14285714286,14,52557.29452973882,282470,20176.428571428572,200000,0.14285714285714285,0.8571428571428571,2,2,4,0,financial_services,ChannelId_1,2,13.785714285714286,26.0,1.0,2019.0,18,14,282470,2,0
CustomerId_1524,10000.0,2000.0,5,5567.764362830022,22000,4400.0,10000,0.4,0.6,2,2,3,0,airtime,ChannelId_3,2,9.0,8.0,2.0,2019.0,6,5,22000,2,0
CustomerId_1525,1000.0,1000.0,1,0.0,1000,1000.0,1000,0.0,1.0,1,1,1,0,airtime,ChannelId_3,2,21.0,3.0,12.0,2018.0,72,1,1000,3,0
CustomerId_1526,500.0,500.0,1,0.0,500,500.0,500,0.0,1.0,1,1,1,0,airtime,ChannelId_3,4,17.0,11.0,1.0,2019.0,33,1,500,0,1
CustomerId_1528,11780.0,2356.0,5,4906.493656370097,14220,2844.0,11000,0.4,0.6,3,2,3,0,airtime,ChannelId_3,2,16.4,4.2,1.0,2019.0,38,5,14220,0,1
CustomerId_1529,27386.0,978.0714285714286,28,1352.6555754589215,29814,1064.7857142857142,5000,0.32142857142857145,0.6785714285714286,2,2,3,0,financial_services,ChannelId_3,2,6.571428571428571,22.214285714285715,11.0,2018.0,83,28,29814,3,0
CustomerId_1531,3000.0,3000.0,1,0.0,3000,3000.0,3000,0.0,1.0,1,1,1,0,financial_services,ChannelId_3,2,12.0,12.0,12.0,2018.0,63,1,3000,3,0
CustomerId_1532,592356.0,29617.8,20,65032.14365106407,628594,31429.7,185400,0.35,0.65,5,2,3,0,financial_services,ChannelId_3,2,12.1,21.35,11.65,2018.0,45,20,628594,2,0
CustomerId_1533,145930.0,1621.4444444444443,90,5431.227138245644,152245,1691.611111111111,50000,0.2777777777777778,0.7222222222222222,3,2,5,0,financial_services,ChannelId_3,2,13.533333333333333,16.011111111111113,2.3222222222222224,2018.888888888889,5,90,152245,2,0
CustomerId_1535,60212748.0,8601821.142857144,7,3309916.123615392,60212748,8601821.142857144,9880000,0.0,1.0,1,1,1,6,financial_services,ChannelId_3,2,11.142857142857142,8.142857142857142,2.0,2019.0,3,7,60212748,2,1
CustomerId_1537,99171.0,4132.125,24,4594.306176623976,132100,5504.166666666667,10001,0.20833333333333334,0.7916666666666666,3,2,4,0,financial_services,ChannelId_3,2,13.583333333333334,15.583333333333334,3.75,2018.75,19,24,132100,2,0
CustomerId_1538,70000.0,4666.666666666667,15,6125.668087956572,102000,6800.0,10000,0.26666666666666666,0.7333333333333333,2,2,3,0,financial_services,ChannelId_3,2,15.666666666666666,18.0,5.0,2018.6666666666667,12,15,102000,2,0
CustomerId_1540,19000.0,3800.0,5,6685.805860178712,31000,6200.0,10000,0.4,0.6,2,2,3,0,financial_services,ChannelId_3,2,17.0,30.0,11.0,2018.0,75,5,31000,3,0
CustomerId_1541,78400.0,2703.448275862069,29,3718.0527505883542,112400,3875.862068965517,15000,0.20689655172413793,0.7931034482758621,3,2,3,0,financial_services,ChannelId_3,2,12.482758620689655,23.310344827586206,12.0,2018.0,46,29,112400,2,0
CustomerId_1542,10000.0,2000.0,5,5667.892024377317,22000,4400.0,10000,0.4,0.6,3,2,3,0,airtime,ChannelId_3,2,10.0,1.0,2.0,2019.0,12,5,22000,2,0
CustomerId_1543,20000.0,4000.0,5,6745.368781616021,32000,6400.0,10000,0.4,0.6,2,2,3,0,financial_services,ChannelId_3,2,13.0,1.0,2.0,2019.0,12,5,32000,2,0
CustomerId_1545,242985.0,3471.214285714286,70,12157.945838478929,253715,3624.5,65100,0.45714285714285713,0.5428571428571428,4,2,3,0,financial_services,ChannelId_3,2,16.757142857142856,23.428571428571427,10.857142857142858,2018.0142857142857,14,70,253715,2,0
CustomerId_1546,320000.0,6400.0,50,8997.48264113641,481400,9628.0,20000,0.36,0.64,2,2,3,0,financial_services,ChannelId_3,2,14.26,12.7,8.0,2018.36,5,50,481400,2,0
CustomerId_1547,104250.0,2004.8076923076924,52,2900.926654103596,110950,2133.653846153846,10000,0.4230769230769231,0.5769230769230769,2,2,3,0,financial_services,ChannelId_3,2,13.73076923076923,15.403846153846153,12.0,2018.0,53,52,110950,3,0
CustomerId_1550,60000.0,4285.714285714285,14,6203.9512400575,92000,6571.428571428572,10000,0.2857142857142857,0.7142857142857143,2,2,3,0,airtime,ChannelId_3,2,9.857142857142858,7.071428571428571,1.6428571428571428,2019.0,6,14,92000,2,0
CustomerId_1554,31725.0,1220.1923076923076,26,1840.1225398158845,35275,1356.7307692307693,5000,0.38461538461538464,0.6153846153846154,2,2,4,0,financial_services,ChannelId_3,2,11.961538461538462,8.961538461538462,10.076923076923077,2018.1923076923076,3,26,35275,2,0
CustomerId_1557,120000.0,4800.0,25,6244.9979983983985,182000,7280.0,10000,0.28,0.72,2,2,3,0,financial_services,ChannelId_3,2,10.84,14.96,3.52,2018.8,5,25,182000,2,0
CustomerId_1561,20000.0,4000.0,5,6745.368781616021,32000,6400.0,10000,0.4,0.6,2,2,3,0,financial_services,ChannelId_3,2,13.8,8.0,2.0,2019.0,5,5,32000,2,0
CustomerId_1562,3750.0,1250.0,3,3269.174207655505,6250,2083.3333333333335,5000,0.6666666666666666,0.3333333333333333,2,2,2,0,financial_services,ChannelId_2,2,6.0,8.0,12.0,2018.0,68,3,6250,3,0
CustomerId_1564,17530.0,626.0714285714286,28,3141.1985672913834,56740,2026.4285714285713,12000,0.5714285714285714,0.42857142857142855,3,3,3,0,airtime,ChannelId_3,2,12.321428571428571,21.142857142857142,11.214285714285714,2018.0,59,28,56740,3,0
CustomerId_1565,59600.0,3505.8823529411766,17,5186.1860490435665,62400,3670.5882352941176,15000,0.47058823529411764,0.5294117647058824,2,2,3,0,financial_services,ChannelId_3,2,8.588235294117647,12.529411764705882,12.0,2018.0,55,17,62400,3,0
CustomerId_1566,1000.0,1000.0,1,0.0,1000,1000.0,1000,0.0,1.0,1,1,1,0,airtime,ChannelId_3,4,23.0,21.0,1.0,2019.0,23,1,1000,0,1
CustomerId_1567,1000500.0,333500.0,3,288386.4594602181,1000500,333500.0,500000,0.0,1.0,2,1,2,2,financial_services,ChannelId_3,2,9.666666666666666,21.333333333333332,1.0,2019.0,21,3,1000500,2,1
CustomerId_1568,22840.0,1522.6666666666667,15,2754.856663802173,25360,1690.6666666666667,10000,0.4,0.6,3,2,4,0,financial_services,ChannelId_3,2,10.933333333333334,18.6,9.066666666666666,2018.2666666666667,26,15,25360,2,0
CustomerId_1569,5000.0,5000.0,1,0.0,5000,5000.0,5000,0.0,1.0,1,1,1,0,financial_services,ChannelId_3,2,21.0,9.0,1.0,2019.0,35,1,5000,0,1
CustomerId_1570,29000.0,3222.222222222222,9,5124.153046547736,42000,4666.666666666667,10000,0.3333333333333333,0.6666666666666666,2,2,4,0,financial_services,ChannelId_3,2,19.0,21.0,12.0,2018.0,54,9,42000,3,0
CustomerId_1571,10000.0,10000.0,1,0.0,10000,10000.0,10000,0.0,1.0,1,1,1,0,financial_services,ChannelId_3,2,7.0,5.0,1.0,2019.0,40,1,10000,0,1
CustomerId_1572,60000.0,4615.384615384615,13,6357.914510519697,92000,7076.923076923077,10000,0.3076923076923077,0.6923076923076923,2,2,3,0,financial_services,ChannelId_3,2,11.23076923076923,14.923076923076923,1.3076923076923077,2019.0,12,13,92000,2,0
CustomerId_1573,19000.0,3166.6666666666665,6,7626.707459098367,41000,6833.333333333333,10000,0.5,0.5,2,2,3,0,airtime,ChannelId_2,2,18.0,7.0,12.0,2018.0,68,6,41000,3,0
CustomerId_1576,246592.0,2709.802197802198,91,9369.563800139471,298834,3283.8901098901097,80000,0.32967032967032966,0.6703296703296703,7,3,5,0,financial_services,ChannelId_3,2,11.54945054945055,16.857142857142858,11.087912087912088,2018.065934065934,38,91,298834,2,0
CustomerId_1577,5250.0,1750.0,3,2839.4541729001367,5750,1916.6666666666667,5000,0.3333333333333333,0.6666666666666666,2,2,2,0,airtime,ChannelId_3,2,15.333333333333334,16.666666666666668,11.0,2018.0,87,3,5750,3,0
CustomerId_1578,80000.0,6666.666666666667,12,9374.36866561092,120000,10000.0,20000,0.3333333333333333,0.6666666666666666,2,2,4,0,airtime,ChannelId_3,2,13.916666666666666,18.5,11.5,2018.0,69,12,120000,3,0
CustomerId_1579,90000.0,4500.0,20,7667.429405231621,162000,8100.0,15000,0.4,0.6,2,2,5,0,airtime,ChannelId_3,2,15.5,11.35,1.45,2019.0,1,20,162000,2,0
CustomerId_1580,5932.0,988.6666666666666,6,944.2047800486221,6068,1011.3333333333334,2000,0.3333333333333333,0.6666666666666666,3,2,4,0,airtime,ChannelId_3,2,20.166666666666668,3.8333333333333335,2.8333333333333335,2018.8333333333333,42,6,6068,0,1
CustomerId_1581,25000.0,1923.076923076923,13,3639.1743216820137,37000,2846.153846153846,10000,0.15384615384615385,0.8461538461538461,2,2,3,0,airtime,ChannelId_3,2,14.307692307692308,18.0,1.0,2019.0,26,13,37000,2,0
CustomerId_1583,7730.0,858.8888888888889,9,1150.276536799352,10270,1141.111111111111,1800,0.4444444444444444,0.5555555555555556,2,2,2,0,airtime,ChannelId_3,4,10.333333333333334,20.555555555555557,9.555555555555555,2018.2222222222222,36,9,10270,0,1
CustomerId_1584,239214.0,4054.4745762711864,59,9510.749514240102,259586,4399.762711864407,50000,0.3728813559322034,0.6271186440677966,4,2,3,0,airtime,ChannelId_3,2,11.05084745762712,20.35593220338983,6.762711864406779,2018.4406779661017,1,59,259586,2,0
CustomerId_1587,18955.0,1263.6666666666667,15,1646.646447726264,19645,1309.6666666666667,5000,0.4,0.6,3,2,3,0,financial_services,ChannelId_3,2,14.0,18.2,11.0,2018.0,86,15,19645,3,0
CustomerId_1588,123640.0,3746.6666666666665,33,14155.694672698568,146360,4435.151515151515,80000,0.3939393939393939,0.6060606060606061,5,3,4,0,financial_services,ChannelId_3,2,11.454545454545455,10.090909090909092,11.606060606060606,2018.030303030303,31,33,146360,2,0
CustomerId_1591,35000.0,3888.8888888888887,9,6527.71867585538,57000,6333.333333333333,10000,0.3333333333333333,0.6666666666666666,2,2,3,0,financial_services,ChannelId_3,2,11.555555555555555,21.11111111111111,1.0,2019.0,20,9,57000,2,0
CustomerId_1593,50000.0,3846.153846153846,13,8060.667402539258,102000,7846.153846153846,15000,0.46153846153846156,0.5384615384615384,2,2,4,0,airtime,ChannelId_3,2,13.615384615384615,14.153846153846153,1.5384615384615385,2019.0,1,13,102000,2,0
CustomerId_1594,374500.0,4207.865168539326,89,5422.548350911915,497220,5586.741573033708,13000,0.19101123595505617,0.8089887640449438,3,2,4,0,airtime,ChannelId_3,2,10.786516853932584,13.157303370786517,6.47191011235955,2018.5056179775281,5,89,497220,2,0
CustomerId_1595,-8050.0,-2012.5,4,5347.955216716011,12050,3012.5,10000,0.5,0.5,2,3,3,0,airtime,ChannelId_3,2,6.25,27.75,11.0,2018.0,76,4,12050,3,0
CustomerId_1597,50000.0,50000.0,1,0.0,50000,50000.0,50000,0.0,1.0,1,1,1,0,ticket,ChannelId_1,4,15.0,28.0,11.0,2018.0,77,1,50000,3,0
CustomerId_1599,0.0,0.0,3,866.0254037844386,2000,666.6666666666666,1000,0.3333333333333333,0.6666666666666666,2,2,2,0,airtime,ChannelId_3,4,13.0,9.333333333333334,1.0,2019.0,34,3,2000,0,1
CustomerId_1601,-430.0,-143.33333333333334,3,805.9983457385836,1630,543.3333333333334,1000,0.6666666666666666,0.3333333333333333,2,2,2,0,financial_services,ChannelId_2,2,13.0,16.0,12.0,2018.0,59,3,1630,3,0
CustomerId_1602,4231510.0,72957.06896551725,58,367643.93186699913,4234490,73008.44827586207,2000000,0.20689655172413793,0.7931034482758621,2,2,4,1,financial_services,ChannelId_3,2,12.431034482758621,17.53448275862069,1.0,2019.0,13,58,4234490,2,1
CustomerId_1604,65225.5,2174.1833333333334,30,4481.880936891482,69925,2330.8333333333335,14000,0.43333333333333335,0.5666666666666667,3,2,3,0,financial_services,ChannelId_3,2,13.666666666666666,26.933333333333334,12.0,2018.0,48,30,69925,3,0
CustomerId_1605,1800.0,1800.0,1,0.0,1800,1800.0,1800,0.0,1.0,1,1,1,0,airtime,ChannelId_3,4,9.0,29.0,11.0,2018.0,77,1,1800,3,0
CustomerId_1608,20050.0,1253.125,16,1696.2860165667817,20950,1309.375,5000,0.4375,0.5625,3,2,3,0,financial_services,ChannelId_3,2,18.0,16.25,11.0,2018.0,86,16,20950,3,0
CustomerId_1609,975.0,195.0,5,760.0164471904538,3025,605.0,1000,0.4,0.6,2,2,3,0,financial_services,ChannelId_3,2,17.0,21.0,11.0,2018.0,84,5,3025,3,0
CustomerId_1610,500.0,500.0,1,0.0,500,500.0,500,0.0,1.0,1,1,1,0,airtime,ChannelId_3,4,10.0,22.0,1.0,2019.0,22,1,500,0,1
CustomerId_1611,19000.0,3800.0,5,6685.805860178712,31000,6200.0,10000,0.4,0.6,2,2,3,0,financial_services,ChannelId_3,2,12.0,28.0,12.0,2018.0,47,5,31000,3,0
CustomerId_1612,20000.0,20000.0,1,0.0,20000,20000.0,20000,0.0,1.0,1,1,1,0,financial_services,ChannelId_3,2,20.0,10.0,2.0,2019.0,3,1,20000,2,0
CustomerId_1613,80000.0,4444.444444444444,18,6166.5341798168665,122000,6777.777777777777,10000,0.2777777777777778,0.7222222222222222,2,2,3,0,airtime,ChannelId_3,2,9.61111111111111,16.61111111111111,4.277777777777778,2018.7222222222222,13,18,122000,2,0
CustomerId_1614,1000.0,200.0,5,670.820393249937,3000,600.0,1000,0.2,0.8,2,2,4,0,airtime,ChannelId_3,2,15.0,5.0,1.0,2019.0,39,5,3000,0,1
CustomerId_1615,10000.0,2000.0,5,5744.562646538028,22000,4400.0,10000,0.4,0.6,2,2,3,0,airtime,ChannelId_3,2,18.0,1.0,2.0,2019.0,12,5,22000,2,0
CustomerId_1617,500.0,500.0,1,0.0,500,500.0,500,0.0,1.0,1,1,1,0,financial_services,ChannelId_3,2,2.0,12.0,2.0,2019.0,2,1,500,0,1
CustomerId_1618,70000.0,5384.615384615385,13,10935.709560414614,122000,9384.615384615385,31000,0.46153846153846156,0.5384615384615384,2,2,4,0,airtime,ChannelId_3,2,13.923076923076923,14.076923076923077,1.5384615384615385,2019.0,1,13,122000,2,0
CustomerId_1619,5000.0,5000.0,1,0.0,5000,5000.0,5000,0.0,1.0,1,1,1,0,financial_services,ChannelId_3,2,6.0,16.0,11.0,2018.0,90,1,5000,3,0
CustomerId_1620,20000.0,4000.0,5,6745.368781616021,32000,6400.0,10000,0.4,0.6,2,2,3,0,financial_services,ChannelId_3,2,14.0,18.0,1.0,2019.0,26,5,32000,2,0
CustomerId_1621,1000.0,1000.0,1,0.0,1000,1000.0,1000,0.0,1.0,1,1,1,0,airtime,ChannelId_3,4,22.0,18.0,1.0,2019.0,26,1,1000,0,1
CustomerId_1622,327965.0,2602.8968253968255,126,5841.643958790182,527775,4188.690476190476,35000,0.3333333333333333,0.6666666666666666,4,4,5,0,airtime,ChannelId_3,2,14.992063492063492,15.11111111111111,7.603174603174603,2018.3968253968253,5,126,527775,2,0
CustomerId_1623,20000.0,4000.0,5,6745.368781616021,32000,6400.0,10000,0.4,0.6,2,2,3,0,financial_services,ChannelId_3,2,9.8,8.0,2.0,2019.0,5,5,32000,2,0
CustomerId_1624,75000.0,4166.666666666667,18,6731.314005102876,127150,7063.888888888889,10000,0.3888888888888889,0.6111111111111112,3,2,4,0,airtime,ChannelId_3,2,13.222222222222221,24.27777777777778,11.333333333333334,2018.0,54,18,127150,3,0
CustomerId_1625,80000.0,3809.5238095238096,21,6981.397049438226,142800,6800.0,10700,0.47619047619047616,0.5238095238095238,2,2,4,0,airtime,ChannelId_3,2,11.619047619047619,20.095238095238095,11.285714285714286,2018.0,55,21,142800,3,0
CustomerId_1626,5875.0,451.9230769230769,13,602.119653327374,8125,625.0,1000,0.3076923076923077,0.6923076923076923,2,2,3,0,financial_services,ChannelId_3,2,13.76923076923077,20.0,1.0,2019.0,24,13,8125,0,1
CustomerId_1627,500.0,500.0,1,0.0,500,500.0,500,0.0,1.0,1,1,1,0,financial_services,ChannelId_3,2,17.0,9.0,2.0,2019.0,4,1,500,0,1
CustomerId_1629,500.0,500.0,1,0.0,500,500.0,500,0.0,1.0,1,1,1,0,airtime,ChannelId_3,4,14.0,27.0,12.0,2018.0,48,1,500,0,1
CustomerId_1632,329100.0,4839.705882352941,68,5940.975589663689,469700,6907.35294117647,11000,0.25,0.75,3,2,4,0,financial_services,ChannelId_3,2,11.617647058823529,17.926470588235293,7.897058823529412,2018.3529411764705,5,68,469700,2,0
CustomerId_1634,93900.0,4942.105263157895,19,6281.305224365189,137130,7217.368421052632,10000,0.3157894736842105,0.6842105263157895,3,2,4,0,airtime,ChannelId_3,2,11.157894736842104,22.36842105263158,11.31578947368421,2018.0,54,19,137130,3,0
CustomerId_1635,20000.0,3333.3333333333335,6,7814.516406449389,42000,7000.0,11000,0.5,0.5,2,2,3,0,airtime,ChannelId_2,2,18.5,11.0,1.0,2019.0,33,6,42000,2,0
CustomerId_1636,75658.0,2364.3125,32,4648.06154835089,89342,2791.9375,14500,0.375,0.625,3,2,3,0,financial_services,ChannelId_3,2,13.40625,19.4375,7.78125,2018.40625,8,32,89342,2,0
CustomerId_1637,10000.0,10000.0,1,0.0,10000,10000.0,10000,0.0,1.0,1,1,1,0,financial_services,ChannelId_3,2,4.0,30.0,1.0,2019.0,15,1,10000,0,1
CustomerId_1638,-525.0,-175.0,3,761.1668673819164,1525,508.3333333333333,1000,0.6666666666666666,0.3333333333333333,2,2,2,0,financial_services,ChannelId_2,2,17.0,16.0,12.0,2018.0,59,3,1525,3,0
CustomerId_1639,17440.0,1245.7142857142858,14,1596.6393277309508,19760,1411.4285714285713,5000,0.42857142857142855,0.5714285714285714,3,2,3,0,financial_services,ChannelId_3,2,6.928571428571429,16.857142857142858,1.0,2019.0,26,14,19760,0,1
CustomerId_1640,3375.0,421.875,8,912.7506994167215,5625,703.125,2000,0.5,0.5,2,2,3,0,financial_services,ChannelId_2,2,14.0,2.0,1.0,2019.0,42,8,5625,0,1
CustomerId_1641,19000.0,3166.6666666666665,6,7626.707459098367,41000,6833.333333333333,10000,0.5,0.5,2,2,3,0,airtime,ChannelId_2,2,19.0,21.0,12.0,2018.0,54,6,41000,3,0
CustomerId_1642,28310.0,2831.0,10,4818.984332823671,31690,3169.0,15000,0.5,0.5,2,2,3,0,financial_services,ChannelId_2,2,9.6,24.4,12.0,2018.0,44,10,31690,3,0
CustomerId_1643,19000.0,3800.0,5,6685.805860178712,31000,6200.0,10000,0.4,0.6,2,2,3,0,financial_services,ChannelId_3,2,20.0,28.0,12.0,2018.0,47,5,31000,3,0
CustomerId_1645,20000.0,4000.0,5,6745.368781616021,32000,6400.0,10000,0.4,0.6,2,2,3,0,financial_services,ChannelId_3,2,12.0,8.0,2.0,2019.0,5,5,32000,2,0
CustomerId_1646,-500.0,-250.0,2,1060.6601717798212,1500,750.0,1000,0.5,0.5,2,2,2,0,airtime,ChannelId_2,2,5.0,5.0,1.0,2019.0,40,2,1500,0,1
CustomerId_1647,16400.0,863.1578947368421,19,899.2036762947471,19000,1000.0,2500,0.3157894736842105,0.6842105263157895,3,2,4,0,financial_services,ChannelId_3,2,15.947368421052632,10.631578947368421,1.2105263157894737,2019.0,11,19,19000,2,0
CustomerId_1649,-525.0,-175.0,3,761.1668673819164,1525,508.3333333333333,1000,0.6666666666666666,0.3333333333333333,2,2,2,0,financial_services,ChannelId_2,2,8.0,19.0,1.0,2019.0,26,3,1525,0,1
CustomerId_1651,20000.0,10000.0,2,0.0,20000,10000.0,10000,0.0,1.0,1,1,1,0,financial_services,ChannelId_3,2,18.0,11.0,2.0,2019.0,2,2,20000,2,0
CustomerId_1652,5000.0,5000.0,1,0.0,5000,5000.0,5000,0.0,1.0,1,1,1,0,financial_services,ChannelId_3,2,4.0,30.0,12.0,2018.0,46,1,5000,0,1
CustomerId_1653,1660475.0,276745.8333333333,6,677653.6302597121,1662525,277087.5,1660000,0.3333333333333333,0.6666666666666666,3,2,3,1,financial_services,ChannelId_3,2,13.166666666666666,25.666666666666668,10.166666666666666,2018.1666666666667,25,6,1662525,2,1
CustomerId_1655,40000.0,4444.444444444444,9,6463.573143221772,62000,6888.888888888889,10000,0.3333333333333333,0.6666666666666666,2,2,3,0,financial_services,ChannelId_3,2,20.0,14.333333333333334,1.4444444444444444,2019.0,12,9,62000,2,0
CustomerId_1656,1069170.0,11879.666666666666,90,21448.27214276508,1308730,14541.444444444445,106300,0.28888888888888886,0.7111111111111111,7,2,4,0,airtime,ChannelId_3,2,10.877777777777778,16.177777777777777,6.544444444444444,2018.5,4,90,1308730,2,0
CustomerId_1657,6000.0,2000.0,3,0.0,6000,2000.0,2000,0.0,1.0,2,1,3,0,airtime,ChannelId_3,4,13.0,23.0,12.0,2018.0,52,3,6000,3,0
CustomerId_1658,103538.0,2407.860465116279,43,4273.288789130046,128032,2977.4883720930234,12000,0.20930232558139536,0.7906976744186046,5,2,4,0,airtime,ChannelId_3,2,16.25581395348837,15.651162790697674,7.023255813953488,2018.4651162790697,7,43,128032,2,0
CustomerId_1659,165000.0,55000.0,3,91810.94705970524,165000,55000.0,161000,0.0,1.0,3,1,2,0,airtime,ChannelId_3,1,22.0,5.0,12.0,2018.0,70,3,165000,3,0
CustomerId_1660,1000.0,1000.0,1,0.0,1000,1000.0,1000,0.0,1.0,1,1,1,0,airtime,ChannelId_3,4,6.0,9.0,12.0,2018.0,67,1,1000,3,0
CustomerId_1661,51691.0,2584.55,20,4472.809472391574,79466,3973.3,11200,0.3,0.7,4,2,3,0,financial_services,ChannelId_3,2,9.55,10.2,1.5,2019.0,1,20,79466,2,0
CustomerId_1663,1693789.0,3528.727083333333,480,7990.886821801907,1766446,3680.0958333333333,53500,0.35625,0.64375,5,2,3,0,airtime,ChannelId_3,2,16.839583333333334,17.425,6.704166666666667,2018.4854166666667,11,480,1766446,2,0
CustomerId_1664,1000.0,1000.0,1,0.0,1000,1000.0,1000,0.0,1.0,1,1,1,0,financial_services,ChannelId_3,2,7.0,20.0,11.0,2018.0,86,1,1000,3,0
CustomerId_1666,50000.0,50000.0,1,0.0,50000,50000.0,50000,0.0,1.0,1,1,1,0,financial_services,ChannelId_3,2,8.0,11.0,1.0,2019.0,34,1,50000,2,0
CustomerId_1669,-525.0,-175.0,3,761.1668673819164,1525,508.3333333333333,1000,0.6666666666666666,0.3333333333333333,2,2,2,0,financial_services,ChannelId_2,2,15.0,14.0,1.0,2019.0,30,3,1525,0,1
CustomerId_1670,229685.0,15312.333333333334,15,32311.918289136123,244085,16272.333333333334,120000,0.4666666666666667,0.5333333333333333,4,2,3,0,financial_services,ChannelId_3,2,13.4,7.066666666666666,12.0,2018.0,62,15,244085,3,0
CustomerId_1671,10000.0,5000.0,2,0.0,10000,5000.0,5000,0.0,1.0,1,1,1,0,airtime,ChannelId_3,1,14.0,2.0,12.0,2018.0,73,2,10000,3,0
CustomerId_1672,20250.0,3375.0,6,3767.45935611786,22250,3708.3333333333335,10000,0.16666666666666666,0.8333333333333334,3,2,3,0,airtime,ChannelId_3,4,13.5,10.0,2.8333333333333335,2018.8333333333333,35,6,22250,0,1
CustomerId_1674,20000.0,20000.0,1,0.0,20000,20000.0,20000,0.0,1.0,1,1,1,0,financial_services,ChannelId_3,2,13.0,23.0,11.0,2018.0,82,1,20000,3,0
CustomerId_1676,164000.0,5125.0,32,6332.201370262034,236000,7375.0,15000,0.25,0.75,2,2,3,0,airtime,ChannelId_3,2,14.09375,18.3125,6.21875,2018.53125,5,32,236000,2,0
CustomerId_1679,9000.0,2250.0,4,6601.767440112787,21000,5250.0,10000,0.5,0.5,2,2,3,0,airtime,ChannelId_2,2,7.25,21.0,12.0,2018.0,55,4,21000,3,0
CustomerId_1680,743150.0,67559.09090909091,11,147897.88169237215,764850,69531.81818181818,500000,0.36363636363636365,0.6363636363636364,2,2,3,1,financial_services,ChannelId_3,2,12.272727272727273,13.727272727272727,6.181818181818182,2018.5454545454545,12,11,764850,2,1
CustomerId_1681,50000.0,3846.153846153846,13,8060.667402539258,102000,7846.153846153846,15000,0.46153846153846156,0.5384615384615384,2,2,4,0,airtime,ChannelId_3,2,13.846153846153847,14.153846153846153,1.5384615384615385,2019.0,1,13,102000,2,0
CustomerId_1683,99500.0,8291.666666666666,12,12384.84839216733,125780,10481.666666666666,32900,0.16666666666666666,0.8333333333333334,4,2,3,0,airtime,ChannelId_3,2,11.666666666666666,10.166666666666666,9.333333333333334,2018.25,8,12,125780,2,0
CustomerId_1684,61000.0,4692.307692307692,13,5963.564585388723,83000,6384.615384615385,15000,0.23076923076923078,0.7692307692307693,2,2,4,0,financial_services,ChannelId_3,2,14.23076923076923,17.615384615384617,1.3076923076923077,2019.0,12,13,83000,2,0
CustomerId_1686,1000.0,1000.0,1,0.0,1000,1000.0,1000,0.0,1.0,1,1,1,0,airtime,ChannelId_3,4,15.0,6.0,2.0,2019.0,7,1,1000,0,1
CustomerId_1687,2000.0,2000.0,1,0.0,2000,2000.0,2000,0.0,1.0,1,1,1,0,financial_services,ChannelId_3,2,3.0,15.0,12.0,2018.0,61,1,2000,3,0
CustomerId_1688,110779.0,6923.6875,16,7204.237028478449,124121,7757.5625,21800,0.25,0.75,3,2,4,0,financial_services,ChannelId_3,2,9.25,13.9375,6.5,2018.5,24,16,124121,2,0
CustomerId_1690,2017630.0,96077.61904761905,21,138962.67351899797,2018370,96112.85714285714,300000,0.19047619047619047,0.8095238095238095,2,2,3,0,airtime,ChannelId_3,2,13.952380952380953,18.285714285714285,11.0,2018.0,81,21,2018370,3,0
CustomerId_1692,11950.0,1707.142857142857,7,3721.606795841971,14050,2007.142857142857,10000,0.2857142857142857,0.7142857142857143,2,2,3,0,financial_services,ChannelId_3,2,14.857142857142858,14.142857142857142,4.142857142857143,2018.7142857142858,27,7,14050,0,1
CustomerId_1694,100000.0,4545.454545454545,22,6162.306871134055,152000,6909.090909090909,10000,0.2727272727272727,0.7272727272727273,2,2,3,0,airtime,ChannelId_3,2,7.545454545454546,17.09090909090909,5.681818181818182,2018.590909090909,13,22,152000,2,0
CustomerId_1695,785327.0,8180.489583333333,96,31408.92303420019,812278,8461.229166666666,250000,0.3333333333333333,0.6666666666666666,3,2,4,0,airtime,ChannelId_3,2,13.71875,12.8125,1.1041666666666667,2019.0,7,96,812278,2,0
CustomerId_1696,29090.0,2644.5454545454545,11,3370.087131325728,31510,2864.5454545454545,11000,0.36363636363636365,0.6363636363636364,3,2,3,0,financial_services,ChannelId_3,2,14.272727272727273,10.727272727272727,1.0,2019.0,26,11,31510,2,0
CustomerId_1697,30000.0,3000.0,10,6429.100507328637,62000,6200.0,10000,0.4,0.6,2,2,4,0,airtime,ChannelId_3,2,8.8,14.8,1.6,2019.0,6,10,62000,2,0
CustomerId_1698,499000.0,249500.0,2,354260.49737446033,501000,250500.0,500000,0.5,0.5,2,2,2,1,airtime,ChannelId_3,2,20.0,15.0,1.5,2019.0,3,2,501000,2,1
CustomerId_1699,616150.0,4080.46357615894,151,9238.590996304458,1102562,7301.735099337749,66856,0.4503311258278146,0.5496688741721855,2,2,4,0,airtime,ChannelId_3,2,13.933774834437086,10.516556291390728,10.973509933774835,2018.0794701986756,36,151,1102562,2,0
CustomerId_1701,70000.0,2800.0,25,6186.342484322488,140000,5600.0,10000,0.28,0.72,2,2,5,0,airtime,ChannelId_3,2,13.68,10.36,1.6,2019.0,1,25,140000,2,0
CustomerId_1702,12080.0,862.8571428571429,14,1139.0510799070262,12920,922.8571428571429,3000,0.5,0.5,2,2,2,0,airtime,ChannelId_2,2,11.285714285714286,15.285714285714286,11.0,2018.0,89,14,12920,3,0
CustomerId_1703,-525.0,-175.0,3,761.1668673819164,1525,508.3333333333333,1000,0.6666666666666666,0.3333333333333333,2,2,2,0,financial_services,ChannelId_2,2,21.0,11.0,12.0,2018.0,64,3,1525,3,0
CustomerId_1705,-50.0,-16.666666666666668,3,1000.4165798972613,2050,683.3333333333334,1000,0.6666666666666666,0.3333333333333333,2,2,2,0,financial_services,ChannelId_2,2,18.0,11.0,2.0,2019.0,2,3,2050,0,1
CustomerId_1707,11000.0,1571.4285714285713,7,2801.466452719769,16000,2285.714285714286,5000,0.5714285714285714,0.42857142857142855,2,2,4,0,financial_services,ChannelId_2,2,10.714285714285714,12.428571428571429,1.0,2019.0,26,7,16000,0,1
CustomerId_1708,20000.0,3333.3333333333335,6,6088.2400303098,32000,5333.333333333333,10000,0.3333333333333333,0.6666666666666666,2,2,3,0,airtime,ChannelId_3,2,11.333333333333334,1.0,2.0,2019.0,12,6,32000,2,0
CustomerId_1709,851985.0,1625.925572519084,524,3207.920535895807,998873,1906.246183206107,23000,0.3320610687022901,0.6679389312977099,4,2,4,0,airtime,ChannelId_3,2,12.219465648854962,17.65648854961832,7.152671755725191,2018.4198473282443,1,524,998873,2,0
CustomerId_1710,2980.0,596.0,5,1142.838571277676,5020,1004.0,2000,0.4,0.6,2,2,3,0,financial_services,ChannelId_3,2,19.2,21.6,1.0,2019.0,22,5,5020,0,1
CustomerId_1712,1000.0,1000.0,1,0.0,1000,1000.0,1000,0.0,1.0,1,1,1,0,airtime,ChannelId_3,4,16.0,5.0,1.0,2019.0,39,1,1000,0,1
CustomerId_1713,42814.0,910.936170212766,47,993.1032260426497,45746,973.3191489361702,3300,0.23404255319148937,0.7659574468085106,2,3,3,0,financial_services,ChannelId_3,2,16.19148936170213,21.425531914893618,9.680851063829786,2018.1914893617022,21,47,45746,2,0
CustomerId_1714,29000.0,4142.857142857143,7,7425.823667638301,51000,7285.714285714285,10000,0.42857142857142855,0.5714285714285714,2,2,3,0,airtime,ChannelId_3,2,6.857142857142857,13.0,12.0,2018.0,62,7,51000,3,0
CustomerId_1716,80000.0,80000.0,1,0.0,80000,80000.0,80000,0.0,1.0,1,1,1,0,ticket,ChannelId_1,4,18.0,13.0,12.0,2018.0,62,1,80000,3,0
CustomerId_1717,40000.0,3333.3333333333335,12,7202.69309902816,82000,6833.333333333333,11000,0.4166666666666667,0.5833333333333334,2,2,4,0,airtime,ChannelId_3,2,12.333333333333334,15.75,1.5,2019.0,1,12,82000,2,0
CustomerId_1719,5000.0,5000.0,1,0.0,5000,5000.0,5000,0.0,1.0,1,1,1,0,airtime,ChannelId_3,2,6.0,11.0,2.0,2019.0,3,1,5000,0,1
CustomerId_1720,19000.0,3166.6666666666665,6,7626.707459098367,41000,6833.333333333333,10000,0.5,0.5,2,2,3,0,airtime,ChannelId_2,2,16.0,28.0,12.0,2018.0,47,6,41000,3,0
CustomerId_1721,19000.0,3166.6666666666665,6,7626.707459098367,41000,6833.333333333333,10000,0.5,0.5,2,2,3,0,airtime,ChannelId_2,2,14.0,28.0,12.0,2018.0,47,6,41000,3,0
CustomerId_1722,1000.0,1000.0,1,0.0,1000,1000.0,1000,0.0,1.0,1,1,1,0,financial_services,ChannelId_3,2,19.0,23.0,1.0,2019.0,21,1,1000,0,1
CustomerId_1723,800.0,800.0,1,0.0,800,800.0,800,0.0,1.0,1,1,1,0,airtime,ChannelId_3,2,10.0,19.0,11.0,2018.0,86,1,800,3,0
CustomerId_1724,1000000.0,1000000.0,1,0.0,1000000,1000000.0,1000000,0.0,1.0,1,1,1,0,financial_services,ChannelId_3,2,20.0,15.0,1.0,2019.0,29,1,1000000,2,0
CustomerId_1725,25950.0,1297.5,20,1665.5301826966943,27050,1352.5,5000,0.4,0.6,2,2,3,0,financial_services,ChannelId_3,2,10.35,19.1,11.0,2018.0,85,20,27050,3,0
CustomerId_1726,6880.0,1146.6666666666667,6,2150.410813464875,9120,1520.0,5000,0.5,0.5,2,2,3,0,financial_services,ChannelId_2,2,9.833333333333334,18.333333333333332,12.0,2018.0,56,6,9120,3,0
CustomerId_1728,4500.0,1500.0,3,3122.4989991991993,6500,2166.6666666666665,5000,0.3333333333333333,0.6666666666666666,2,2,3,0,financial_services,ChannelId_3,2,15.0,5.0,1.0,2019.0,39,3,6500,0,1
CustomerId_1729,40000.0,5000.0,8,6053.334382210944,52000,6500.0,10000,0.25,0.75,2,2,3,0,financial_services,ChannelId_3,2,13.0,11.0,1.0,2019.0,33,8,52000,2,0
CustomerId_1730,166430.0,2641.746031746032,63,7503.213836080088,174970,2777.3015873015875,50000,0.3968253968253968,0.6031746031746031,2,2,4,0,financial_services,ChannelId_3,2,16.761904761904763,16.07936507936508,6.587301587301587,2018.4920634920634,27,63,174970,2,0
CustomerId_1731,348000.0,15130.434782608696,23,41346.052738745195,361000,15695.652173913044,145000,0.30434782608695654,0.6956521739130435,2,2,3,0,financial_services,ChannelId_3,2,10.826086956521738,14.608695652173912,12.0,2018.0,56,23,361000,3,0
CustomerId_1732,161000.0,8944.444444444445,18,26099.85851262579,211000,11722.222222222223,80000,0.2777777777777778,0.7222222222222222,3,2,3,0,airtime,ChannelId_3,2,16.166666666666668,8.722222222222221,12.0,2018.0,53,18,211000,3,0
CustomerId_1733,180000.0,4736.8421052631575,38,6491.9251736970855,282000,7421.0526315789475,15000,0.2894736842105263,0.7105263157894737,2,2,3,0,financial_services,ChannelId_3,2,13.0,17.263157894736842,6.2631578947368425,2018.5263157894738,5,38,282000,2,0
CustomerId_1735,-17000.0,-5666.666666666667,3,7505.553499465135,23000,7666.666666666667,10000,0.6666666666666666,0.3333333333333333,2,2,2,0,airtime,ChannelId_5,4,4.0,15.333333333333334,1.0,2019.0,19,3,23000,2,0
CustomerId_1736,475.0,237.5,2,371.23106012293744,525,262.5,500,0.5,0.5,2,2,2,0,airtime,ChannelId_2,2,19.0,10.0,1.0,2019.0,34,2,525,0,1
CustomerId_1738,20000.0,4000.0,5,6745.368781616021,32000,6400.0,10000,0.4,0.6,2,2,3,0,financial_services,ChannelId_3,2,7.0,8.0,2.0,2019.0,6,5,32000,2,0
CustomerId_1739,11391.0,599.5263157894736,19,428.4543756886883,11609,611.0,1000,0.2631578947368421,0.7368421052631579,2,2,3,0,financial_services,ChannelId_3,2,15.368421052631579,12.421052631578947,4.7368421052631575,2018.6842105263158,9,19,11609,0,1
CustomerId_1741,13000.0,4333.333333333333,3,4932.882862316247,14200,4733.333333333333,11200,0.0,1.0,3,1,1,0,airtime,ChannelId_3,2,5.0,5.0,1.0,2019.0,40,3,14200,0,1
CustomerId_1742,7000.0,2333.3333333333335,3,1154.7005383792514,7000,2333.3333333333335,3000,0.0,1.0,2,1,1,0,financial_services,ChannelId_3,2,11.0,20.333333333333332,1.0,2019.0,24,3,7000,0,1
CustomerId_1744,5000.0,5000.0,1,0.0,5000,5000.0,5000,0.0,1.0,1,1,1,0,financial_services,ChannelId_3,2,4.0,11.0,1.0,2019.0,34,1,5000,0,1
CustomerId_1748,64000.0,21333.333333333332,3,35218.366420567174,64000,21333.333333333332,62000,0.0,1.0,2,1,1,0,airtime,ChannelId_3,4,16.0,23.666666666666668,1.0,2019.0,20,3,64000,2,0
CustomerId_1749,950.0,237.5,4,962.0940702446928,3050,762.5,1000,0.5,0.5,2,2,2,0,airtime,ChannelId_2,2,10.5,10.75,1.0,2019.0,34,4,3050,0,1
CustomerId_1750,25100.0,1195.2380952380952,21,1400.6877919351587,25900,1233.3333333333333,5000,0.38095238095238093,0.6190476190476191,2,2,4,0,financial_services,ChannelId_3,2,8.333333333333334,15.047619047619047,6.476190476190476,2018.5238095238096,1,21,25900,2,0
CustomerId_1752,950.0,237.5,4,962.0940702446928,3050,762.5,1000,0.5,0.5,2,2,2,0,airtime,ChannelId_2,2,19.0,21.0,1.0,2019.0,23,4,3050,0,1
CustomerId_1753,250000.0,250000.0,1,0.0,250000,250000.0,250000,0.0,1.0,1,1,1,0,financial_services,ChannelId_3,0,9.0,8.0,12.0,2018.0,68,1,250000,3,0
CustomerId_1754,500.0,500.0,1,0.0,500,500.0,500,0.0,1.0,1,1,1,0,airtime,ChannelId_3,4,7.0,27.0,12.0,2018.0,49,1,500,0,1
CustomerId_1755,5000.0,5000.0,1,0.0,5000,5000.0,5000,0.0,1.0,1,1,1,0,airtime,ChannelId_3,4,6.0,2.0,1.0,2019.0,43,1,5000,0,1
CustomerId_1756,5000.0,5000.0,1,0.0,5000,5000.0,5000,0.0,1.0,1,1,1,0,financial_services,ChannelId_3,2,5.0,15.0,12.0,2018.0,61,1,5000,3,0
CustomerId_1757,950.0,237.5,4,303.10889132455355,1050,262.5,500,0.5,0.5,2,2,3,0,airtime,ChannelId_2,4,9.5,11.0,11.5,2018.0,70,4,1050,3,0
CustomerId_1758,113704.5,1249.5,91,3741.2426790216814,187386,2059.186813186813,22000,0.3626373626373626,0.6373626373626373,3,3,4,0,airtime,ChannelId_3,2,14.241758241758241,16.10989010989011,9.274725274725276,2018.2197802197802,8,91,187386,2,0
CustomerId_1759,24000.0,2400.0,10,5896.326540030383,50000,5000.0,21000,0.3,0.7,4,2,3,0,airtime,ChannelId_3,2,11.4,13.6,6.5,2018.5,32,10,50000,2,0
CustomerId_1762,15153.0,1515.3,10,1973.889789223299,19197,1919.7,5750,0.3,0.7,3,2,4,0,financial_services,ChannelId_3,2,9.3,2.7,2.0,2019.0,6,10,19197,2,0
CustomerId_1763,40000.0,3076.923076923077,13,6143.581182306436,72000,5538.461538461538,10000,0.3076923076923077,0.6923076923076923,2,2,3,0,airtime,ChannelId_3,2,15.23076923076923,21.846153846153847,1.0,2019.0,19,13,72000,2,0
CustomerId_1764,11000.0,5500.0,2,6363.961030678927,11000,5500.0,10000,0.0,1.0,2,1,1,0,airtime,ChannelId_3,2,13.5,15.5,11.5,2018.0,74,2,11000,3,0
CustomerId_1767,294940.0,14044.761904761905,21,18201.703867783264,318060,15145.714285714286,53500,0.42857142857142855,0.5714285714285714,3,2,4,0,airtime,ChannelId_3,2,14.142857142857142,11.761904761904763,1.3333333333333333,2019.0,2,21,318060,2,0
CustomerId_1768,219052.0,3221.3529411764707,68,6619.986102737601,266899,3924.985294117647,30000,0.5294117647058824,0.47058823529411764,4,2,3,0,financial_services,ChannelId_2,2,12.073529411764707,12.705882352941176,7.397058823529412,2018.4264705882354,11,68,266899,2,0
CustomerId_1769,10000.0,10000.0,1,0.0,11200,11200.0,11200,0.0,1.0,1,1,1,0,utility_bill,ChannelId_3,2,18.0,4.0,1.0,2019.0,40,1,11200,0,1
CustomerId_1770,14800.0,1850.0,8,4356.604182158393,28000,3500.0,11200,0.25,0.75,3,2,3,0,airtime,ChannelId_3,2,15.75,9.875,2.0,2019.0,1,8,28000,2,0
CustomerId_1773,80206.55,3341.9395833333333,24,7052.10165040211,89372,3723.8333333333335,26720,0.375,0.625,3,2,4,0,financial_services,ChannelId_3,2,11.125,8.666666666666666,1.875,2019.0,5,24,89372,2,0
CustomerId_1774,179000.0,4710.526315789473,38,6405.900551652917,271000,7131.578947368421,15000,0.2631578947368421,0.7368421052631579,2,2,3,0,airtime,ChannelId_3,2,12.710526315789474,14.736842105263158,4.973684210526316,2018.657894736842,5,38,271000,2,0
CustomerId_1776,490.0,245.0,2,360.62445840513925,510,255.0,500,0.5,0.5,2,2,2,0,airtime,ChannelId_2,2,7.0,31.0,12.0,2018.0,45,2,510,0,1
CustomerId_1782,44908.0,2363.5789473684213,19,4897.808062068735,51162,2692.7368421052633,20000,0.2631578947368421,0.7368421052631579,3,2,3,0,airtime,ChannelId_3,2,13.894736842105264,8.421052631578947,2.0,2019.0,1,19,51162,2,0
CustomerId_1784,40000.0,4444.444444444444,9,6463.573143221772,62000,6888.888888888889,10000,0.3333333333333333,0.6666666666666666,2,2,3,0,financial_services,ChannelId_3,2,9.444444444444445,4.111111111111111,2.0,2019.0,5,9,62000,2,0
CustomerId_1786,150000.0,5172.413793103448,29,6064.763365524079,202800,6993.103448275862,10000,0.27586206896551724,0.7241379310344828,2,2,3,0,airtime,ChannelId_3,2,13.517241379310345,15.89655172413793,3.2413793103448274,2018.8275862068965,6,29,202800,2,0
CustomerId_1790,192710.0,7137.407407407408,27,11411.582372778645,229720,8508.148148148148,50000,0.25925925925925924,0.7407407407407407,4,2,3,0,financial_services,ChannelId_3,2,11.37037037037037,12.333333333333334,1.7407407407407407,2019.0,2,27,229720,2,0
CustomerId_1791,30000.0,5000.0,6,6511.528238439882,42000,7000.0,10000,0.3333333333333333,0.6666666666666666,2,2,4,0,financial_services,ChannelId_3,2,12.0,11.0,1.0,2019.0,33,6,42000,2,0
CustomerId_1792,1000000.0,1000000.0,1,0.0,1000000,1000000.0,1000000,0.0,1.0,1,1,1,0,financial_services,ChannelId_3,0,6.0,30.0,11.0,2018.0,76,1,1000000,3,0
CustomerId_1794,10000.0,1111.111111111111,9,3838.7642687603407,20000,2222.222222222222,10000,0.1111111111111111,0.8888888888888888,2,2,3,0,airtime,ChannelId_3,2,13.88888888888889,8.222222222222221,11.777777777777779,2018.0,73,9,20000,3,0
CustomerId_1795,39000.0,3900.0,10,9122.01244852862,81000,8100.0,20000,0.5,0.5,2,2,4,0,airtime,ChannelId_2,2,14.3,14.1,1.5,2019.0,1,10,81000,2,0
CustomerId_1797,8000.0,2666.6666666666665,3,577.3502691896257,8000,2666.6666666666665,3000,0.0,1.0,1,1,2,0,airtime,ChannelId_3,4,8.666666666666666,1.0,1.0,2019.0,44,3,8000,0,1
CustomerId_1798,50000.0,50000.0,1,0.0,50000,50000.0,50000,0.0,1.0,1,1,1,0,financial_services,ChannelId_3,2,14.0,8.0,1.0,2019.0,36,1,50000,2,0
CustomerId_1800,15000.0,3000.0,5,6745.368781616021,27000,5400.0,10000,0.4,0.6,2,2,3,0,financial_services,ChannelId_3,2,9.0,1.0,2.0,2019.0,13,5,27000,2,0
CustomerId_1801,11875.0,659.7222222222222,18,792.1832679786663,14125,784.7222222222222,2000,0.3888888888888889,0.6111111111111112,2,2,3,0,financial_services,ChannelId_3,2,9.722222222222221,26.72222222222222,1.0,2019.0,13,18,14125,0,1
CustomerId_1802,21000.0,7000.0,3,5196.152422706632,21000,7000.0,10000,0.0,1.0,2,1,2,0,financial_services,ChannelId_3,2,5.0,6.0,2.0,2019.0,8,3,21000,2,0
CustomerId_1805,343644.25,11849.801724137931,29,34907.86393668666,390317,13459.206896551725,190000,0.3103448275862069,0.6896551724137931,3,2,3,0,financial_services,ChannelId_3,2,11.724137931034482,24.586206896551722,10.724137931034482,2018.0689655172414,42,29,390317,2,0
CustomerId_1806,60000.0,3000.0,20,4313.381870168087,74000,3700.0,10000,0.2,0.8,2,2,3,0,airtime,ChannelId_3,2,9.95,21.8,11.3,2018.0,71,20,74000,3,0
CustomerId_1807,30000.0,5000.0,6,7745.966692414834,50000,8333.333333333334,10000,0.3333333333333333,0.6666666666666666,2,2,3,0,airtime,ChannelId_3,2,12.0,21.0,12.0,2018.0,54,6,50000,3,0
CustomerId_1809,56156.42,2955.601052631579,19,4067.6853813684793,68836,3622.9473684210525,10000,0.3684210526315789,0.631578947368421,3,2,4,0,financial_services,ChannelId_3,2,13.842105263157896,13.68421052631579,11.526315789473685,2018.0,63,19,68836,3,0
CustomerId_1810,85000.0,3695.6521739130435,23,6983.322878041107,167000,7260.869565217391,10000,0.391304347826087,0.6086956521739131,2,2,5,0,airtime,ChannelId_3,2,13.304347826086957,18.782608695652176,4.130434782608695,2018.7391304347825,1,23,167000,2,0
CustomerId_1811,1975.0,658.3333333333334,3,591.7840259193664,2025,675.0,1000,0.3333333333333333,0.6666666666666666,2,2,2,0,airtime,ChannelId_3,2,17.666666666666668,19.333333333333332,11.0,2018.0,85,3,2025,3,0
CustomerId_1812,403794.0,11536.971428571429,35,57058.337898972124,1239912,35426.05714285714,200000,0.45714285714285713,0.5428571428571428,4,3,5,0,financial_services,ChannelId_3,2,12.685714285714285,16.771428571428572,4.857142857142857,2018.6571428571428,9,35,1239912,2,0
CustomerId_1813,19280.0,3856.0,5,7210.279328847116,23950,4790.0,16480,0.6,0.4,3,2,2,0,financial_services,ChannelId_2,2,15.2,5.2,12.0,2018.0,68,5,23950,3,0
CustomerId_1815,76505.0,968.4177215189874,79,1323.9629575691515,81685,1033.987341772152,5000,0.4050632911392405,0.5949367088607594,2,2,3,0,airtime,ChannelId_3,2,10.113924050632912,15.949367088607595,7.670886075949367,2018.392405063291,1,79,81685,2,0
CustomerId_1817,19000.0,3166.6666666666665,6,7626.707459098367,41000,6833.333333333333,10000,0.5,0.5,2,2,3,0,airtime,ChannelId_2,2,8.0,21.0,12.0,2018.0,55,6,41000,3,0
CustomerId_1820,14800.0,1480.0,10,2071.3924463188205,17200,1720.0,5000,0.3,0.7,2,2,3,0,airtime,ChannelId_3,2,13.7,9.9,1.0,2019.0,28,10,17200,0,1
CustomerId_1821,10000.0,10000.0,1,0.0,10000,10000.0,10000,0.0,1.0,1,1,1,0,financial_services,ChannelId_3,2,6.0,10.0,2.0,2019.0,4,1,10000,0,1
CustomerId_1825,120000.0,6315.789473684211,19,8818.809642393466,171400,9021.052631578947,20000,0.3684210526315789,0.631578947368421,2,2,3,0,financial_services,ChannelId_3,2,13.0,19.842105263157894,8.473684210526315,2018.3157894736842,5,19,171400,2,0
CustomerId_1827,19000.0,3166.6666666666665,6,7626.707459098367,41000,6833.333333333333,10000,0.5,0.5,2,2,3,0,airtime,ChannelId_2,2,21.0,21.0,12.0,2018.0,54,6,41000,3,0
CustomerId_1828,9000.0,1800.0,5,7661.592523751182,31000,6200.0,10000,0.6,0.4,2,2,2,0,financial_services,ChannelId_2,2,20.0,21.0,12.0,2018.0,54,5,31000,3,0
CustomerId_1830,2800.0,311.1111111111111,9,719.2781875680029,5200,577.7777777777778,1000,0.5555555555555556,0.4444444444444444,2,2,2,0,financial_services,ChannelId_2,2,17.444444444444443,10.0,12.0,2018.0,65,9,5200,3,0
CustomerId_1831,296800.0,21200.0,14,39865.4853611106,313200,22371.428571428572,150000,0.42857142857142855,0.5714285714285714,3,2,3,0,financial_services,ChannelId_3,2,9.0,19.571428571428573,8.071428571428571,2018.357142857143,32,14,313200,2,0
CustomerId_1833,784000.0,78400.0,10,93932.83652577398,816000,81600.0,240000,0.4,0.6,2,2,2,0,ticket,ChannelId_3,2,12.9,14.0,12.0,2018.0,61,10,816000,3,0
CustomerId_1835,19000.0,3166.6666666666665,6,7626.707459098367,41000,6833.333333333333,10000,0.5,0.5,2,2,3,0,airtime,ChannelId_2,2,16.166666666666668,28.0,12.0,2018.0,47,6,41000,3,0
CustomerId_1836,5000.0,5000.0,1,0.0,5000,5000.0,5000,0.0,1.0,1,1,1,0,financial_services,ChannelId_3,2,7.0,23.0,1.0,2019.0,22,1,5000,0,1
CustomerId_1838,1000.0,1000.0,1,0.0,1000,1000.0,1000,0.0,1.0,1,1,1,0,airtime,ChannelId_3,4,20.0,15.0,1.0,2019.0,29,1,1000,0,1
CustomerId_1839,26628.0,1566.3529411764705,17,2802.43530124195,28772,1692.4705882352941,10000,0.35294117647058826,0.6470588235294118,3,2,3,0,financial_services,ChannelId_3,2,12.764705882352942,14.882352941176471,11.470588235294118,2018.0,68,17,28772,3,0
CustomerId_1841,110000.0,5000.0,22,6218.25270205921,162000,7363.636363636364,10000,0.2727272727272727,0.7272727272727273,2,2,3,0,airtime,ChannelId_3,2,10.090909090909092,10.136363636363637,1.3636363636363635,2019.0,6,22,162000,2,0
CustomerId_1843,965.0,74.23076923076923,13,910.5535087559064,9055,696.5384615384615,2000,0.5384615384615384,0.46153846153846156,3,2,3,0,financial_services,ChannelId_2,2,10.923076923076923,27.53846153846154,11.076923076923077,2018.0,62,13,9055,3,0
CustomerId_1844,47175.0,4717.5,10,5456.622505420974,57225,5722.5,10500,0.2,0.8,2,2,3,0,airtime,ChannelId_3,2,9.1,24.0,9.8,2018.2,40,10,57225,2,0
CustomerId_1845,28400.0,2184.6153846153848,13,2932.745060475525,31600,2430.769230769231,10000,0.3076923076923077,0.6923076923076923,2,2,4,0,airtime,ChannelId_3,2,10.692307692307692,10.0,1.4615384615384615,2019.0,6,13,31600,2,0
CustomerId_1846,37535.0,2345.9375,16,10422.491579711957,118085,7380.3125,21000,0.5,0.5,3,3,3,0,financial_services,ChannelId_3,2,12.75,16.9375,1.0,2019.0,16,16,118085,2,0
CustomerId_1848,77140.0,5142.666666666667,15,12650.616600820387,81700,5446.666666666667,50000,0.26666666666666666,0.7333333333333333,3,2,3,0,financial_services,ChannelId_3,2,14.0,22.2,5.466666666666667,2018.6,10,15,81700,2,0
CustomerId_1849,60220.0,2076.551724137931,29,2659.57337591425,61780,2130.344827586207,10000,0.3103448275862069,0.6896551724137931,2,2,3,0,financial_services,ChannelId_3,2,11.275862068965518,14.862068965517242,2.9655172413793105,2018.8275862068965,4,29,61780,2,0
CustomerId_1850,1509988.0,1509988.0,1,0.0,1509988,1509988.0,1509988,0.0,1.0,1,1,1,1,financial_services,ChannelId_3,2,15.0,21.0,1.0,2019.0,23,1,1509988,2,1
CustomerId_1852,2000.0,2000.0,1,0.0,2000,2000.0,2000,0.0,1.0,1,1,1,0,airtime,ChannelId_3,2,14.0,22.0,1.0,2019.0,22,1,2000,0,1
CustomerId_1853,1000.0,1000.0,1,0.0,1000,1000.0,1000,0.0,1.0,1,1,1,0,airtime,ChannelId_3,4,8.0,21.0,12.0,2018.0,55,1,1000,0,1
CustomerId_1855,1950.0,390.0,5,900.2777349240622,4050,810.0,1000,0.4,0.6,2,2,2,0,airtime,ChannelId_3,4,17.2,9.6,2.0,2019.0,1,5,4050,0,1
CustomerId_1856,60600.0,30300.0,2,42002.14280248092,60600,30300.0,60000,0.0,1.0,1,1,2,0,financial_services,ChannelId_3,2,17.0,22.0,1.0,2019.0,19,2,60600,2,0
CustomerId_1858,3696125.0,66002.23214285714,56,302017.51960609475,3708555,66224.19642857143,2000000,0.30357142857142855,0.6964285714285714,3,3,5,2,financial_services,ChannelId_3,2,15.0,11.25,9.803571428571429,2018.1964285714287,33,56,3708555,2,1
CustomerId_1859,-25.0,-6.25,4,707.2172579907818,2025,506.25,1000,0.5,0.5,2,2,3,0,financial_services,ChannelId_2,2,13.0,15.0,12.0,2018.0,60,4,2025,3,0
CustomerId_1860,279920.0,5955.744680851064,47,5858.465589540472,332976,7084.595744680851,12000,0.2765957446808511,0.723404255319149,3,2,4,0,financial_services,ChannelId_3,2,12.97872340425532,16.361702127659573,4.0212765957446805,2018.7446808510638,2,47,332976,2,0
CustomerId_1861,19000.0,3800.0,5,6685.805860178712,31000,6200.0,10000,0.4,0.6,2,2,3,0,financial_services,ChannelId_3,2,11.0,21.0,12.0,2018.0,54,5,31000,3,0
CustomerId_1862,2425.0,485.0,5,518.8930525647843,2575,515.0,1000,0.4,0.6,2,2,3,0,financial_services,ChannelId_3,2,13.0,19.0,11.0,2018.0,84,5,2575,3,0
CustomerId_1864,111600.0,4133.333333333333,27,5747.173218200405,161600,5985.185185185185,10000,0.18518518518518517,0.8148148148148148,3,2,4,0,airtime,ChannelId_3,2,17.444444444444443,17.925925925925927,1.5925925925925926,2018.962962962963,6,27,161600,2,0
CustomerId_1867,130000.0,4193.548387096775,31,5869.749312300084,192000,6193.548387096775,10000,0.22580645161290322,0.7741935483870968,2,2,3,0,airtime,ChannelId_3,2,9.741935483870968,16.967741935483872,5.096774193548387,2018.6451612903227,9,31,192000,2,0
CustomerId_1870,9800.0,2450.0,4,6481.5121692395205,20200,5050.0,10000,0.5,0.5,2,2,3,0,airtime,ChannelId_2,2,14.25,16.0,11.0,2018.0,89,4,20200,3,0
CustomerId_1871,50000.0,2941.176470588235,17,4019.026440496724,63000,3705.8823529411766,11000,0.17647058823529413,0.8235294117647058,2,2,3,0,financial_services,ChannelId_3,2,15.235294117647058,21.294117647058822,7.470588235294118,2018.4117647058824,33,17,63000,2,0
CustomerId_1872,20000.0,5000.0,4,0.0,20000,5000.0,5000,0.0,1.0,2,1,2,0,airtime,ChannelId_3,1,12.25,8.5,1.0,2019.0,13,4,20000,2,0
CustomerId_1873,1000.0,1000.0,1,0.0,1000,1000.0,1000,0.0,1.0,1,1,1,0,airtime,ChannelId_3,2,14.0,16.0,11.0,2018.0,89,1,1000,3,0
CustomerId_1874,92770.0,4216.818181818182,22,6491.15323700807,108630,4937.727272727273,20000,0.36363636363636365,0.6363636363636364,4,2,4,0,airtime,ChannelId_3,2,12.409090909090908,18.90909090909091,3.409090909090909,2018.7727272727273,10,22,108630,2,0
CustomerId_1875,611180.6,6300.830927835052,97,8624.547655159477,896850,9245.876288659794,20000,0.35051546391752575,0.6494845360824743,3,2,4,0,financial_services,ChannelId_3,2,8.783505154639176,15.34020618556701,6.907216494845361,2018.4536082474226,6,97,896850,2,0
CustomerId_1876,11000.0,3666.6666666666665,3,3785.9388972001825,11000,3666.6666666666665,8000,0.0,1.0,1,1,1,0,financial_services,ChannelId_3,2,14.333333333333334,21.333333333333332,12.0,2018.0,52,3,11000,3,0
CustomerId_1877,180520.0,10028.888888888889,18,16634.36791312736,211490,11749.444444444445,70000,0.2777777777777778,0.7222222222222222,3,2,3,0,financial_services,ChannelId_3,2,13.833333333333334,18.833333333333332,1.6111111111111112,2018.9444444444443,11,18,211490,2,0
CustomerId_1879,1000.0,1000.0,1,0.0,1000,1000.0,1000,0.0,1.0,1,1,1,0,airtime,ChannelId_3,4,9.0,19.0,11.0,2018.0,87,1,1000,3,0
CustomerId_1881,229000.0,6542.857142857143,35,5822.587140473156,291000,8314.285714285714,10000,0.2,0.8,2,2,3,0,financial_services,ChannelId_3,2,13.82857142857143,16.6,8.571428571428571,2018.3142857142857,5,35,291000,2,0
CustomerId_1882,6500.0,1625.0,4,2250.0,6500,1625.0,5000,0.0,1.0,2,1,1,0,airtime,ChannelId_3,2,13.75,23.0,1.0,2019.0,19,4,6500,0,1
CustomerId_1884,10000.0,10000.0,1,0.0,10000,10000.0,10000,0.0,1.0,1,1,1,0,airtime,ChannelId_3,4,13.0,3.0,12.0,2018.0,72,1,10000,3,0
CustomerId_1885,150000.0,150000.0,1,0.0,150000,150000.0,150000,0.0,1.0,1,1,1,0,financial_services,ChannelId_3,2,9.0,15.0,1.0,2019.0,30,1,150000,2,0
CustomerId_1886,7000.0,2333.3333333333335,3,6658.328118479393,17000,5666.666666666667,14000,0.6666666666666666,0.3333333333333333,2,2,2,0,financial_services,ChannelId_2,2,8.0,26.0,12.0,2018.0,50,3,17000,3,0
CustomerId_1887,1000.0,1000.0,1,0.0,1000,1000.0,1000,0.0,1.0,1,1,1,0,airtime,ChannelId_3,4,18.0,19.0,12.0,2018.0,56,1,1000,0,1
CustomerId_1888,10000.0,10000.0,1,0.0,10000,10000.0,10000,0.0,1.0,1,1,1,0,financial_services,ChannelId_3,2,20.0,12.0,12.0,2018.0,63,1,10000,3,0
CustomerId_1889,338150.4,5047.020895522389,67,7483.436394576891,457408,6826.985074626866,35000,0.2835820895522388,0.7164179104477612,3,2,3,0,financial_services,ChannelId_3,2,10.791044776119403,15.970149253731343,6.82089552238806,2018.4626865671642,5,67,457408,2,0
CustomerId_1890,80000.0,8888.888888888889,9,10373.577546396957,102000,11333.333333333334,20000,0.3333333333333333,0.6666666666666666,2,2,4,0,financial_services,ChannelId_3,2,8.0,8.0,2.0,2019.0,6,9,102000,2,0
CustomerId_1891,2008840.0,182621.81818181818,11,602758.2432421506,2011160,182832.72727272726,2000000,0.45454545454545453,0.5454545454545454,3,2,3,1,financial_services,ChannelId_3,2,9.090909090909092,29.363636363636363,12.0,2018.0,45,11,2011160,2,1
CustomerId_1892,10000.0,10000.0,1,0.0,10000,10000.0,10000,0.0,1.0,1,1,1,0,airtime,ChannelId_3,4,15.0,1.0,2.0,2019.0,12,1,10000,0,1
CustomerId_1895,10948.0,842.1538461538462,13,931.6349290498081,11452,880.9230769230769,2500,0.46153846153846156,0.5384615384615384,4,2,2,0,financial_services,ChannelId_3,1,12.384615384615385,18.384615384615383,11.0,2018.0,84,13,11452,3,0
CustomerId_1898,220000.0,3728.813559322034,59,5536.619497910306,312400,5294.9152542372885,10000,0.1864406779661017,0.8135593220338984,2,2,3,0,airtime,ChannelId_3,2,11.254237288135593,18.610169491525422,8.64406779661017,2018.2881355932204,6,59,312400,2,0
CustomerId_1899,50000.0,5000.0,10,6342.099196813483,72000,7200.0,10000,0.3,0.7,2,2,3,0,financial_services,ChannelId_3,2,17.5,13.0,1.5,2019.0,12,10,72000,2,0
CustomerId_1900,30000.0,30000.0,1,0.0,30000,30000.0,30000,0.0,1.0,1,1,1,0,financial_services,ChannelId_3,2,14.0,5.0,1.0,2019.0,39,1,30000,3,0
CustomerId_1901,80000.0,4705.882352941177,17,6302.427170169769,122000,7176.470588235294,10000,0.29411764705882354,0.7058823529411765,2,2,3,0,financial_services,ChannelId_3,2,11.588235294117647,13.588235294117647,1.2352941176470589,2019.0,12,17,122000,2,0
CustomerId_1903,10000.0,10000.0,1,0.0,10000,10000.0,10000,0.0,1.0,1,1,1,0,financial_services,ChannelId_3,2,21.0,24.0,1.0,2019.0,20,1,10000,0,1
CustomerId_1906,190795.0,4437.093023255814,43,12593.765968798009,213355,4961.7441860465115,60000,0.3488372093023256,0.6511627906976745,4,2,5,0,financial_services,ChannelId_3,2,13.511627906976743,17.930232558139537,10.581395348837209,2018.093023255814,31,43,213355,2,0
CustomerId_1907,11000.0,5500.0,2,6363.961030678927,11000,5500.0,10000,0.0,1.0,1,1,2,0,financial_services,ChannelId_3,2,17.5,27.0,11.0,2018.0,78,2,11000,3,0
CustomerId_1908,128387.0,844.6513157894736,152,1376.9323292026936,132137,869.3223684210526,10000,0.40131578947368424,0.5986842105263158,3,2,3,0,financial_services,ChannelId_3,2,11.993421052631579,18.342105263157894,11.269736842105264,2018.0657894736842,26,152,132137,2,0
CustomerId_1911,5216371.0,127228.56097560975,41,129111.61773017347,5379179,131199.48780487804,288400,0.1951219512195122,0.8048780487804879,5,2,3,0,tv,ChannelId_1,2,13.195121951219512,15.853658536585366,1.0,2019.0,21,41,5379179,2,0
CustomerId_1913,500.0,500.0,1,0.0,500,500.0,500,0.0,1.0,1,1,1,0,financial_services,ChannelId_3,2,14.0,28.0,11.0,2018.0,77,1,500,3,0
CustomerId_1914,10750.0,2150.0,5,2642.4420523447625,11250,2250.0,5000,0.4,0.6,2,2,3,0,financial_services,ChannelId_3,2,7.6,28.4,11.0,2018.0,77,5,11250,3,0
CustomerId_1915,4624.0,420.3636363636364,11,7991.784872889501,63824,5802.181818181818,17000,0.6363636363636364,0.36363636363636365,3,2,3,0,airtime,ChannelId_5,4,10.363636363636363,4.0,4.0,2018.7272727272727,34,11,63824,2,0
CustomerId_1916,12885.0,805.3125,16,899.1652957975339,15115,944.6875,2000,0.3125,0.6875,2,2,3,0,financial_services,ChannelId_3,2,16.25,20.3125,1.1875,2019.0,11,16,15115,0,1
CustomerId_1917,320000.0,45714.28571428572,7,62988.66111111926,330000,47142.857142857145,160000,0.14285714285714285,0.8571428571428571,4,2,3,0,ticket,ChannelId_3,2,11.285714285714286,11.285714285714286,7.285714285714286,2018.4285714285713,37,7,330000,2,0
CustomerId_1918,500.0,500.0,1,0.0,500,500.0,500,0.0,1.0,1,1,1,0,airtime,ChannelId_3,4,16.0,10.0,12.0,2018.0,65,1,500,3,0
CustomerId_1919,19000.0,3800.0,5,6685.805860178712,31000,6200.0,10000,0.4,0.6,2,2,3,0,financial_services,ChannelId_3,2,15.0,28.0,12.0,2018.0,47,5,31000,3,0
CustomerId_1922,20000.0,4000.0,5,6745.368781616021,32000,6400.0,10000,0.4,0.6,2,2,3,0,financial_services,ChannelId_3,2,13.0,1.0,2.0,2019.0,12,5,32000,2,0
CustomerId_1923,20000.0,4000.0,5,6745.368781616021,32000,6400.0,10000,0.4,0.6,2,2,3,0,financial_services,ChannelId_3,2,8.6,8.0,2.0,2019.0,6,5,32000,2,0
CustomerId_1925,58175.0,1292.7777777777778,45,2405.5368318724513,61025,1356.111111111111,15000,0.3111111111111111,0.6888888888888889,3,2,4,0,financial_services,ChannelId_3,2,13.533333333333333,14.733333333333333,1.0,2019.0,26,45,61025,2,0
CustomerId_1927,18800.0,4700.0,4,6128.621378417825,21200,5300.0,10000,0.5,0.5,2,2,3,0,financial_services,ChannelId_2,2,10.0,12.0,1.0,2019.0,32,4,21200,0,1
CustomerId_1928,900.0,300.0,3,606.2177826491071,1100,366.6666666666667,1000,0.6666666666666666,0.3333333333333333,2,2,2,0,financial_services,ChannelId_2,2,15.333333333333334,16.666666666666668,1.0,2019.0,26,3,1100,0,1
CustomerId_1929,904062.01,3490.5869111969114,259,7703.1316907007395,977308,3773.389961389961,50000,0.40540540540540543,0.5945945945945946,5,2,4,0,financial_services,ChannelId_3,2,10.13127413127413,19.35907335907336,1.4555984555984556,2018.996138996139,1,259,977308,2,0
CustomerId_1930,19000.0,3166.6666666666665,6,7626.707459098367,41000,6833.333333333333,10000,0.5,0.5,2,2,3,0,airtime,ChannelId_2,2,18.0,28.0,12.0,2018.0,47,6,41000,3,0
CustomerId_1931,40000.0,4000.0,10,6164.414002968976,62000,6200.0,10000,0.3,0.7,2,2,3,0,airtime,ChannelId_3,2,10.0,7.0,1.4,2019.0,12,10,62000,2,0
CustomerId_1932,29150.0,910.9375,32,2282.568388368823,41180,1286.875,11330,0.4375,0.5625,3,2,3,0,airtime,ChannelId_3,2,17.0625,13.0,11.59375,2018.0,58,32,41180,3,0
CustomerId_1935,1000.0,1000.0,1,0.0,1000,1000.0,1000,0.0,1.0,1,1,1,0,financial_services,ChannelId_3,2,18.0,4.0,12.0,2018.0,71,1,1000,3,0
CustomerId_1937,240540.0,3590.1492537313434,67,6660.605244255963,342460,5111.3432835820895,24000,0.26865671641791045,0.7313432835820896,3,2,4,0,airtime,ChannelId_3,2,13.373134328358208,16.611940298507463,7.298507462686567,2018.4179104477612,7,67,342460,2,0
CustomerId_1938,73727.0,1117.0757575757575,66,2206.632333604979,84961,1287.2878787878788,10000,0.42424242424242425,0.5757575757575758,2,3,4,0,financial_services,ChannelId_3,2,13.106060606060606,10.787878787878787,10.0,2018.1818181818182,33,66,84961,2,0
CustomerId_1942,2900.0,414.2857142857143,7,796.1963146288555,5100,728.5714285714286,1000,0.42857142857142855,0.5714285714285714,2,2,2,0,airtime,ChannelId_3,4,13.714285714285714,16.857142857142858,7.285714285714286,2018.4285714285713,40,7,5100,0,1
CustomerId_1943,55890.0,1074.8076923076924,52,3903.89222086068,147110,2829.0384615384614,10000,0.23076923076923078,0.7692307692307693,2,2,4,0,airtime,ChannelId_3,2,14.192307692307692,16.692307692307693,10.211538461538462,2018.1346153846155,28,52,147110,2,0
CustomerId_1944,68000.0,11333.333333333334,6,21683.326928003153,92330,15388.333333333334,50000,0.5,0.5,3,2,2,0,financial_services,ChannelId_3,2,19.5,14.833333333333334,1.3333333333333333,2019.0,7,6,92330,2,0
CustomerId_1945,6850.0,1712.5,4,2786.388044284811,9150,2287.5,5000,0.5,0.5,2,2,2,0,airtime,ChannelId_2,2,9.0,20.0,1.0,2019.0,25,4,9150,0,1
CustomerId_1946,80000.0,4000.0,20,7262.013639842819,152000,7600.0,11000,0.4,0.6,2,2,4,0,airtime,ChannelId_3,2,10.25,13.65,1.45,2019.0,1,20,152000,2,0
CustomerId_1947,164530.0,5876.071428571428,28,18850.028458429388,165470,5909.642857142857,100000,0.35714285714285715,0.6428571428571429,2,2,4,0,financial_services,ChannelId_3,2,12.464285714285714,21.428571428571427,11.0,2018.0,81,28,165470,3,0
CustomerId_1950,39000.0,4333.333333333333,9,6442.049363362563,61000,6777.777777777777,10000,0.3333333333333333,0.6666666666666666,2,2,3,0,financial_services,ChannelId_3,2,15.11111111111111,20.22222222222222,12.0,2018.0,47,9,61000,3,0
CustomerId_1951,2000.0,1000.0,2,0.0,2000,1000.0,1000,0.0,1.0,1,1,1,0,financial_services,ChannelId_3,2,19.5,6.0,1.0,2019.0,38,2,2000,0,1
CustomerId_1956,118840.0,1980.6666666666667,60,3301.394988494484,126560,2109.3333333333335,11200,0.4166666666666667,0.5833333333333334,3,2,3,0,financial_services,ChannelId_3,2,12.583333333333334,11.4,1.7666666666666666,2018.9833333333333,2,60,126560,2,0
CustomerId_1961,1000.0,1000.0,1,0.0,1000,1000.0,1000,0.0,1.0,1,1,1,0,financial_services,ChannelId_3,2,10.0,10.0,2.0,2019.0,3,1,1000,0,1
CustomerId_1963,14450.0,2408.3333333333335,6,2165.736980029354,14550,2425.0,5000,0.16666666666666666,0.8333333333333334,2,2,4,0,financial_services,ChannelId_3,2,14.0,17.0,11.0,2018.0,86,6,14550,3,0
CustomerId_1965,126500.0,5060.0,25,5732.801089636141,168520,6740.8,10000,0.24,0.76,2,2,3,0,financial_services,ChannelId_3,2,8.36,22.6,6.44,2018.52,6,25,168520,2,0
CustomerId_1966,10000.0,10000.0,1,0.0,10000,10000.0,10000,0.0,1.0,1,1,1,0,financial_services,ChannelId_3,2,11.0,8.0,12.0,2018.0,67,1,10000,3,0
CustomerId_1967,8950.0,1790.0,5,11258.13039540758,33050,6610.0,20000,0.6,0.4,2,3,2,0,airtime,ChannelId_2,4,16.6,26.6,1.0,2019.0,16,5,33050,2,0
CustomerId_1968,17650.0,2206.25,8,5218.335633678068,29650,3706.25,10000,0.25,0.75,2,2,3,0,airtime,ChannelId_3,2,14.25,9.0,2.0,2019.0,3,8,29650,2,0
CustomerId_1969,579084.0,5463.056603773585,106,20162.076796765512,625666,5902.509433962264,127400,0.3867924528301887,0.6132075471698113,5,2,4,0,financial_services,ChannelId_3,2,13.235849056603774,13.783018867924529,9.462264150943396,2018.2169811320755,2,106,625666,2,0
CustomerId_1970,13750.0,1964.2857142857142,7,2484.068283702209,16250,2321.4285714285716,5000,0.42857142857142855,0.5714285714285714,2,2,2,0,airtime,ChannelId_3,1,12.714285714285714,19.0,8.857142857142858,2018.2857142857142,20,7,16250,0,1
CustomerId_1971,19000.0,3166.6666666666665,6,7626.707459098367,41000,6833.333333333333,10000,0.5,0.5,2,2,3,0,airtime,ChannelId_2,2,11.0,28.0,12.0,2018.0,47,6,41000,3,0
CustomerId_1972,-500.0,-250.0,2,1060.6601717798212,1500,750.0,1000,0.5,0.5,2,2,2,0,airtime,ChannelId_2,2,9.0,8.0,1.0,2019.0,37,2,1500,0,1
CustomerId_1973,40000.0,4000.0,10,6182.41233033047,62000,6200.0,10000,0.3,0.7,2,2,3,0,airtime,ChannelId_3,2,10.5,4.5,2.0,2019.0,6,10,62000,2,0
CustomerId_1974,97000.0,3880.0,25,7724.851670636359,189000,7560.0,20000,0.4,0.6,3,2,4,0,airtime,ChannelId_3,2,11.8,14.88,1.36,2019.0,1,25,189000,2,0
CustomerId_1975,19000.0,3166.6666666666665,6,7626.707459098367,41000,6833.333333333333,10000,0.5,0.5,2,2,4,0,airtime,ChannelId_2,2,20.0,21.0,12.0,2018.0,54,6,41000,3,0
CustomerId_1976,404177.0,2806.784722222222,144,9508.915128728373,422023,2930.715277777778,80000,0.4166666666666667,0.5833333333333334,3,2,4,0,airtime,ChannelId_3,2,16.166666666666668,9.006944444444445,2.0,2019.0,1,144,422023,2,0
CustomerId_1978,20000.0,3333.3333333333335,6,7814.516406449389,42000,7000.0,11000,0.5,0.5,2,2,3,0,airtime,ChannelId_2,2,16.0,11.0,1.0,2019.0,33,6,42000,2,0
CustomerId_1979,306568.0,1693.745856353591,181,6898.632414515774,319567,1765.5635359116022,50000,0.4696132596685083,0.5303867403314917,4,2,3,0,airtime,ChannelId_3,2,14.187845303867404,15.922651933701658,11.0,2018.0,83,181,319567,3,0
CustomerId_1980,100500.0,50250.0,2,70357.12472806148,100500,50250.0,100000,0.0,1.0,2,1,2,0,airtime,ChannelId_3,2,11.0,12.0,2.0,2019.0,1,2,100500,2,0
CustomerId_1981,4965.0,620.625,8,632.0117398321919,5235,654.375,1500,0.375,0.625,2,2,3,0,financial_services,ChannelId_3,2,7.25,22.0,9.25,2018.25,43,8,5235,0,1
CustomerId_1983,24000.0,1846.1538461538462,13,3659.37503421358,36000,2769.230769230769,10000,0.15384615384615385,0.8461538461538461,2,2,3,0,airtime,ChannelId_3,2,13.615384615384615,14.0,12.0,2018.0,61,13,36000,3,0
CustomerId_1984,540000.0,540000.0,1,0.0,540000,540000.0,540000,0.0,1.0,1,1,1,1,financial_services,ChannelId_3,2,13.0,10.0,1.0,2019.0,34,1,540000,2,1
CustomerId_1985,178584.0,2446.3561643835615,73,7108.232383749499,230372,3155.780821917808,43200,0.4657534246575342,0.5342465753424658,4,3,5,0,airtime,ChannelId_3,2,8.684931506849315,18.835616438356166,8.397260273972602,2018.3150684931506,1,73,230372,2,0
CustomerId_1986,-500.0,-250.0,2,1060.6601717798212,1500,750.0,1000,0.5,0.5,2,2,2,0,airtime,ChannelId_2,2,8.0,8.0,1.0,2019.0,37,2,1500,0,1
CustomerId_1987,2311966.6,5439.921411764706,425,11998.507370822303,2403234,5654.668235294118,120000,0.45647058823529413,0.5435294117647059,3,2,4,0,financial_services,ChannelId_3,2,12.632941176470588,13.623529411764705,8.381176470588235,2018.3223529411764,1,425,2403234,2,0
CustomerId_1988,1912705.0,79696.04166666667,24,61491.39269882955,1934895,80620.625,200000,0.16666666666666666,0.8333333333333334,3,2,3,14,financial_services,ChannelId_3,2,16.25,23.791666666666668,1.0,2019.0,19,24,1934895,2,1
CustomerId_1990,20000.0,3333.3333333333335,6,7814.516406449389,42000,7000.0,11000,0.5,0.5,2,2,3,0,airtime,ChannelId_2,2,19.0,11.0,1.0,2019.0,33,6,42000,2,0
CustomerId_1991,10000.0,2500.0,4,6757.711644237764,22000,5500.0,10000,0.5,0.5,2,2,3,0,airtime,ChannelId_2,2,14.0,1.0,2.0,2019.0,12,4,22000,2,0
CustomerId_1994,2995.0,332.77777777777777,9,672.4354574562859,5205,578.3333333333334,1000,0.4444444444444444,0.5555555555555556,2,2,3,0,airtime,ChannelId_3,2,16.88888888888889,13.444444444444445,1.0,2019.0,21,9,5205,0,1
CustomerId_1995,947156.64,3407.038273381295,278,11041.284924524174,1024640,3685.755395683453,102269,0.420863309352518,0.579136690647482,4,2,4,0,financial_services,ChannelId_3,2,12.18705035971223,20.071942446043167,9.474820143884893,2018.2014388489208,11,278,1024640,2,0
CustomerId_1996,53882.0,3367.625,16,3765.4440176425405,60338,3771.125,10000,0.1875,0.8125,3,2,3,0,financial_services,ChannelId_3,2,15.625,26.3125,1.0,2019.0,15,16,60338,2,0
CustomerId_1997,3260.0,652.0,5,437.62998069145124,3340,668.0,1000,0.2,0.8,2,2,3,0,financial_services,ChannelId_3,2,13.2,18.2,11.0,2018.0,86,5,3340,3,0
CustomerId_1998,20000.0,6666.666666666667,3,2886.751345948129,20000,6666.666666666667,10000,0.0,1.0,1,1,1,0,financial_services,ChannelId_3,2,17.0,31.0,1.0,2019.0,13,3,20000,2,0
CustomerId_1999,101500.0,50750.0,2,69650.01794687493,101500,50750.0,100000,0.0,1.0,2,1,1,0,airtime,ChannelId_3,2,8.5,19.0,1.0,2019.0,25,2,101500,2,0
CustomerId_2,-10000.0,-10000.0,1,0.0,10000,10000.0,10000,1.0,0.0,1,1,1,0,airtime,ChannelId_2,4,16.0,21.0,11.0,2018.0,84,1,10000,3,0
CustomerId_2001,9770.0,697.8571428571429,14,1007.3283672966028,12230,873.5714285714286,2000,0.5,0.5,2,2,2,0,airtime,ChannelId_2,2,9.642857142857142,19.357142857142858,11.0,2018.0,82,14,12230,3,0
CustomerId_2002,5500.0,2750.0,2,3181.9805153394636,6250,3125.0,5750,0.0,1.0,2,1,1,0,airtime,ChannelId_3,2,16.0,2.0,2.0,2019.0,11,2,6250,0,1
CustomerId_2003,92574.0,6171.6,15,11944.158170419547,98626,6575.066666666667,40000,0.4666666666666667,0.5333333333333333,4,2,3,0,financial_services,ChannelId_3,2,16.466666666666665,26.933333333333334,1.1333333333333333,2019.0,12,15,98626,2,0
CustomerId_2004,1500.0,750.0,2,353.5533905932738,1500,750.0,1000,0.0,1.0,2,1,1,0,airtime,ChannelId_3,2,13.0,13.5,11.5,2018.0,72,2,1500,3,0
CustomerId_2006,720830.0,9611.066666666668,75,39290.24859466571,736920,9825.6,300000,0.4533333333333333,0.5466666666666666,4,2,4,0,financial_services,ChannelId_3,2,11.386666666666667,11.106666666666667,11.813333333333333,2018.0,55,75,736920,2,0
CustomerId_2007,500.0,500.0,1,0.0,500,500.0,500,0.0,1.0,1,1,1,0,financial_services,ChannelId_3,2,7.0,19.0,11.0,2018.0,87,1,500,3,0
CustomerId_2008,500.0,500.0,1,0.0,500,500.0,500,0.0,1.0,1,1,1,0,airtime,ChannelId_3,4,3.0,23.0,11.0,2018.0,83,1,500,3,0
CustomerId_2009,65000.0,4333.333333333333,15,5948.189000103509,97000,6466.666666666667,10000,0.26666666666666666,0.7333333333333333,2,2,3,0,airtime,ChannelId_3,2,11.866666666666667,16.133333333333333,1.2666666666666666,2019.0,13,15,97000,2,0
CustomerId_2012,45500.0,2676.470588235294,17,4558.444006972761,65500,3852.9411764705883,10000,0.11764705882352941,0.8823529411764706,2,2,3,0,airtime,ChannelId_3,2,13.588235294117647,16.058823529411764,12.0,2018.0,47,17,65500,3,0
CustomerId_2013,351506.0,2407.5753424657532,146,7176.15944719219,665294,4556.808219178082,53500,0.3356164383561644,0.6643835616438356,5,3,3,0,airtime,ChannelId_3,2,11.76027397260274,19.10958904109589,7.1506849315068495,2018.4178082191781,6,146,665294,2,0
CustomerId_2014,20000.0,3333.3333333333335,6,7814.516406449389,42000,7000.0,11000,0.5,0.5,2,2,3,0,airtime,ChannelId_2,2,16.0,11.0,1.0,2019.0,33,6,42000,2,0
CustomerId_2015,40000.0,4000.0,10,6182.41233033047,62000,6200.0,10000,0.3,0.7,2,2,3,0,airtime,ChannelId_3,2,12.7,4.5,2.0,2019.0,5,10,62000,2,0
CustomerId_2016,14778.0,985.2,15,1605.44961214697,17422,1161.4666666666667,5000,0.4666666666666667,0.5333333333333333,2,2,3,0,financial_services,ChannelId_3,2,10.066666666666666,15.333333333333334,11.933333333333334,2018.0,55,15,17422,3,0
CustomerId_2017,119965.0,1411.3529411764705,85,5519.083148723256,127035,1494.5294117647059,50000,0.4823529411764706,0.5176470588235295,4,2,3,0,financial_services,ChannelId_3,2,12.576470588235294,21.823529411764707,1.0,2019.0,22,85,127035,2,0
CustomerId_2018,30000.0,3333.3333333333335,9,7262.9195231669755,62000,6888.888888888889,11000,0.4444444444444444,0.5555555555555556,2,2,4,0,airtime,ChannelId_3,2,6.888888888888889,3.7777777777777777,2.0,2019.0,2,9,62000,2,0
CustomerId_2019,2000.0,2000.0,1,0.0,2000,2000.0,2000,0.0,1.0,1,1,1,0,airtime,ChannelId_3,4,10.0,20.0,11.0,2018.0,85,1,2000,3,0
CustomerId_2020,15000.0,3000.0,5,6745.368781616021,27000,5400.0,10000,0.4,0.6,2,2,3,0,financial_services,ChannelId_3,2,19.0,1.0,2.0,2019.0,12,5,27000,2,0
CustomerId_2022,1425.0,356.25,4,498.48729505708906,1575,393.75,1000,0.5,0.5,2,2,2,0,airtime,ChannelId_2,2,9.25,20.0,11.0,2018.0,84,4,1575,3,0
CustomerId_2025,19000.0,3166.6666666666665,6,7626.707459098367,41000,6833.333333333333,10000,0.5,0.5,2,2,3,0,airtime,ChannelId_2,2,17.0,11.0,1.0,2019.0,33,6,41000,2,0
CustomerId_2029,1000.0,1000.0,1,0.0,1000,1000.0,1000,0.0,1.0,1,1,1,0,financial_services,ChannelId_3,2,7.0,10.0,2.0,2019.0,4,1,1000,0,1
CustomerId_2030,2000.0,2000.0,1,0.0,2000,2000.0,2000,0.0,1.0,1,1,1,0,financial_services,ChannelId_3,2,13.0,25.0,1.0,2019.0,19,1,2000,0,1
CustomerId_2032,239000.0,3567.1641791044776,67,5660.131384589817,361000,5388.059701492537,10000,0.19402985074626866,0.8059701492537313,3,2,3,0,airtime,ChannelId_3,2,11.835820895522389,15.477611940298507,4.268656716417911,2018.7313432835822,3,67,361000,2,0
CustomerId_2033,105350.0,1386.1842105263158,76,2070.821595151878,138791,1826.1973684210527,5000,0.3157894736842105,0.6842105263157895,2,3,4,0,financial_services,ChannelId_3,2,15.592105263157896,15.131578947368421,3.9078947368421053,2018.75,8,76,138791,2,0
CustomerId_2034,54000.0,3600.0,15,4781.661396866753,76000,5066.666666666667,10000,0.2,0.8,3,2,3,0,financial_services,ChannelId_3,2,16.8,21.533333333333335,4.666666666666667,2018.6666666666667,19,15,76000,2,0
CustomerId_2035,21680.0,2168.0,10,3449.0443120764144,24320,2432.0,10000,0.4,0.6,2,2,3,0,airtime,ChannelId_3,2,12.0,16.1,1.4,2019.0,10,10,24320,2,0
CustomerId_2036,50000.0,50000.0,1,0.0,50000,50000.0,50000,0.0,1.0,1,1,1,0,financial_services,ChannelId_3,2,5.0,19.0,11.0,2018.0,87,1,50000,3,0
CustomerId_2039,500.0,500.0,1,0.0,500,500.0,500,0.0,1.0,1,1,1,0,airtime,ChannelId_3,4,16.0,18.0,12.0,2018.0,57,1,500,0,1
CustomerId_2040,150000.0,150000.0,1,0.0,150000,150000.0,150000,0.0,1.0,1,1,1,0,financial_services,ChannelId_3,2,9.0,12.0,2.0,2019.0,2,1,150000,2,0
CustomerId_2041,30480.0,4354.285714285715,7,4444.692929561641,31520,4502.857142857143,10000,0.2857142857142857,0.7142857142857143,2,2,3,0,airtime,ChannelId_3,2,11.142857142857142,3.5714285714285716,5.857142857142857,2018.5714285714287,10,7,31520,2,0
CustomerId_2042,90000.0,4500.0,20,7236.602866858979,160000,8000.0,10000,0.35,0.65,2,2,4,0,airtime,ChannelId_3,2,11.4,13.5,1.5,2019.0,1,20,160000,2,0
CustomerId_2046,5000.0,5000.0,1,0.0,5000,5000.0,5000,0.0,1.0,1,1,1,0,financial_services,ChannelId_3,2,7.0,25.0,12.0,2018.0,51,1,5000,3,0
CustomerId_2048,-1000.0,-1000.0,1,0.0,1000,1000.0,1000,1.0,0.0,1,1,1,0,financial_services,ChannelId_2,2,16.0,26.0,1.0,2019.0,18,1,1000,0,1
CustomerId_2049,1000.0,1000.0,1,0.0,1000,1000.0,1000,0.0,1.0,1,1,1,0,financial_services,ChannelId_3,2,10.0,9.0,12.0,2018.0,66,1,1000,3,0
CustomerId_2051,310200.0,5085.245901639344,61,6138.344947013371,450600,7386.88524590164,10000,0.2459016393442623,0.7540983606557377,2,2,4,0,financial_services,ChannelId_3,2,12.131147540983607,15.80327868852459,7.032786885245901,2018.4426229508197,5,61,450600,2,0
CustomerId_2052,278224.0,1412.3045685279187,197,4230.456330457459,317976,1614.0913705583757,27000,0.4213197969543147,0.5786802030456852,5,2,3,0,airtime,ChannelId_3,2,12.532994923857869,18.16751269035533,9.65989847715736,2018.228426395939,3,197,317976,2,0
CustomerId_2053,1000.0,1000.0,1,0.0,1000,1000.0,1000,0.0,1.0,1,1,1,0,financial_services,ChannelId_3,2,19.0,28.0,1.0,2019.0,16,1,1000,0,1
CustomerId_2054,4880.0,610.0,8,1196.9365659286807,7120,890.0,3000,0.5,0.5,2,2,3,0,financial_services,ChannelId_2,2,19.875,29.25,1.0,2019.0,14,8,7120,0,1
CustomerId_2055,34590.0,2882.5,12,4208.811373988882,37410,3117.5,11000,0.4166666666666667,0.5833333333333334,3,2,4,0,financial_services,ChannelId_3,2,8.5,16.25,7.416666666666667,2018.4166666666667,30,12,37410,2,0
CustomerId_2056,42875.0,2143.75,20,4503.141264717331,46425,2321.25,20000,0.35,0.65,4,2,4,0,airtime,ChannelId_3,2,12.65,19.15,9.25,2018.25,39,20,46425,2,0
CustomerId_2057,19000.0,3166.6666666666665,6,7626.707459098367,41000,6833.333333333333,10000,0.5,0.5,2,2,3,0,airtime,ChannelId_2,2,19.0,21.0,12.0,2018.0,54,6,41000,3,0
CustomerId_2059,1100.0,1100.0,1,0.0,1100,1100.0,1100,0.0,1.0,1,1,1,0,airtime,ChannelId_3,2,7.0,1.0,1.0,2019.0,44,1,1100,0,1
CustomerId_2061,40000.0,2857.1428571428573,14,5263.914057884229,62000,4428.571428571428,10000,0.21428571428571427,0.7857142857142857,2,2,3,0,airtime,ChannelId_3,2,15.714285714285714,13.0,1.5,2019.0,12,14,62000,2,0
CustomerId_2062,44405.0,2612.0588235294117,17,5590.863377764076,85395,5023.235294117647,10000,0.4117647058823529,0.5882352941176471,2,2,3,0,airtime,ChannelId_3,2,12.117647058823529,15.235294117647058,7.588235294117647,2018.4117647058824,5,17,85395,2,0
CustomerId_2063,100000.0,4166.666666666667,24,5952.103513203047,152000,6333.333333333333,10000,0.25,0.75,2,2,3,0,airtime,ChannelId_3,2,10.083333333333334,18.0,5.333333333333333,2018.625,13,24,152000,2,0
CustomerId_2064,81095.0,2027.375,40,2984.4223741037868,83705,2092.625,11000,0.4,0.6,3,2,3,0,financial_services,ChannelId_3,2,15.025,15.5,7.875,2018.35,18,40,83705,2,0
CustomerId_2065,6900.0,985.7142857142857,7,837.015673745264,7100,1014.2857142857143,2000,0.2857142857142857,0.7142857142857143,3,2,3,0,airtime,ChannelId_3,4,8.142857142857142,13.142857142857142,1.0,2019.0,30,7,7100,0,1
CustomerId_2067,2000.0,2000.0,1,0.0,2000,2000.0,2000,0.0,1.0,1,1,1,0,financial_services,ChannelId_3,2,9.0,13.0,2.0,2019.0,1,1,2000,0,1
CustomerId_2068,297838.0,2502.840336134454,119,4999.861459069105,461592,3878.924369747899,20000,0.2689075630252101,0.7310924369747899,5,2,5,0,airtime,ChannelId_3,2,13.184873949579831,16.210084033613445,7.92436974789916,2018.361344537815,1,119,461592,2,0
CustomerId_2069,235515.0,4710.3,50,5492.1125605317875,250405,5008.1,20500,0.32,0.68,3,2,5,0,financial_services,ChannelId_3,2,15.64,16.56,6.22,2018.56,2,50,250405,2,0
CustomerId_2071,10000.0,10000.0,1,0.0,10000,10000.0,10000,0.0,1.0,1,1,1,0,financial_services,ChannelId_3,2,22.0,31.0,1.0,2019.0,13,1,10000,0,1
CustomerId_2072,141000.0,4147.058823529412,34,7028.652842779598,253000,7441.176470588235,11000,0.35294117647058826,0.6470588235294118,2,2,5,0,airtime,ChannelId_3,2,13.411764705882353,17.38235294117647,4.852941176470588,2018.6764705882354,1,34,253000,2,0
CustomerId_2073,1000.0,1000.0,1,0.0,1000,1000.0,1000,0.0,1.0,1,1,1,0,financial_services,ChannelId_3,2,5.0,5.0,1.0,2019.0,40,1,1000,0,1
CustomerId_2074,19000.0,3166.6666666666665,6,7626.707459098367,41000,6833.333333333333,10000,0.5,0.5,2,2,3,0,airtime,ChannelId_2,2,19.0,21.0,12.0,2018.0,54,6,41000,3,0
CustomerId_2075,12860.0,1837.142857142857,7,2096.9876353610534,15140,2162.8571428571427,3500,0.42857142857142855,0.5714285714285714,2,2,2,0,tv,ChannelId_3,2,15.285714285714286,16.857142857142858,5.714285714285714,2018.5714285714287,18,7,15140,0,1
CustomerId_2076,1500.0,1500.0,1,0.0,1500,1500.0,1500,0.0,1.0,1,1,1,0,airtime,ChannelId_3,2,11.0,26.0,11.0,2018.0,79,1,1500,3,0
CustomerId_2078,59930.0,7491.25,8,12771.07383056391,63270,7908.75,30000,0.375,0.625,3,2,3,0,financial_services,ChannelId_3,2,9.375,24.125,9.25,2018.25,24,8,63270,2,0
CustomerId_2081,4000.0,4000.0,1,0.0,4000,4000.0,4000,0.0,1.0,1,1,1,0,financial_services,ChannelId_3,2,12.0,23.0,12.0,2018.0,52,1,4000,3,0
CustomerId_2083,1000.0,1000.0,1,0.0,1000,1000.0,1000,0.0,1.0,1,1,1,0,financial_services,ChannelId_3,2,20.0,15.0,1.0,2019.0,29,1,1000,0,1
CustomerId_2085,5000.0,5000.0,1,0.0,5000,5000.0,5000,0.0,1.0,1,1,1,0,financial_services,ChannelId_3,2,13.0,4.0,12.0,2018.0,71,1,5000,3,0
CustomerId_2086,51480.0,17160.0,3,15311.329138908875,52520,17506.666666666668,26000,0.3333333333333333,0.6666666666666666,2,2,3,0,tv,ChannelId_3,2,17.333333333333332,14.333333333333334,8.0,2018.3333333333333,8,3,52520,2,0
CustomerId_2089,9920.0,1653.3333333333333,6,1385.7945975744985,10080,1680.0,3000,0.3333333333333333,0.6666666666666666,3,2,2,0,financial_services,ChannelId_3,2,16.0,19.0,11.0,2018.0,86,6,10080,3,0
CustomerId_2093,162000.0,6480.0,25,9691.577099041553,244000,9760.0,21000,0.36,0.64,2,2,3,0,financial_services,ChannelId_3,2,8.12,9.56,1.48,2019.0,6,25,244000,2,0
CustomerId_2094,492544.6,3157.337179487179,156,7646.634548806151,573046,3673.371794871795,50000,0.40384615384615385,0.5961538461538461,5,3,4,0,financial_services,ChannelId_3,2,11.01923076923077,18.544871794871796,10.461538461538462,2018.1025641025642,3,156,573046,2,0
CustomerId_2095,10000.0,10000.0,1,0.0,10000,10000.0,10000,0.0,1.0,1,1,1,0,financial_services,ChannelId_3,2,10.0,10.0,2.0,2019.0,3,1,10000,0,1
CustomerId_2097,100000.0,33333.333333333336,3,57951.12883571236,112000,37333.333333333336,100000,0.3333333333333333,0.6666666666666666,3,2,2,0,data_bundles,ChannelId_3,2,17.0,16.0,4.666666666666667,2018.6666666666667,33,3,112000,2,0
CustomerId_2098,10000.0,10000.0,1,0.0,10000,10000.0,10000,0.0,1.0,1,1,1,0,financial_services,ChannelId_3,2,18.0,30.0,11.0,2018.0,75,1,10000,3,0
CustomerId_2099,20000.0,4000.0,5,6558.963332722634,30400,6080.0,10000,0.4,0.6,2,2,3,0,financial_services,ChannelId_3,2,11.0,16.0,11.0,2018.0,89,5,30400,3,0
CustomerId_2101,500.0,500.0,1,0.0,500,500.0,500,0.0,1.0,1,1,1,0,airtime,ChannelId_3,4,3.0,26.0,11.0,2018.0,80,1,500,3,0
CustomerId_2102,39000.0,5571.428571428572,7,9431.456989902512,61000,8714.285714285714,20000,0.42857142857142855,0.5714285714285714,2,2,3,0,financial_services,ChannelId_3,2,14.571428571428571,21.0,12.0,2018.0,54,7,61000,3,0
CustomerId_2103,19000.0,3166.6666666666665,6,7626.707459098367,41000,6833.333333333333,10000,0.5,0.5,2,2,3,0,airtime,ChannelId_2,2,13.0,21.0,12.0,2018.0,54,6,41000,3,0
CustomerId_2104,19000.0,3166.6666666666665,6,7626.707459098367,41000,6833.333333333333,10000,0.5,0.5,2,2,3,0,airtime,ChannelId_2,2,19.0,7.0,12.0,2018.0,68,6,41000,3,0
CustomerId_2105,1000.0,1000.0,1,0.0,1000,1000.0,1000,0.0,1.0,1,1,1,0,data_bundles,ChannelId_3,4,14.0,24.0,1.0,2019.0,20,1,1000,0,1
CustomerId_2106,50000.0,3571.4285714285716,14,8741.715073003834,112000,8000.0,20000,0.5,0.5,2,2,4,0,airtime,ChannelId_2,2,15.928571428571429,13.714285714285714,1.5714285714285714,2019.0,1,14,112000,2,0
CustomerId_2107,40000.0,5714.285714285715,7,8385.787295861286,51000,7285.714285714285,20000,0.2857142857142857,0.7142857142857143,2,2,3,0,airtime,ChannelId_3,2,10.428571428571429,1.0,2.0,2019.0,12,7,51000,2,0
CustomerId_2108,40500.0,20250.0,2,353.5533905932738,40500,20250.0,20500,0.0,1.0,1,1,2,0,airtime,ChannelId_3,4,6.0,12.0,1.0,2019.0,33,2,40500,2,0
CustomerId_2109,1000.0,333.3333333333333,3,1154.7005383792516,3000,1000.0,1000,0.3333333333333333,0.6666666666666666,2,2,3,0,financial_services,ChannelId_3,2,7.0,6.666666666666667,1.0,2019.0,38,3,3000,0,1
CustomerId_2110,1000.0,1000.0,1,0.0,1000,1000.0,1000,0.0,1.0,1,1,1,0,financial_services,ChannelId_3,2,8.0,15.0,11.0,2018.0,91,1,1000,3,0
CustomerId_2111,247368.0,2228.5405405405404,111,5759.448196081073,364568,3284.3963963963965,50000,0.40540540540540543,0.5945945945945946,3,3,3,0,airtime,ChannelId_3,1,12.198198198198199,15.72072072072072,4.378378378378378,2018.7117117117118,1,111,364568,2,0
CustomerId_2115,2000.0,2000.0,1,0.0,2000,2000.0,2000,0.0,1.0,1,1,1,0,financial_services,ChannelId_3,2,5.0,18.0,1.0,2019.0,27,1,2000,0,1
CustomerId_2116,2000.0,2000.0,1,0.0,2000,2000.0,2000,0.0,1.0,1,1,1,0,airtime,ChannelId_3,4,19.0,20.0,11.0,2018.0,85,1,2000,3,0
CustomerId_2117,50000.0,3571.4285714285716,14,7303.4689936125105,102000,7285.714285714285,11000,0.42857142857142855,0.5714285714285714,2,2,4,0,airtime,ChannelId_3,2,13.214285714285714,13.5,1.5714285714285714,2019.0,1,14,102000,2,0
CustomerId_2120,20000.0,4000.0,5,6745.368781616021,32000,6400.0,10000,0.4,0.6,2,2,3,0,financial_services,ChannelId_3,2,16.0,25.0,1.0,2019.0,19,5,32000,2,0
CustomerId_2122,500.0,500.0,1,0.0,500,500.0,500,0.0,1.0,1,1,1,0,airtime,ChannelId_3,4,17.0,4.0,2.0,2019.0,9,1,500,0,1
CustomerId_2123,2500.0,625.0,4,1250.0,4500,1125.0,2000,0.25,0.75,2,2,3,0,airtime,ChannelId_3,2,5.75,6.0,1.0,2019.0,39,4,4500,0,1
CustomerId_2126,10300.0,572.2222222222222,18,1221.61563973364,12800,711.1111111111111,5000,0.3888888888888889,0.6111111111111112,2,2,3,0,financial_services,ChannelId_3,2,11.555555555555555,28.61111111111111,1.0555555555555556,2019.0,1,18,12800,0,1
CustomerId_2127,18650.0,2072.222222222222,9,2510.496852108053,21350,2372.222222222222,5000,0.4444444444444444,0.5555555555555556,3,2,4,0,financial_services,ChannelId_3,2,13.333333333333334,4.666666666666667,2.0,2019.0,1,9,21350,2,0
CustomerId_2130,103476.0,3568.137931034483,29,7623.147548862224,110952,3825.9310344827586,30000,0.4482758620689655,0.5517241379310345,4,2,3,0,financial_services,ChannelId_3,2,13.206896551724139,21.413793103448278,1.206896551724138,2019.0,12,29,110952,2,0
CustomerId_2133,59800.0,6644.444444444444,9,8477.633972859277,71400,7933.333333333333,22000,0.3333333333333333,0.6666666666666666,2,2,3,0,airtime,ChannelId_3,2,11.0,17.0,10.333333333333334,2018.111111111111,36,9,71400,2,0
CustomerId_2134,80000.0,4705.882352941177,17,6026.137920367747,112000,6588.235294117647,11000,0.23529411764705882,0.7647058823529411,2,2,3,0,airtime,ChannelId_3,2,15.647058823529411,18.764705882352942,8.117647058823529,2018.3529411764705,33,17,112000,2,0
CustomerId_2135,131300.04,1601.22,82,3904.8436248748717,222386,2712.0243902439024,10000,0.14634146341463414,0.8536585365853658,2,2,4,0,airtime,ChannelId_3,2,9.182926829268293,14.621951219512194,8.036585365853659,2018.3536585365853,4,82,222386,2,0
CustomerId_2136,950.0,475.0,2,742.4621202458749,1050,525.0,1000,0.5,0.5,2,2,2,0,airtime,ChannelId_2,2,17.0,14.0,12.0,2018.0,61,2,1050,3,0
CustomerId_2137,164000.0,4100.0,40,5648.008498577175,236000,5900.0,10000,0.2,0.8,2,2,3,0,airtime,ChannelId_3,2,9.025,15.325,4.3,2018.725,6,40,236000,2,0
CustomerId_2138,80000.0,5714.285714285715,14,6591.7030766372845,112000,8000.0,11000,0.2857142857142857,0.7142857142857143,2,2,3,0,financial_services,ChannelId_3,2,11.428571428571429,11.5,1.2857142857142858,2019.0,5,14,112000,2,0
CustomerId_2139,1000.0,1000.0,1,0.0,1000,1000.0,1000,0.0,1.0,1,1,1,0,airtime,ChannelId_3,2,9.0,22.0,12.0,2018.0,54,1,1000,0,1
CustomerId_2140,50000.0,3846.153846153846,13,8060.667402539258,102000,7846.153846153846,15000,0.46153846153846156,0.5384615384615384,2,2,4,0,airtime,ChannelId_3,2,14.0,14.076923076923077,1.5384615384615385,2019.0,1,13,102000,2,0
CustomerId_2141,10000.0,10000.0,1,0.0,10000,10000.0,10000,0.0,1.0,1,1,1,0,financial_services,ChannelId_3,2,12.0,11.0,12.0,2018.0,64,1,10000,3,0
CustomerId_2142,125700.0,4489.285714285715,28,7006.575709617586,216700,7739.285714285715,10200,0.35714285714285715,0.6428571428571429,2,2,3,0,airtime,ChannelId_3,2,10.928571428571429,15.964285714285714,8.071428571428571,2018.357142857143,34,28,216700,2,0
CustomerId_2143,500000.0,500000.0,1,0.0,500000,500000.0,500000,0.0,1.0,1,1,1,1,financial_services,ChannelId_3,2,9.0,21.0,12.0,2018.0,55,1,500000,2,1
CustomerId_2144,17000.0,4250.0,4,6652.0673478250355,31000,7750.0,14000,0.5,0.5,2,2,2,0,financial_services,ChannelId_2,2,12.0,20.0,12.0,2018.0,55,4,31000,3,0
CustomerId_2145,70000.0,3684.2105263157896,19,7318.565672915146,142000,7473.684210526316,11000,0.42105263157894735,0.5789473684210527,2,2,4,0,airtime,ChannelId_3,2,9.368421052631579,14.210526315789474,1.4210526315789473,2019.0,1,19,142000,2,0
CustomerId_2147,10000.0,10000.0,1,0.0,10000,10000.0,10000,0.0,1.0,1,1,1,0,financial_services,ChannelId_3,2,15.0,11.0,2.0,2019.0,2,1,10000,0,1
CustomerId_2148,9000.0,3000.0,3,13892.443989449805,37790,12596.666666666666,14590,0.3333333333333333,0.6666666666666666,2,2,2,0,utility_bill,ChannelId_3,2,14.666666666666666,6.333333333333333,8.333333333333334,2018.3333333333333,33,3,37790,2,0
CustomerId_2149,40000.0,4444.444444444444,9,6463.573143221772,62000,6888.888888888889,10000,0.3333333333333333,0.6666666666666666,2,2,3,0,financial_services,ChannelId_3,2,12.444444444444445,14.333333333333334,1.4444444444444444,2019.0,12,9,62000,2,0
CustomerId_2150,24137.0,965.48,25,1373.363544975134,26663,1066.52,3500,0.36,0.64,3,2,3,0,financial_services,ChannelId_3,2,7.72,18.84,8.04,2018.32,19,25,26663,2,0
CustomerId_2151,6000.0,6000.0,1,0.0,6000,6000.0,6000,0.0,1.0,1,1,1,0,financial_services,ChannelId_3,2,4.0,25.0,12.0,2018.0,51,1,6000,3,0
CustomerId_2152,-50.0,-16.666666666666668,3,1000.4165798972613,2050,683.3333333333334,1000,0.6666666666666666,0.3333333333333333,2,2,2,0,financial_services,ChannelId_2,2,6.0,16.0,1.0,2019.0,29,3,2050,0,1
CustomerId_2153,500.0,500.0,1,0.0,500,500.0,500,0.0,1.0,1,1,1,0,airtime,ChannelId_3,4,6.0,12.0,1.0,2019.0,33,1,500,0,1
CustomerId_2154,307922.0,2424.582677165354,127,4658.105922451411,489358,3853.212598425197,17680,0.29133858267716534,0.7086614173228346,3,2,5,0,airtime,ChannelId_3,2,13.913385826771654,14.149606299212598,8.078740157480315,2018.3543307086613,2,127,489358,2,0
CustomerId_2155,19000.0,3800.0,5,6685.805860178712,31000,6200.0,10000,0.4,0.6,2,2,3,0,financial_services,ChannelId_3,2,17.2,30.0,11.0,2018.0,75,5,31000,3,0
CustomerId_2156,4060.0,507.5,8,470.5847426340977,4140,517.5,1000,0.375,0.625,2,2,3,0,financial_services,ChannelId_3,2,15.75,14.5,12.0,2018.0,59,8,4140,3,0
CustomerId_2157,1000.0,1000.0,1,0.0,1000,1000.0,1000,0.0,1.0,1,1,1,0,airtime,ChannelId_3,4,5.0,3.0,1.0,2019.0,42,1,1000,0,1
CustomerId_2158,225000.0,75000.0,3,108512.67207105353,225000,75000.0,200000,0.0,1.0,1,1,1,0,financial_services,ChannelId_3,2,7.333333333333333,20.0,11.0,2018.0,86,3,225000,3,0
CustomerId_2159,4000.0,1333.3333333333333,3,577.3502691896257,4000,1333.3333333333333,2000,0.0,1.0,2,1,1,0,financial_services,ChannelId_3,2,13.0,8.0,1.0,2019.0,36,3,4000,0,1
CustomerId_2165,3750.0,1250.0,3,3269.174207655505,6250,2083.3333333333335,5000,0.6666666666666666,0.3333333333333333,2,2,2,0,financial_services,ChannelId_2,2,1.0,20.0,12.0,2018.0,56,3,6250,3,0
CustomerId_2166,50000.0,50000.0,1,0.0,50000,50000.0,50000,0.0,1.0,1,1,1,0,financial_services,ChannelId_3,2,6.0,3.0,1.0,2019.0,42,1,50000,3,0
CustomerId_2167,40000.0,4000.0,10,6164.414002968976,62000,6200.0,10000,0.3,0.7,2,2,3,0,airtime,ChannelId_3,2,11.1,19.1,6.5,2018.5,26,10,62000,2,0
CustomerId_2169,127000.0,31750.0,4,46176.29261861546,127000,31750.0,100000,0.0,1.0,1,1,2,0,financial_services,ChannelId_3,2,8.5,13.0,1.25,2019.0,1,4,127000,2,0
CustomerId_2170,4000.0,2000.0,2,0.0,4000,2000.0,2000,0.0,1.0,1,1,1,0,airtime,ChannelId_3,1,14.0,29.0,1.0,2019.0,15,2,4000,0,1
CustomerId_2171,60000.0,3529.4117647058824,17,7381.290936032324,123000,7235.294117647059,11500,0.47058823529411764,0.5294117647058824,2,2,4,0,airtime,ChannelId_3,2,12.705882352941176,14.294117647058824,1.5294117647058822,2019.0,2,17,123000,2,0
CustomerId_2172,8990.0,998.8888888888889,9,1759.0423136215657,11160,1240.0,5000,0.4444444444444444,0.5555555555555556,2,2,3,0,financial_services,ChannelId_3,2,20.0,11.0,2.0,2019.0,2,9,11160,0,1
CustomerId_2173,39000.0,5571.428571428572,7,6241.184258807054,51000,7285.714285714285,10000,0.2857142857142857,0.7142857142857143,2,2,3,0,financial_services,ChannelId_3,2,15.0,8.0,2.0,2019.0,5,7,51000,2,0
CustomerId_2175,20000.0,3333.3333333333335,6,6088.2400303098,32000,5333.333333333333,10000,0.3333333333333333,0.6666666666666666,2,2,3,0,airtime,ChannelId_3,2,8.0,25.0,1.0,2019.0,20,6,32000,2,0
CustomerId_2176,9780.0,3260.0,3,6714.372643814164,12220,4073.3333333333335,11000,0.6666666666666666,0.3333333333333333,2,2,2,0,financial_services,ChannelId_2,2,16.0,15.0,1.0,2019.0,29,3,12220,0,1
CustomerId_2178,361973.0,14478.92,25,33318.01133511222,383867,15354.68,120000,0.4,0.6,4,2,4,0,financial_services,ChannelId_3,2,13.52,17.4,1.0,2019.0,17,25,383867,2,0
CustomerId_2179,1000.0,500.0,2,0.0,1000,500.0,500,0.0,1.0,1,1,1,0,airtime,ChannelId_3,4,5.0,20.0,11.0,2018.0,85,2,1000,3,0
CustomerId_2181,1000.0,1000.0,1,0.0,1000,1000.0,1000,0.0,1.0,1,1,1,0,airtime,ChannelId_3,4,16.0,29.0,11.0,2018.0,76,1,1000,3,0
CustomerId_2183,19000.0,2714.285714285714,7,4914.749424412389,31000,4428.571428571428,10000,0.2857142857142857,0.7142857142857143,2,2,3,0,financial_services,ChannelId_3,2,18.0,30.0,11.0,2018.0,75,7,31000,3,0
CustomerId_2184,338.0,56.333333333333336,6,6408.891375789315,26062,4343.666666666667,11200,0.6666666666666666,0.3333333333333333,3,3,2,0,financial_services,ChannelId_2,2,11.0,13.5,12.0,2018.0,59,6,26062,3,0
CustomerId_2186,160970.7,1712.454255319149,94,3244.631261632081,222118,2362.9574468085107,10200,0.3404255319148936,0.6595744680851063,3,3,4,0,financial_services,ChannelId_3,2,13.446808510638299,19.882978723404257,1.2872340425531914,2019.0,1,94,222118,2,0
CustomerId_2187,45490.0,1229.4594594594594,37,1537.472575990194,46510,1257.027027027027,5000,0.3783783783783784,0.6216216216216216,2,2,3,0,financial_services,ChannelId_3,2,10.45945945945946,20.62162162162162,1.1891891891891893,2019.0,4,37,46510,2,0
CustomerId_2188,3925.0,490.625,8,808.651600328773,6075,759.375,1500,0.375,0.625,2,2,3,0,airtime,ChannelId_3,2,10.25,27.0,11.0,2018.0,78,8,6075,3,0
CustomerId_2190,1000.0,1000.0,1,0.0,1000,1000.0,1000,0.0,1.0,1,1,1,0,airtime,ChannelId_3,4,10.0,8.0,1.0,2019.0,36,1,1000,0,1
CustomerId_2191,42000.0,14000.0,3,10392.304845413264,42000,14000.0,20000,0.0,1.0,2,1,3,0,airtime,ChannelId_3,2,18.333333333333332,11.0,12.0,2018.0,64,3,42000,3,0
CustomerId_2192,10000.0,2500.0,4,6757.711644237764,22000,5500.0,10000,0.5,0.5,2,2,3,0,airtime,ChannelId_2,2,18.0,1.0,2.0,2019.0,12,4,22000,2,0
CustomerId_2198,100000.0,100000.0,1,0.0,100000,100000.0,100000,0.0,1.0,1,1,1,0,financial_services,ChannelId_3,2,16.0,9.0,12.0,2018.0,66,1,100000,3,0
CustomerId_2204,217926.0,31132.285714285714,7,56783.167370017574,218474,31210.571428571428,150000,0.2857142857142857,0.7142857142857143,3,2,3,0,financial_services,ChannelId_3,2,10.285714285714286,9.428571428571429,4.142857142857143,2018.7142857142858,9,7,218474,2,0
CustomerId_2205,116950.0,14618.75,8,34680.870988197516,119050,14881.25,100000,0.25,0.75,2,2,3,0,financial_services,ChannelId_3,2,12.0,25.5,1.0,2019.0,19,8,119050,2,0
CustomerId_2206,19000.0,3166.6666666666665,6,7626.707459098367,41000,6833.333333333333,10000,0.5,0.5,2,2,3,0,airtime,ChannelId_2,2,19.0,21.0,12.0,2018.0,54,6,41000,3,0
CustomerId_2207,5000.0,5000.0,1,0.0,5000,5000.0,5000,0.0,1.0,1,1,1,0,financial_services,ChannelId_3,2,4.0,24.0,11.0,2018.0,82,1,5000,3,0
CustomerId_2211,79000.0,8777.777777777777,9,10353.474993664902,101000,11222.222222222223,20000,0.3333333333333333,0.6666666666666666,2,2,3,0,financial_services,ChannelId_3,2,13.0,21.0,12.0,2018.0,54,9,101000,3,0
CustomerId_2212,114150.0,5188.636363636364,22,5037.28790923444,126600,5754.545454545455,15000,0.3181818181818182,0.6818181818181818,4,2,3,0,financial_services,ChannelId_3,2,11.863636363636363,15.363636363636363,1.1818181818181819,2019.0,5,22,126600,2,0
CustomerId_2213,234070.8,4980.229787234042,47,10899.165832618546,313039,6660.404255319149,48608,0.3829787234042553,0.6170212765957447,4,2,3,0,airtime,ChannelId_3,2,13.72340425531915,13.617021276595745,1.6595744680851063,2019.0,1,47,313039,2,0
CustomerId_2214,1810259.0,12314.687074829932,147,62250.326092979056,2079182,14144.095238095239,733000,0.3945578231292517,0.6054421768707483,6,3,5,1,airtime,ChannelId_3,2,14.489795918367347,15.46938775510204,7.965986394557823,2018.3537414965986,1,147,2079182,2,1
CustomerId_2215,120000.0,60000.0,2,56568.5424949238,120000,60000.0,100000,0.0,1.0,1,1,1,0,financial_services,ChannelId_3,2,11.0,2.5,1.0,2019.0,42,2,120000,2,0
CustomerId_2216,1867116.0,7911.5084745762715,236,50463.491870940124,2243420,9506.016949152543,588668,0.1864406779661017,0.8135593220338984,4,2,5,2,airtime,ChannelId_3,2,10.220338983050848,18.699152542372882,8.864406779661017,2018.2584745762713,2,236,2243420,2,1
CustomerId_2217,50000.0,3846.153846153846,13,7403.221751892369,100000,7692.307692307692,10000,0.38461538461538464,0.6153846153846154,2,2,4,0,airtime,ChannelId_3,2,11.307692307692308,12.615384615384615,1.6153846153846154,2019.0,1,13,100000,2,0
CustomerId_2218,2000.0,2000.0,1,0.0,2000,2000.0,2000,0.0,1.0,1,1,1,0,financial_services,ChannelId_3,2,14.0,9.0,2.0,2019.0,4,1,2000,0,1
CustomerId_2219,11250.0,2250.0,5,5556.527692723217,22250,4450.0,10000,0.4,0.6,2,2,2,0,airtime,ChannelId_3,2,8.2,21.6,11.0,2018.0,75,5,22250,3,0
CustomerId_2221,508870.0,7483.382352941177,68,9596.378454068688,681730,10025.441176470587,31200,0.2647058823529412,0.7352941176470589,3,2,5,0,financial_services,ChannelId_3,2,11.088235294117647,14.705882352941176,3.3970588235294117,2018.7941176470588,3,68,681730,2,0
CustomerId_2223,20000.0,4000.0,5,8215.838362577491,40000,8000.0,10000,0.4,0.6,2,2,3,0,airtime,ChannelId_3,2,18.2,11.0,1.0,2019.0,33,5,40000,2,0
CustomerId_2224,29800.0,3311.1111111111113,9,6765.2502622675465,51600,5733.333333333333,10700,0.5555555555555556,0.4444444444444444,2,2,3,0,financial_services,ChannelId_2,2,12.222222222222221,16.0,11.0,2018.0,89,9,51600,3,0
CustomerId_2226,10000.0,10000.0,1,0.0,10000,10000.0,10000,0.0,1.0,1,1,1,0,financial_services,ChannelId_3,2,11.0,30.0,1.0,2019.0,14,1,10000,0,1
CustomerId_2227,1000.0,1000.0,1,0.0,1000,1000.0,1000,0.0,1.0,1,1,1,0,financial_services,ChannelId_3,2,4.0,10.0,1.0,2019.0,35,1,1000,0,1
CustomerId_2230,140000.0,4375.0,32,7486.547074371081,260000,8125.0,15000,0.375,0.625,2,2,5,0,airtime,ChannelId_3,2,12.25,16.0625,7.78125,2018.40625,1,32,260000,2,0
CustomerId_2231,20000.0,4000.0,5,6745.368781616021,32000,6400.0,10000,0.4,0.6,2,2,3,0,financial_services,ChannelId_3,2,12.0,8.0,2.0,2019.0,5,5,32000,2,0
CustomerId_2232,19000.0,3166.6666666666665,6,7626.707459098367,41000,6833.333333333333,10000,0.5,0.5,2,2,3,0,airtime,ChannelId_2,2,12.0,28.0,12.0,2018.0,47,6,41000,3,0
CustomerId_2233,242290.0,1637.0945945945946,148,2129.5871668459763,262110,1771.0135135135135,5000,0.3918918918918919,0.6081081081081081,3,2,3,0,airtime,ChannelId_3,2,13.797297297297296,18.56756756756757,7.851351351351352,2018.3648648648648,2,148,262110,2,0
CustomerId_2239,19000.0,3800.0,5,6685.805860178712,31000,6200.0,10000,0.4,0.6,2,2,3,0,financial_services,ChannelId_3,2,15.0,28.0,12.0,2018.0,47,5,31000,3,0
CustomerId_2243,29000.0,4142.857142857143,7,7425.823667638301,51000,7285.714285714285,10000,0.42857142857142855,0.5714285714285714,2,2,3,0,airtime,ChannelId_3,2,13.142857142857142,28.0,12.0,2018.0,47,7,51000,3,0
CustomerId_2244,1000.0,1000.0,1,0.0,1000,1000.0,1000,0.0,1.0,1,1,1,0,financial_services,ChannelId_3,2,19.0,9.0,2.0,2019.0,4,1,1000,0,1
CustomerId_2245,10000.0,10000.0,1,0.0,14000,14000.0,14000,0.0,1.0,1,1,1,0,movies,ChannelId_3,2,14.0,18.0,11.0,2018.0,87,1,14000,3,0
CustomerId_2246,17180.0,818.0952380952381,21,1581.3842640156092,20820,991.4285714285714,5000,0.5714285714285714,0.42857142857142855,2,2,3,0,financial_services,ChannelId_2,2,9.476190476190476,8.19047619047619,12.0,2018.0,66,21,20820,3,0
CustomerId_2247,13842.0,692.1,20,799.4279467877409,14358,717.9,2000,0.4,0.6,3,2,3,0,financial_services,ChannelId_3,2,13.35,18.9,11.0,2018.0,80,20,14358,3,0
CustomerId_2250,50000.0,6250.0,8,7025.463889106744,62000,7750.0,14000,0.25,0.75,2,2,3,0,airtime,ChannelId_3,2,9.0,16.375,1.375,2019.0,12,8,62000,2,0
CustomerId_2253,9000.0,529.4117647058823,17,4028.1260695704323,36000,2117.6470588235293,10000,0.47058823529411764,0.5294117647058824,2,3,3,0,airtime,ChannelId_3,2,12.058823529411764,8.058823529411764,12.0,2018.0,55,17,36000,3,0
CustomerId_2254,2000.0,2000.0,1,0.0,2000,2000.0,2000,0.0,1.0,1,1,1,0,financial_services,ChannelId_3,2,9.0,20.0,11.0,2018.0,86,1,2000,3,0
CustomerId_2256,2000.0,1000.0,2,0.0,2000,1000.0,1000,0.0,1.0,1,1,1,0,financial_services,ChannelId_3,2,15.0,18.0,12.0,2018.0,57,2,2000,3,0
CustomerId_2258,19000.0,3166.6666666666665,6,7626.707459098367,41000,6833.333333333333,10000,0.5,0.5,2,2,3,0,airtime,ChannelId_2,2,8.0,21.0,12.0,2018.0,55,6,41000,3,0
CustomerId_2260,110000.0,5000.0,22,7071.067811865475,180000,8181.818181818182,10000,0.3181818181818182,0.6818181818181818,2,2,3,0,airtime,ChannelId_3,2,10.318181818181818,14.545454545454545,1.4545454545454546,2019.0,1,22,180000,2,0
CustomerId_2261,4000.0,2000.0,2,0.0,4000,2000.0,2000,0.0,1.0,1,1,1,0,financial_services,ChannelId_3,2,9.0,25.0,1.0,2019.0,20,2,4000,0,1
CustomerId_2262,69000.0,6272.727272727273,11,6466.697906828633,91000,8272.727272727272,10000,0.2727272727272727,0.7272727272727273,2,2,3,0,airtime,ChannelId_3,1,4.0,4.0,1.0,2019.0,41,11,91000,2,0
CustomerId_2263,9315.0,1552.5,6,815.5596238166772,9485,1580.8333333333333,2000,0.16666666666666666,0.8333333333333334,2,2,3,0,airtime,ChannelId_3,2,17.833333333333332,6.833333333333333,1.6666666666666667,2019.0,8,6,9485,0,1
CustomerId_2265,20000.0,2222.222222222222,9,4123.947677219541,30000,3333.3333333333335,10000,0.1111111111111111,0.8888888888888888,2,2,3,0,airtime,ChannelId_3,2,17.555555555555557,14.0,11.555555555555555,2018.0,74,9,30000,3,0
CustomerId_2266,23768355.5,308679.94155844155,77,893459.0220826697,23780395,308836.2987012987,5000000,0.12987012987012986,0.8701298701298701,4,2,4,7,financial_services,ChannelId_3,2,12.779220779220779,10.090909090909092,4.181818181818182,2018.7792207792209,2,77,23780395,2,1
CustomerId_2267,132561.0,8285.0625,16,22238.177669550623,143041,8940.0625,90000,0.1875,0.8125,4,2,3,0,airtime,ChannelId_3,2,9.75,7.3125,8.5625,2018.3125,43,16,143041,2,0
CustomerId_2268,475.0,237.5,2,371.23106012293744,525,262.5,500,0.5,0.5,2,2,2,0,airtime,ChannelId_2,2,15.0,10.0,1.0,2019.0,34,2,525,0,1
CustomerId_2269,19000.0,3166.6666666666665,6,7626.707459098367,41000,6833.333333333333,10000,0.5,0.5,2,2,3,0,airtime,ChannelId_2,2,19.0,21.0,12.0,2018.0,54,6,41000,3,0
CustomerId_2272,21000.0,2625.0,8,4688.51179556401,35000,4375.0,14000,0.25,0.75,4,2,3,0,airtime,ChannelId_3,2,10.125,29.375,11.0,2018.0,75,8,35000,3,0
CustomerId_2273,158342.0,9314.235294117647,17,9206.385824044986,179238,10543.411764705883,28000,0.29411764705882354,0.7058823529411765,3,2,4,0,financial_services,ChannelId_3,2,11.117647058823529,24.647058823529413,1.1176470588235294,2019.0,8,17,179238,2,0
CustomerId_2275,1000.0,1000.0,1,0.0,1000,1000.0,1000,0.0,1.0,1,1,1,0,financial_services,ChannelId_3,2,14.0,3.0,12.0,2018.0,72,1,1000,3,0
CustomerId_2276,48270.0,661.2328767123288,73,632.4828614399133,50330,689.4520547945206,2000,0.3150684931506849,0.684931506849315,2,2,5,0,airtime,ChannelId_3,2,12.684931506849315,15.63013698630137,4.616438356164384,2018.6849315068494,4,73,50330,2,0
CustomerId_2277,20000.0,4000.0,5,6745.368781616021,32000,6400.0,10000,0.4,0.6,2,2,3,0,financial_services,ChannelId_3,2,13.0,1.0,2.0,2019.0,12,5,32000,2,0
CustomerId_2279,40000.0,5714.285714285715,7,9516.902257112268,62000,8857.142857142857,20000,0.42857142857142855,0.5714285714285714,2,2,3,0,financial_services,ChannelId_3,2,17.0,11.0,1.0,2019.0,33,7,62000,2,0
CustomerId_2280,1000.0,1000.0,1,0.0,1000,1000.0,1000,0.0,1.0,1,1,1,0,airtime,ChannelId_3,4,9.0,14.0,12.0,2018.0,62,1,1000,3,0
CustomerId_2281,1950.0,278.57142857142856,7,702.1438259936153,4050,578.5714285714286,1000,0.42857142857142855,0.5714285714285714,2,2,3,0,financial_services,ChannelId_3,2,9.428571428571429,12.0,2.0,2019.0,1,7,4050,0,1
CustomerId_2282,-14800.0,-2114.285714285714,7,1607.7194732794353,14800,2114.285714285714,5500,1.0,0.0,1,1,1,0,airtime,ChannelId_5,4,11.571428571428571,2.7142857142857144,2.0,2019.0,10,7,14800,0,1
CustomerId_2283,1000.0,1000.0,1,0.0,1000,1000.0,1000,0.0,1.0,1,1,1,0,airtime,ChannelId_3,2,3.0,14.0,1.0,2019.0,31,1,1000,0,1
CustomerId_2284,15465.0,618.6,25,716.2045797116909,15935,637.4,2500,0.32,0.68,3,2,5,0,financial_services,ChannelId_3,2,13.68,21.4,2.36,2018.88,8,25,15935,2,0
CustomerId_2286,500.0,500.0,1,0.0,500,500.0,500,0.0,1.0,1,1,1,0,airtime,ChannelId_3,4,17.0,25.0,11.0,2018.0,80,1,500,3,0
CustomerId_2287,116275.0,10570.454545454546,11,29761.86909911283,118725,10793.181818181818,100000,0.36363636363636365,0.6363636363636364,3,2,3,0,financial_services,ChannelId_3,2,13.363636363636363,9.090909090909092,12.0,2018.0,54,11,118725,3,0
CustomerId_2288,271500.0,3878.5714285714284,70,7115.056353614768,507580,7251.142857142857,19900,0.4,0.6,4,2,5,0,airtime,ChannelId_3,2,7.785714285714286,17.014285714285716,7.414285714285715,2018.4,1,70,507580,2,0
CustomerId_2289,50000.0,2380.9523809523807,21,5774.73973851801,102000,4857.142857142857,11000,0.2857142857142857,0.7142857142857143,2,2,4,0,airtime,ChannelId_3,2,15.0,10.857142857142858,1.7142857142857142,2019.0,1,21,102000,2,0
CustomerId_2290,20000.0,4000.0,5,6558.963332722634,30400,6080.0,10000,0.4,0.6,2,2,4,0,airtime,ChannelId_3,2,0.0,16.0,11.0,2018.0,90,5,30400,3,0
CustomerId_2291,500.0,125.0,4,857.846140050767,2520,630.0,1010,0.5,0.5,2,2,3,0,airtime,ChannelId_2,2,12.0,30.0,11.0,2018.0,75,4,2520,3,0
CustomerId_2292,3058000.0,1019333.3333333334,3,1542945.6676543516,3058000,1019333.3333333334,2800000,0.0,1.0,3,1,1,1,airtime,ChannelId_3,2,21.0,30.0,12.0,2018.0,45,3,3058000,2,1
CustomerId_2294,23960.0,1597.3333333333333,15,2880.762465208192,26480,1765.3333333333333,10000,0.4,0.6,2,2,3,0,financial_services,ChannelId_3,2,10.133333333333333,12.333333333333334,11.666666666666666,2018.0,67,15,26480,3,0
CustomerId_2295,5900.0,1475.0,4,1330.100246848585,6100,1525.0,3000,0.25,0.75,2,2,3,0,airtime,ChannelId_3,2,12.0,17.5,1.0,2019.0,27,4,6100,0,1
CustomerId_2296,2000.0,500.0,4,0.0,2000,500.0,500,0.0,1.0,1,1,2,0,airtime,ChannelId_3,4,19.0,12.0,2.0,2019.0,1,4,2000,0,1
CustomerId_2297,21000.0,1105.2631578947369,19,2328.3664240575113,24000,1263.157894736842,10000,0.42105263157894735,0.5789473684210527,2,2,3,0,airtime,ChannelId_3,2,13.157894736842104,13.578947368421053,1.6842105263157894,2019.0,5,19,24000,2,0
CustomerId_2298,134092.0,6385.333333333333,21,19374.82888010455,138408,6590.857142857143,90000,0.3333333333333333,0.6666666666666666,3,2,3,0,financial_services,ChannelId_3,2,13.857142857142858,21.38095238095238,11.0,2018.0,81,21,138408,3,0
CustomerId_2299,20000.0,2857.1428571428573,7,5778.655305765966,33000,4714.285714285715,10000,0.42857142857142855,0.5714285714285714,2,2,3,0,airtime,ChannelId_3,2,17.857142857142858,11.571428571428571,1.0,2019.0,30,7,33000,2,0
CustomerId_2300,975.0,487.5,2,724.7844507162113,1025,512.5,1000,0.5,0.5,2,2,2,0,airtime,ChannelId_2,2,20.0,22.0,12.0,2018.0,53,2,1025,0,1
CustomerId_2301,772123.1,3271.7080508474573,236,9330.598571685257,790993,3351.665254237288,70000,0.4279661016949153,0.5720338983050848,5,2,4,0,financial_services,ChannelId_3,2,10.038135593220339,13.970338983050848,11.021186440677965,2018.0889830508474,26,236,790993,2,0
CustomerId_2302,30000.0,5000.0,6,6511.528238439882,42000,7000.0,10000,0.3333333333333333,0.6666666666666666,2,2,3,0,financial_services,ChannelId_3,2,12.0,8.0,2.0,2019.0,5,6,42000,2,0
CustomerId_2303,13074000.0,1188545.4545454546,11,1896617.5873716013,13126000,1193272.7272727273,5000000,0.18181818181818182,0.8181818181818182,2,2,3,8,financial_services,ChannelId_3,2,16.90909090909091,12.0,2.0,2019.0,1,11,13126000,2,1
CustomerId_2305,4000.0,1333.3333333333333,3,7767.453465154029,16000,5333.333333333333,10000,0.6666666666666666,0.3333333333333333,2,2,2,0,financial_services,ChannelId_2,2,14.0,1.0,2.0,2019.0,12,3,16000,0,1
CustomerId_2306,201820.0,3308.5245901639346,61,4321.530047743729,206380,3383.27868852459,12000,0.32786885245901637,0.6721311475409836,4,2,4,0,financial_services,ChannelId_3,2,9.065573770491802,20.770491803278688,1.7704918032786885,2018.9344262295083,3,61,206380,2,0
CustomerId_2307,2000.0,500.0,4,0.0,2000,500.0,500,0.0,1.0,1,1,1,0,financial_services,ChannelId_3,2,15.0,7.0,2.0,2019.0,6,4,2000,0,1
CustomerId_2308,144095.0,1000.6597222222222,144,1740.1570589159555,168525,1170.3125,13560,0.4236111111111111,0.5763888888888888,3,2,4,0,airtime,ChannelId_3,4,13.159722222222221,15.944444444444445,4.555555555555555,2018.701388888889,2,144,168525,2,0
CustomerId_2309,10000.0,10000.0,1,0.0,10000,10000.0,10000,0.0,1.0,1,1,1,0,financial_services,ChannelId_3,2,22.0,14.0,1.0,2019.0,30,1,10000,0,1
CustomerId_2310,40000.0,4444.444444444444,9,6463.573143221772,62000,6888.888888888889,10000,0.3333333333333333,0.6666666666666666,2,2,3,0,financial_services,ChannelId_3,2,10.333333333333334,21.11111111111111,1.0,2019.0,20,9,62000,2,0
CustomerId_2311,6360.0,489.2307692307692,13,1046.6152710719568,8640,664.6153846153846,3500,0.46153846153846156,0.5384615384615384,3,2,3,0,financial_services,ChannelId_3,2,11.461538461538462,9.615384615384615,12.0,2018.0,51,13,8640,3,0
CustomerId_2313,40000.0,5714.285714285715,7,6237.368187365718,52000,7428.571428571428,10000,0.2857142857142857,0.7142857142857143,2,2,4,0,financial_services,ChannelId_3,2,14.428571428571429,8.0,2.0,2019.0,5,7,52000,2,0
CustomerId_2315,100000.0,4000.0,25,5916.079783099617,152000,6080.0,11000,0.24,0.76,2,2,3,0,airtime,ChannelId_3,2,13.76,15.68,4.0,2018.76,5,25,152000,2,0
CustomerId_2317,1000.0,1000.0,1,0.0,1000,1000.0,1000,0.0,1.0,1,1,1,0,airtime,ChannelId_3,2,9.0,16.0,11.0,2018.0,90,1,1000,3,0
CustomerId_2321,42635.0,1639.8076923076924,26,2381.5423493061094,46667,1794.8846153846155,10000,0.4230769230769231,0.5769230769230769,3,2,4,0,financial_services,ChannelId_1,2,11.692307692307692,16.923076923076923,1.0,2019.0,23,26,46667,2,0
CustomerId_2322,20000.0,4000.0,5,5533.534132902769,22400,4480.0,10000,0.4,0.6,2,2,3,0,financial_services,ChannelId_3,2,19.4,8.8,2.0,2019.0,4,5,22400,2,0
CustomerId_2323,31703.0,2264.5,14,3759.9464552243085,34997,2499.785714285714,11200,0.2857142857142857,0.7142857142857143,4,2,3,0,airtime,ChannelId_3,2,11.142857142857142,16.428571428571427,1.0,2019.0,16,14,34997,2,0
CustomerId_2324,520100.0,3210.4938271604938,162,12443.266263123709,576402,3558.037037037037,98000,0.5432098765432098,0.4567901234567901,5,2,4,0,financial_services,ChannelId_2,2,10.049382716049383,6.54320987654321,12.0,2018.0,64,162,576402,2,0
CustomerId_2325,730000.0,66363.63636363637,11,34719.656470860216,730000,66363.63636363637,100000,0.0,1.0,1,1,1,0,financial_services,ChannelId_3,2,10.181818181818182,27.636363636363637,1.0,2019.0,16,11,730000,2,0
CustomerId_2326,17925.0,1991.6666666666667,9,2418.7419250511202,20075,2230.5555555555557,5000,0.3333333333333333,0.6666666666666666,2,2,3,0,financial_services,ChannelId_3,2,14.666666666666666,26.88888888888889,1.0,2019.0,16,9,20075,2,0
CustomerId_2327,9000.0,2250.0,4,6601.767440112787,21000,5250.0,10000,0.5,0.5,2,2,3,0,airtime,ChannelId_2,2,14.0,28.0,12.0,2018.0,47,4,21000,3,0
CustomerId_2328,20000.0,4000.0,5,6745.368781616021,32000,6400.0,10000,0.4,0.6,2,2,3,0,airtime,ChannelId_3,2,8.0,8.0,2.0,2019.0,6,5,32000,2,0
CustomerId_2329,336341.0,10849.709677419354,31,20867.57453434003,354683,11441.387096774193,100000,0.22580645161290322,0.7741935483870968,3,2,3,0,airtime,ChannelId_3,2,14.161290322580646,15.193548387096774,2.5483870967741935,2018.8709677419354,5,31,354683,2,0
CustomerId_2330,20000.0,4000.0,5,6745.368781616021,32000,6400.0,10000,0.4,0.6,2,2,3,0,financial_services,ChannelId_3,2,8.0,25.0,1.0,2019.0,20,5,32000,2,0
CustomerId_2332,49796.0,3319.733333333333,15,6379.075979511527,54604,3640.266666666667,20000,0.4,0.6,3,2,3,0,airtime,ChannelId_3,2,9.466666666666667,2.2,1.0,2019.0,36,15,54604,2,0
CustomerId_2333,1000.0,1000.0,1,0.0,1000,1000.0,1000,0.0,1.0,1,1,1,0,airtime,ChannelId_3,4,5.0,7.0,1.0,2019.0,38,1,1000,0,1
CustomerId_2334,9000.0,2250.0,4,6601.767440112787,21000,5250.0,10000,0.5,0.5,2,2,3,0,airtime,ChannelId_2,2,13.0,28.0,12.0,2018.0,47,4,21000,3,0
CustomerId_2335,5000.0,5000.0,1,0.0,5000,5000.0,5000,0.0,1.0,1,1,1,0,financial_services,ChannelId_3,2,14.0,14.0,12.0,2018.0,61,1,5000,3,0
CustomerId_2336,9000.0,2250.0,4,6601.767440112787,21000,5250.0,10000,0.5,0.5,2,2,3,0,airtime,ChannelId_2,2,9.0,21.0,12.0,2018.0,55,4,21000,3,0
CustomerId_2338,40000.0,5714.285714285715,7,6237.368187365718,52000,7428.571428571428,10000,0.2857142857142857,0.7142857142857143,2,2,3,0,financial_services,ChannelId_3,2,11.0,8.0,2.0,2019.0,5,7,52000,2,0
CustomerId_2340,2490.0,415.0,6,862.1774759294052,4510,751.6666666666666,1500,0.3333333333333333,0.6666666666666666,2,2,3,0,financial_services,ChannelId_3,2,14.833333333333334,8.666666666666666,1.0,2019.0,26,6,4510,0,1
CustomerId_2341,-10500.0,-2100.0,5,4849.742261192856,17500,3500.0,10000,0.6,0.4,2,2,2,0,airtime,ChannelId_5,4,13.2,9.2,12.0,2018.0,66,5,17500,3,0
CustomerId_2342,500.0,500.0,1,0.0,500,500.0,500,0.0,1.0,1,1,1,0,airtime,ChannelId_3,2,22.0,18.0,1.0,2019.0,26,1,500,0,1
CustomerId_2343,127188.0,1987.3125,64,4132.382055951411,134262,2097.84375,20000,0.375,0.625,5,2,3,0,airtime,ChannelId_3,2,12.953125,15.1875,1.359375,2019.0,1,64,134262,2,0
CustomerId_2344,74000.0,24666.666666666668,3,47961.7903474561,86000,28666.666666666668,80000,0.6666666666666666,0.3333333333333333,2,2,2,0,financial_services,ChannelId_2,2,13.0,15.0,12.0,2018.0,60,3,86000,3,0
CustomerId_2345,19000.0,3166.6666666666665,6,7626.707459098367,41000,6833.333333333333,10000,0.5,0.5,2,2,3,0,airtime,ChannelId_2,2,12.0,28.0,12.0,2018.0,47,6,41000,3,0
CustomerId_2346,11750.0,5875.0,2,5833.630944789017,11750,5875.0,10000,0.0,1.0,2,1,1,0,data_bundles,ChannelId_3,2,17.0,12.0,11.5,2018.0,74,2,11750,3,0
CustomerId_2347,20000.0,20000.0,1,0.0,20000,20000.0,20000,0.0,1.0,1,1,1,0,financial_services,ChannelId_3,2,17.0,21.0,1.0,2019.0,23,1,20000,0,1
CustomerId_2348,95120.0,2570.810810810811,37,5335.610778521976,102080,2758.9189189189187,21800,0.2702702702702703,0.7297297297297297,3,2,3,0,financial_services,ChannelId_3,2,9.45945945945946,13.027027027027026,4.675675675675675,2018.6486486486488,19,37,102080,2,0
CustomerId_2349,1124929.5,2324.2345041322315,484,6853.191202244491,1153456,2383.1735537190084,46000,0.44214876033057854,0.5578512396694215,4,2,4,0,financial_services,ChannelId_3,2,12.518595041322314,22.31198347107438,11.214876033057852,2018.0185950413222,33,484,1153456,2,0
CustomerId_2352,20000.0,3333.3333333333335,6,6088.2400303098,32000,5333.333333333333,10000,0.3333333333333333,0.6666666666666666,2,2,3,0,airtime,ChannelId_3,2,8.0,8.0,2.0,2019.0,6,6,32000,2,0
CustomerId_2353,6279578.0,114174.14545454546,55,171597.52521033565,6299972,114544.94545454545,800000,0.14545454545454545,0.8545454545454545,4,2,3,5,financial_services,ChannelId_3,2,13.072727272727272,16.454545454545453,5.290909090909091,2018.581818181818,9,55,6299972,2,1
CustomerId_2356,5000.0,5000.0,1,0.0,5000,5000.0,5000,0.0,1.0,1,1,1,0,financial_services,ChannelId_3,2,3.0,3.0,1.0,2019.0,42,1,5000,0,1
CustomerId_2357,2000.0,2000.0,1,0.0,2000,2000.0,2000,0.0,1.0,1,1,1,0,airtime,ChannelId_3,4,20.0,16.0,11.0,2018.0,89,1,2000,3,0
CustomerId_2359,110000.0,36666.666666666664,3,54848.27557301444,110000,36666.666666666664,100000,0.0,1.0,1,1,1,0,financial_services,ChannelId_3,2,9.0,13.0,1.6666666666666667,2019.0,6,3,110000,2,0
CustomerId_2360,45990.0,1839.6,25,2900.552720316135,48740,1949.6,10000,0.4,0.6,2,2,4,0,financial_services,ChannelId_3,2,14.96,16.84,12.0,2018.0,56,25,48740,3,0
CustomerId_2361,1000.0,1000.0,1,0.0,1000,1000.0,1000,0.0,1.0,1,1,1,0,airtime,ChannelId_3,4,23.0,15.0,1.0,2019.0,29,1,1000,0,1
CustomerId_2362,950.0,237.5,4,962.0940702446928,3050,762.5,1000,0.5,0.5,2,2,3,0,financial_services,ChannelId_2,2,8.75,23.0,12.0,2018.0,53,4,3050,3,0
CustomerId_2363,160000.0,5925.925925925926,27,8700.998731029613,232800,8622.222222222223,20000,0.4074074074074074,0.5925925925925926,2,2,3,0,financial_services,ChannelId_3,2,9.481481481481481,18.185185185185187,9.222222222222221,2018.2222222222222,5,27,232800,2,0
CustomerId_2365,500.0,500.0,1,0.0,500,500.0,500,0.0,1.0,1,1,1,0,financial_services,ChannelId_3,2,9.0,18.0,1.0,2019.0,27,1,500,0,1
CustomerId_2366,1100000.0,183333.33333333334,6,8164.965809277261,1100000,183333.33333333334,200000,0.0,1.0,2,1,1,0,tv,ChannelId_1,0,14.833333333333334,22.666666666666668,11.166666666666666,2018.0,69,6,1100000,3,0
CustomerId_2368,40000.0,4444.444444444444,9,6463.573143221772,62000,6888.888888888889,10000,0.3333333333333333,0.6666666666666666,2,2,3,0,financial_services,ChannelId_3,2,10.88888888888889,4.111111111111111,2.0,2019.0,6,9,62000,2,0
CustomerId_2369,3700.0,740.0,5,1089.954127475097,5700,1140.0,2000,0.2,0.8,2,2,4,0,airtime,ChannelId_3,2,10.0,7.0,1.0,2019.0,37,5,5700,0,1
CustomerId_2371,49000.0,6125.0,8,5986.592162013854,61000,7625.0,10000,0.25,0.75,2,2,3,0,financial_services,ChannelId_3,2,13.0,7.0,12.0,2018.0,68,8,61000,3,0
CustomerId_2372,5000.0,5000.0,1,0.0,5000,5000.0,5000,0.0,1.0,1,1,1,0,financial_services,ChannelId_3,2,7.0,26.0,1.0,2019.0,19,1,5000,0,1
CustomerId_2373,140800.0,12800.0,11,19786.10623644784,165800,15072.727272727272,50000,0.2727272727272727,0.7272727272727273,2,2,4,0,airtime,ChannelId_3,2,13.272727272727273,19.454545454545453,4.0,2018.7272727272727,19,11,165800,2,0
CustomerId_2374,1450.0,241.66666666666666,6,693.1209610642768,3550,591.6666666666666,1000,0.3333333333333333,0.6666666666666666,3,2,2,0,data_bundles,ChannelId_3,4,15.833333333333334,7.333333333333333,2.0,2019.0,1,6,3550,0,1
CustomerId_2375,22000.0,7333.333333333333,3,4618.802153517006,22000,7333.333333333333,10000,0.0,1.0,2,1,2,0,financial_services,ChannelId_3,2,14.666666666666666,27.333333333333332,1.0,2019.0,14,3,22000,2,0
CustomerId_2376,500.0,500.0,1,0.0,500,500.0,500,0.0,1.0,1,1,1,0,financial_services,ChannelId_3,2,17.0,18.0,11.0,2018.0,87,1,500,3,0
CustomerId_2381,6390.0,580.9090909090909,11,868.4060633765122,8610,782.7272727272727,2000,0.45454545454545453,0.5454545454545454,2,2,2,0,airtime,ChannelId_3,4,8.727272727272727,8.545454545454545,12.0,2018.0,66,11,8610,3,0
CustomerId_2384,28250.0,3531.25,8,5675.633224583844,31750,3968.75,15000,0.5,0.5,2,2,3,0,financial_services,ChannelId_2,2,7.875,23.125,1.25,2019.0,2,8,31750,2,0
CustomerId_2386,78.0,26.0,3,1050.8225349696304,2122,707.3333333333334,1100,0.6666666666666666,0.3333333333333333,2,2,2,0,financial_services,ChannelId_2,2,21.0,30.0,12.0,2018.0,45,3,2122,0,1
CustomerId_2388,105000.0,52500.0,2,67175.14421272202,105000,52500.0,100000,0.0,1.0,1,1,1,0,financial_services,ChannelId_3,2,13.0,20.5,11.0,2018.0,84,2,105000,3,0
CustomerId_2389,1000.0,1000.0,1,0.0,1000,1000.0,1000,0.0,1.0,1,1,1,0,airtime,ChannelId_3,2,19.0,22.0,12.0,2018.0,53,1,1000,0,1
CustomerId_2391,20000.0,4000.0,5,6745.368781616021,32000,6400.0,10000,0.4,0.6,2,2,3,0,financial_services,ChannelId_3,2,16.0,8.0,2.0,2019.0,5,5,32000,2,0
CustomerId_2393,158800.0,7561.9047619047615,21,10189.724048789358,222000,10571.42857142857,30000,0.3333333333333333,0.6666666666666666,3,2,3,0,financial_services,ChannelId_3,2,9.047619047619047,16.0,5.190476190476191,2018.6190476190477,34,21,222000,2,0
CustomerId_2396,3250.0,1625.0,2,883.8834764831844,3250,1625.0,2250,0.0,1.0,1,1,1,0,financial_services,ChannelId_3,2,8.5,1.5,1.0,2019.0,43,2,3250,0,1
CustomerId_2397,500.0,500.0,1,0.0,500,500.0,500,0.0,1.0,1,1,1,0,airtime,ChannelId_3,4,17.0,3.0,12.0,2018.0,72,1,500,3,0
CustomerId_2398,50000.0,50000.0,1,0.0,50000,50000.0,50000,0.0,1.0,1,1,1,0,financial_services,ChannelId_3,2,5.0,1.0,12.0,2018.0,75,1,50000,3,0
CustomerId_2400,44000.0,5500.0,8,11237.691679598363,78750,9843.75,27750,0.5,0.5,3,2,3,0,financial_services,ChannelId_2,2,16.0,28.0,12.0,2018.0,47,8,78750,3,0
CustomerId_2401,76650.0,5475.0,14,7578.125148691513,110300,7878.571428571428,20000,0.2857142857142857,0.7142857142857143,3,2,3,0,financial_services,ChannelId_3,2,16.857142857142858,3.5714285714285716,2.0,2019.0,6,14,110300,2,0
CustomerId_2402,17620.0,927.3684210526316,19,1194.5982221151603,20380,1072.6315789473683,4000,0.42105263157894735,0.5789473684210527,2,2,4,0,financial_services,ChannelId_3,2,13.421052631578947,6.2631578947368425,10.263157894736842,2018.157894736842,33,19,20380,0,1
CustomerId_2403,80000.0,3809.5238095238096,21,7151.007255058882,153000,7285.714285714285,11000,0.42857142857142855,0.5714285714285714,2,2,4,0,airtime,ChannelId_3,2,10.0,13.047619047619047,1.4761904761904763,2019.0,1,21,153000,2,0
CustomerId_2404,5980.0,1196.0,5,2282.998028908479,8020,1604.0,5000,0.4,0.6,2,2,4,0,financial_services,ChannelId_3,2,12.4,12.6,11.6,2018.0,75,5,8020,3,0
CustomerId_2405,2000.0,2000.0,1,0.0,2000,2000.0,2000,0.0,1.0,1,1,1,0,financial_services,ChannelId_3,2,23.0,6.0,2.0,2019.0,7,1,2000,0,1
CustomerId_2406,18625.0,846.5909090909091,22,1459.7842195107012,21375,971.5909090909091,5000,0.4090909090909091,0.5909090909090909,2,2,3,0,airtime,ChannelId_3,2,15.227272727272727,12.545454545454545,1.4545454545454546,2019.0,9,22,21375,2,0
CustomerId_2407,2930.0,488.3333333333333,6,1055.6593516218509,5070,845.0,2000,0.5,0.5,2,2,3,0,financial_services,ChannelId_2,2,8.333333333333334,7.666666666666667,12.0,2018.0,68,6,5070,3,0
CustomerId_2408,59000.0,8428.57142857143,7,9606.545387688244,71000,10142.857142857143,20000,0.2857142857142857,0.7142857142857143,2,2,3,0,financial_services,ChannelId_3,2,11.714285714285714,28.0,12.0,2018.0,47,7,71000,3,0
CustomerId_2409,1000.0,1000.0,1,0.0,1000,1000.0,1000,0.0,1.0,1,1,1,0,financial_services,ChannelId_3,2,14.0,2.0,1.0,2019.0,42,1,1000,0,1
CustomerId_2414,220010.0,6470.882352941177,34,9176.421157426626,330410,9717.941176470587,20010,0.35294117647058826,0.6470588235294118,2,2,3,0,financial_services,ChannelId_3,2,15.117647058823529,13.794117647058824,9.911764705882353,2018.1764705882354,6,34,330410,2,0
CustomerId_2415,5000.0,5000.0,1,0.0,5000,5000.0,5000,0.0,1.0,1,1,1,0,financial_services,ChannelId_3,2,14.0,18.0,1.0,2019.0,26,1,5000,0,1
CustomerId_2416,114524.0,2009.1929824561403,57,8161.113919589733,133426,2340.8070175438597,60000,0.49122807017543857,0.5087719298245614,4,2,3,0,financial_services,ChannelId_3,2,11.947368421052632,29.228070175438596,12.0,2018.0,45,57,133426,2,0
CustomerId_2417,1027145.2,8283.429032258064,124,22823.50794827926,1346445,10858.427419354839,156000,0.3064516129032258,0.6935483870967742,3,2,4,0,airtime,ChannelId_3,2,10.798387096774194,17.282258064516128,6.943548387096774,2018.4516129032259,3,124,1346445,2,0
CustomerId_2419,100000.0,7142.857142857143,14,9638.5216138731,142000,10142.857142857143,20000,0.35714285714285715,0.6428571428571429,2,2,3,0,financial_services,ChannelId_3,2,11.5,16.0,6.5,2018.5,33,14,142000,2,0
CustomerId_2420,6900.0,383.3333333333333,18,224.59113177191176,7100,394.44444444444446,500,0.2222222222222222,0.7777777777777778,2,2,3,0,financial_services,ChannelId_3,2,8.222222222222221,16.555555555555557,11.0,2018.0,86,18,7100,3,0
CustomerId_2422,6095.0,468.84615384615387,13,759.4749113865718,8401,646.2307692307693,2000,0.38461538461538464,0.6153846153846154,2,2,3,0,financial_services,ChannelId_3,2,18.923076923076923,22.0,1.2307692307692308,2019.0,6,13,8401,0,1
CustomerId_2423,33980.0,11326.666666666666,3,18776.584708975523,35010,11670.0,33990,0.3333333333333333,0.6666666666666666,3,2,3,0,airtime,ChannelId_3,2,11.666666666666666,23.333333333333332,1.0,2019.0,13,3,35010,2,0
CustomerId_2424,53320.0,1367.179487179487,39,2074.1414821533276,53880,1381.5384615384614,6000,0.38461538461538464,0.6153846153846154,2,2,3,0,financial_services,ChannelId_3,2,11.384615384615385,15.743589743589743,2.076923076923077,2018.923076923077,8,39,53880,2,0
CustomerId_2425,180000.0,5142.857142857143,35,6015.973136002956,251200,7177.142857142857,10000,0.2857142857142857,0.7142857142857143,2,2,4,0,financial_services,ChannelId_3,2,13.17142857142857,16.6,6.4,2018.4857142857143,5,35,251200,2,0
CustomerId_2426,4175.0,695.8333333333334,6,870.7606827749325,4425,737.5,2000,0.5,0.5,2,2,3,0,airtime,ChannelId_2,2,7.5,19.666666666666668,11.333333333333334,2018.0,65,6,4425,3,0
CustomerId_2427,425200.0,6346.268656716418,67,6839.398528362,588600,8785.074626865671,20700,0.2537313432835821,0.746268656716418,3,2,5,0,airtime,ChannelId_3,2,7.3283582089552235,16.91044776119403,5.3283582089552235,2018.6119402985075,2,67,588600,2,0
CustomerId_2428,1000.0,500.0,2,0.0,1000,500.0,500,0.0,1.0,2,1,1,0,airtime,ChannelId_3,2,11.0,9.0,2.0,2019.0,4,2,1000,0,1
CustomerId_2431,20000.0,4000.0,5,6745.368781616021,32000,6400.0,10000,0.4,0.6,2,2,3,0,financial_services,ChannelId_3,2,7.0,1.0,2.0,2019.0,13,5,32000,2,0
CustomerId_2432,53000.0,26500.0,2,33234.018715767736,53000,26500.0,50000,0.0,1.0,1,1,1,0,financial_services,ChannelId_3,2,7.5,26.0,12.0,2018.0,50,2,53000,3,0
CustomerId_2433,220000.0,7333.333333333333,30,9411.413955600836,312000,10400.0,20000,0.3333333333333333,0.6666666666666666,2,2,4,0,financial_services,ChannelId_3,2,10.366666666666667,9.866666666666667,4.0,2018.7666666666667,5,30,312000,2,0
CustomerId_2434,17900.0,2983.3333333333335,6,6908.014668967247,20100,3350.0,17000,0.5,0.5,2,2,3,0,financial_services,ChannelId_2,2,9.333333333333334,12.0,2.0,2019.0,1,6,20100,2,0
CustomerId_2435,40000.0,3333.3333333333335,12,8679.477710861025,92000,7666.666666666667,20000,0.5,0.5,2,2,4,0,airtime,ChannelId_2,2,14.75,11.833333333333334,1.6666666666666667,2019.0,1,12,92000,2,0
CustomerId_2436,2500.0,2500.0,1,0.0,2500,2500.0,2500,0.0,1.0,1,1,1,0,airtime,ChannelId_3,4,22.0,18.0,12.0,2018.0,57,1,2500,3,0
CustomerId_2437,60000.0,3333.3333333333335,18,7228.131318185992,123400,6855.555555555556,11700,0.5,0.5,2,2,5,0,airtime,ChannelId_2,2,9.333333333333334,17.27777777777778,11.722222222222221,2018.0,54,18,123400,3,0
CustomerId_2438,49000.0,5444.444444444444,9,6930.20762876393,71000,7888.888888888889,10000,0.3333333333333333,0.6666666666666666,2,2,3,0,airtime,ChannelId_3,1,13.777777777777779,28.0,12.0,2018.0,47,9,71000,3,0
CustomerId_2440,34950.0,3883.3333333333335,9,6277.7384462878035,55050,6116.666666666667,21000,0.4444444444444444,0.5555555555555556,3,2,4,0,financial_services,ChannelId_3,2,13.88888888888889,23.77777777777778,8.0,2018.3333333333333,5,9,55050,2,0
CustomerId_2441,28735.0,926.9354838709677,31,1964.3008414443357,30265,976.2903225806451,9000,0.41935483870967744,0.5806451612903226,2,2,4,0,airtime,ChannelId_3,2,9.258064516129032,19.225806451612904,7.096774193548387,2018.4516129032259,1,31,30265,2,0
CustomerId_2443,950.0,237.5,4,962.0940702446928,3050,762.5,1000,0.5,0.5,2,2,2,0,airtime,ChannelId_2,2,7.75,12.25,12.0,2018.0,62,4,3050,3,0
CustomerId_2444,1000.0,1000.0,1,0.0,1000,1000.0,1000,0.0,1.0,1,1,1,0,airtime,ChannelId_3,4,13.0,8.0,1.0,2019.0,36,1,1000,0,1
CustomerId_2445,17743762.0,322613.85454545455,55,1184937.5072447744,17746182,322657.85454545455,8600000,0.12727272727272726,0.8727272727272727,2,2,5,2,financial_services,ChannelId_3,2,13.727272727272727,15.436363636363636,4.0,2018.7272727272727,25,55,17746182,2,1
CustomerId_2446,210623.0,3397.1451612903224,62,5502.02213749941,214327,3456.8870967741937,16000,0.3225806451612903,0.6774193548387096,3,2,4,0,financial_services,ChannelId_3,2,11.983870967741936,23.903225806451612,11.0,2018.0,76,62,214327,3,0
CustomerId_2447,12600.0,1400.0,9,1799.5225061109961,13400,1488.888888888889,5000,0.4444444444444444,0.5555555555555556,2,2,3,0,financial_services,ChannelId_3,2,15.555555555555555,16.444444444444443,11.0,2018.0,86,9,13400,3,0
CustomerId_2451,1000.0,1000.0,1,0.0,1000,1000.0,1000,0.0,1.0,1,1,1,0,financial_services,ChannelId_3,2,19.0,22.0,11.0,2018.0,83,1,1000,3,0
CustomerId_2454,9980.0,665.3333333333334,15,866.6179473485803,12910,860.6666666666666,3000,0.26666666666666666,0.7333333333333333,4,2,3,0,financial_services,ChannelId_3,2,12.6,18.733333333333334,6.866666666666666,2018.4666666666667,36,15,12910,0,1
CustomerId_2455,51000.0,25500.0,2,34648.23227814083,51000,25500.0,50000,0.0,1.0,2,1,2,0,airtime,ChannelId_3,1,14.0,12.0,12.0,2018.0,63,2,51000,3,0
CustomerId_2456,12000.0,12000.0,1,0.0,12000,12000.0,12000,0.0,1.0,1,1,1,0,tv,ChannelId_3,2,18.0,15.0,1.0,2019.0,29,1,12000,0,1
CustomerId_2457,52817.0,2400.7727272727275,22,2423.36420885194,55983,2544.681818181818,5000,0.2727272727272727,0.7272727272727273,2,2,4,0,financial_services,ChannelId_3,2,14.818181818181818,17.545454545454547,5.7272727272727275,2018.590909090909,6,22,55983,2,0
CustomerId_2458,500.0,500.0,1,0.0,500,500.0,500,0.0,1.0,1,1,1,0,airtime,ChannelId_3,4,14.0,4.0,12.0,2018.0,71,1,500,3,0
CustomerId_2459,818115.0,2050.4135338345864,399,5421.228838790144,863349,2163.781954887218,50000,0.46115288220551376,0.5388471177944862,3,2,4,0,financial_services,ChannelId_3,2,11.80451127819549,18.43358395989975,10.859649122807017,2018.045112781955,24,399,863349,2,0
CustomerId_2461,5450.0,778.5714285714286,7,410.13934914158835,5550,792.8571428571429,1000,0.14285714285714285,0.8571428571428571,2,2,3,0,financial_services,ChannelId_3,2,17.285714285714285,21.428571428571427,12.0,2018.0,52,7,5550,3,0
CustomerId_2462,20000.0,4000.0,5,6745.368781616021,32000,6400.0,10000,0.4,0.6,2,2,3,0,financial_services,ChannelId_3,2,7.0,8.0,2.0,2019.0,6,5,32000,2,0
CustomerId_2463,6700.0,957.1428571428571,7,1198.759279223235,7300,1042.857142857143,3000,0.42857142857142855,0.5714285714285714,2,2,3,0,airtime,ChannelId_3,1,13.571428571428571,19.571428571428573,11.0,2018.0,85,7,7300,3,0
CustomerId_2465,1000.0,1000.0,1,0.0,1000,1000.0,1000,0.0,1.0,1,1,1,0,financial_services,ChannelId_3,2,7.0,22.0,12.0,2018.0,54,1,1000,0,1
CustomerId_2468,1800.0,900.0,2,141.4213562373095,1800,900.0,1000,0.0,1.0,1,1,1,0,financial_services,ChannelId_3,2,23.0,4.0,12.0,2018.0,71,2,1800,3,0
CustomerId_2469,120000.0,4285.714285714285,28,6069.70096802716,182000,6500.0,11000,0.25,0.75,2,2,3,0,airtime,ChannelId_3,2,9.285714285714286,16.785714285714285,3.642857142857143,2018.7857142857142,6,28,182000,2,0
CustomerId_2470,20500.0,10250.0,2,13788.582233137677,20500,10250.0,20000,0.0,1.0,1,1,1,0,financial_services,ChannelId_3,2,11.5,7.0,1.0,2019.0,37,2,20500,0,1
CustomerId_2471,1500.0,750.0,2,353.5533905932738,1500,750.0,1000,0.0,1.0,2,1,1,0,airtime,ChannelId_3,2,2.0,12.0,2.0,2019.0,2,2,1500,0,1
CustomerId_2474,40000.0,3636.3636363636365,11,5869.799439039247,62000,5636.363636363636,10000,0.2727272727272727,0.7272727272727273,2,2,3,0,airtime,ChannelId_3,2,10.909090909090908,18.818181818181817,1.3636363636363635,2019.0,6,11,62000,2,0
CustomerId_2477,611700.5,1973.2274193548387,310,5375.130091062697,676978,2183.8,47000,0.4161290322580645,0.5838709677419355,5,3,4,0,financial_services,ChannelId_3,2,10.303225806451612,19.025806451612905,10.903225806451612,2018.0096774193548,41,310,676978,2,0
CustomerId_2480,10000.0,10000.0,1,0.0,10000,10000.0,10000,0.0,1.0,1,1,1,0,financial_services,ChannelId_3,2,11.0,28.0,1.0,2019.0,16,1,10000,0,1
CustomerId_2481,20000.0,3333.3333333333335,6,6088.2400303098,32000,5333.333333333333,10000,0.3333333333333333,0.6666666666666666,2,2,3,0,airtime,ChannelId_3,2,15.0,8.0,2.0,2019.0,5,6,32000,2,0
CustomerId_2482,-3835.0,-383.5,10,826.6735550788272,8235,823.5,1000,0.7,0.3,2,3,3,0,airtime,ChannelId_5,2,10.9,12.3,9.8,2018.2,36,10,8235,0,1
CustomerId_2485,5000.0,5000.0,1,0.0,5000,5000.0,5000,0.0,1.0,1,1,1,0,financial_services,ChannelId_3,2,9.0,26.0,1.0,2019.0,19,1,5000,0,1
CustomerId_2488,80000.0,40000.0,2,0.0,80000,40000.0,40000,0.0,1.0,1,1,2,0,financial_services,ChannelId_3,2,18.5,12.0,2.0,2019.0,1,2,80000,2,0
CustomerId_2489,10000.0,10000.0,1,0.0,10000,10000.0,10000,0.0,1.0,1,1,1,0,financial_services,ChannelId_3,2,14.0,9.0,2.0,2019.0,4,1,10000,0,1
CustomerId_2490,5000.0,5000.0,1,0.0,5000,5000.0,5000,0.0,1.0,1,1,1,0,financial_services,ChannelId_3,2,7.0,13.0,1.0,2019.0,32,1,5000,0,1
CustomerId_2491,311200.0,3661.176470588235,85,5418.088536112534,442462,5205.435294117647,11000,0.2235294117647059,0.7764705882352941,3,2,4,0,airtime,ChannelId_3,2,11.929411764705883,17.32941176470588,8.541176470588235,2018.2941176470588,5,85,442462,2,0
CustomerId_2492,19000.0,3166.6666666666665,6,7626.707459098367,41000,6833.333333333333,10000,0.5,0.5,2,2,3,0,airtime,ChannelId_2,2,11.0,28.0,12.0,2018.0,47,6,41000,3,0
CustomerId_2493,1000.0,1000.0,1,0.0,1000,1000.0,1000,0.0,1.0,1,1,1,0,airtime,ChannelId_3,4,14.0,7.0,2.0,2019.0,6,1,1000,0,1
CustomerId_2494,3900.0,1300.0,3,3235.737937472687,6100,2033.3333333333333,5000,0.6666666666666666,0.3333333333333333,2,2,2,0,financial_services,ChannelId_2,2,6.0,20.0,1.0,2019.0,25,3,6100,0,1
CustomerId_2495,2950.0,491.6666666666667,6,842.8621872326856,5050,841.6666666666666,1000,0.3333333333333333,0.6666666666666666,2,2,3,0,financial_services,ChannelId_3,2,20.166666666666668,24.833333333333332,12.0,2018.0,47,6,5050,0,1
CustomerId_2496,30000.0,15000.0,2,0.0,30000,15000.0,15000,0.0,1.0,2,1,1,0,airtime,ChannelId_3,1,13.0,8.0,1.0,2019.0,36,2,30000,0,1
CustomerId_2497,280500.0,140250.0,2,197636.34534164003,280500,140250.0,280000,0.0,1.0,2,1,2,0,data_bundles,ChannelId_3,0,9.0,14.0,12.0,2018.0,62,2,280500,3,0
CustomerId_2498,16850.0,2808.3333333333335,6,2745.981913026134,19150,3191.6666666666665,5000,0.3333333333333333,0.6666666666666666,2,2,3,0,financial_services,ChannelId_3,2,18.0,7.0,2.0,2019.0,6,6,19150,2,0
CustomerId_2501,119000.0,14875.0,8,28612.87172884659,156250,19531.25,80000,0.5,0.5,2,2,3,0,financial_services,ChannelId_2,2,12.0,10.25,1.25,2019.0,13,8,156250,2,0
CustomerId_2503,1500.0,1500.0,1,0.0,1500,1500.0,1500,0.0,1.0,1,1,1,0,airtime,ChannelId_3,4,21.0,29.0,12.0,2018.0,46,1,1500,0,1
CustomerId_2504,20000.0,3333.3333333333335,6,6088.2400303098,32000,5333.333333333333,10000,0.3333333333333333,0.6666666666666666,2,2,3,0,airtime,ChannelId_3,2,8.833333333333334,25.0,1.0,2019.0,20,6,32000,2,0
CustomerId_2505,6000.0,1500.0,4,1914.854215512676,8000,2000.0,3000,0.25,0.75,3,2,2,0,tv,ChannelId_3,2,15.75,9.5,1.0,2019.0,27,4,8000,0,1
CustomerId_2506,40000.0,4444.444444444444,9,6559.556218051475,62000,6888.888888888889,11000,0.3333333333333333,0.6666666666666666,2,2,3,0,financial_services,ChannelId_3,2,15.333333333333334,16.0,7.555555555555555,2018.4444444444443,12,9,62000,2,0
CustomerId_2508,60000.0,4285.714285714285,14,6157.27926214882,92000,6571.428571428572,10000,0.2857142857142857,0.7142857142857143,2,2,3,0,airtime,ChannelId_3,2,10.071428571428571,15.642857142857142,1.2857142857142858,2019.0,13,14,92000,2,0
CustomerId_2512,1000.0,1000.0,1,0.0,1000,1000.0,1000,0.0,1.0,1,1,1,0,airtime,ChannelId_3,4,15.0,18.0,11.0,2018.0,87,1,1000,3,0
CustomerId_2513,19000.0,3166.6666666666665,6,7626.707459098367,41000,6833.333333333333,10000,0.5,0.5,2,2,3,0,airtime,ChannelId_2,2,17.0,28.0,12.0,2018.0,47,6,41000,3,0
CustomerId_2514,8950.0,559.375,16,752.5199332908065,11050,690.625,2000,0.3125,0.6875,2,2,3,0,airtime,ChannelId_3,2,12.25,17.5625,3.75,2018.75,21,16,11050,0,1
CustomerId_2515,13470.0,1122.5,12,3152.846116822646,15730,1310.8333333333333,11000,0.4166666666666667,0.5833333333333334,2,2,2,0,airtime,ChannelId_3,4,11.5,24.25,9.25,2018.25,14,12,15730,0,1
CustomerId_2519,36115.0,1203.8333333333333,30,1221.4114809297996,37285,1242.8333333333333,5000,0.3333333333333333,0.6666666666666666,2,2,4,0,financial_services,ChannelId_3,2,12.966666666666667,12.966666666666667,10.666666666666666,2018.1333333333334,12,30,37285,2,0
CustomerId_2520,24050.0,1717.857142857143,14,2097.650438618733,27050,1932.142857142857,5250,0.35714285714285715,0.6428571428571429,2,2,4,0,financial_services,ChannelId_3,2,18.928571428571427,12.571428571428571,9.642857142857142,2018.2142857142858,14,14,27050,2,0
CustomerId_2522,1000.0,1000.0,1,0.0,1000,1000.0,1000,0.0,1.0,1,1,1,0,airtime,ChannelId_3,4,10.0,18.0,12.0,2018.0,57,1,1000,0,1
CustomerId_2523,2980.0,596.0,5,1142.838571277676,5020,1004.0,2000,0.4,0.6,2,2,4,0,financial_services,ChannelId_3,2,21.0,22.0,11.0,2018.0,83,5,5020,3,0
CustomerId_2525,20000.0,20000.0,1,0.0,20000,20000.0,20000,0.0,1.0,1,1,1,0,financial_services,ChannelId_3,2,15.0,16.0,12.0,2018.0,59,1,20000,3,0
CustomerId_2526,1000.0,1000.0,1,0.0,1000,1000.0,1000,0.0,1.0,1,1,1,0,airtime,ChannelId_3,4,2.0,18.0,1.0,2019.0,27,1,1000,0,1
CustomerId_2527,3980.0,796.0,5,456.1578674099571,4020,804.0,1000,0.2,0.8,2,2,2,0,airtime,ChannelId_3,4,10.0,8.8,5.4,2018.6,38,5,4020,0,1
CustomerId_2528,1695194.3,2779.007049180328,610,22872.844886611598,1868148,3062.537704918033,508000,0.4786885245901639,0.521311475409836,5,2,5,1,financial_services,ChannelId_3,2,12.668852459016394,24.65081967213115,10.38360655737705,2018.1426229508197,19,610,1868148,2,1
CustomerId_2529,137000.0,2174.6031746031745,63,4170.904143258129,199000,3158.7301587301586,10000,0.1111111111111111,0.8888888888888888,3,2,3,0,airtime,ChannelId_3,2,15.65079365079365,20.73015873015873,10.174603174603174,2018.1587301587301,19,63,199000,2,0
CustomerId_2530,24000.0,2000.0,12,3789.938833759242,36000,3000.0,10000,0.16666666666666666,0.8333333333333334,2,2,3,0,airtime,ChannelId_3,2,17.166666666666668,14.0,12.0,2018.0,61,12,36000,3,0
CustomerId_2531,188005.75,1413.577067669173,133,2774.7502819289566,218545,1643.1954887218046,14000,0.39849624060150374,0.6015037593984962,4,3,4,0,financial_services,ChannelId_3,2,14.172932330827068,18.2406015037594,5.458646616541353,2018.5864661654136,3,133,218545,2,0
CustomerId_2532,10000.0,10000.0,1,0.0,10000,10000.0,10000,0.0,1.0,1,1,1,0,financial_services,ChannelId_3,2,14.0,12.0,2.0,2019.0,1,1,10000,0,1
CustomerId_2534,1000.0,1000.0,1,0.0,1000,1000.0,1000,0.0,1.0,1,1,1,0,financial_services,ChannelId_3,2,6.0,1.0,12.0,2018.0,75,1,1000,3,0
CustomerId_2535,195100.0,13935.714285714286,14,28474.350323995568,216100,15435.714285714286,100000,0.42857142857142855,0.5714285714285714,2,2,4,0,financial_services,ChannelId_3,2,8.571428571428571,7.642857142857143,11.857142857142858,2018.0,59,14,216100,3,0
CustomerId_2536,500.0,500.0,1,0.0,500,500.0,500,0.0,1.0,1,1,1,0,airtime,ChannelId_3,2,6.0,12.0,1.0,2019.0,33,1,500,0,1
CustomerId_2537,75526.0,5035.066666666667,15,7549.050228497686,113734,7582.266666666666,16650,0.3333333333333333,0.6666666666666666,4,2,3,0,utility_bill,ChannelId_3,2,11.133333333333333,16.666666666666668,6.866666666666666,2018.4666666666667,12,15,113734,2,0
CustomerId_2538,9000.0,2250.0,4,6601.767440112787,21000,5250.0,10000,0.5,0.5,2,2,3,0,airtime,ChannelId_2,2,9.0,21.0,12.0,2018.0,55,4,21000,3,0
CustomerId_2539,40000.0,5000.0,8,6000.0,52000,6500.0,10000,0.25,0.75,2,2,3,0,financial_services,ChannelId_3,2,11.0,8.0,2.0,2019.0,5,8,52000,2,0
CustomerId_2541,1000.0,1000.0,1,0.0,1000,1000.0,1000,0.0,1.0,1,1,1,0,financial_services,ChannelId_3,2,15.0,12.0,2.0,2019.0,1,1,1000,0,1
CustomerId_2543,9000.0,2250.0,4,6601.767440112787,21000,5250.0,10000,0.5,0.5,2,2,3,0,airtime,ChannelId_2,2,9.0,21.0,12.0,2018.0,55,4,21000,3,0
CustomerId_2544,180485.0,1298.453237410072,139,1379.4106923989898,188035,1352.769784172662,9000,0.302158273381295,0.697841726618705,2,2,4,0,financial_services,ChannelId_3,2,10.62589928057554,16.532374100719423,11.086330935251798,2018.0431654676258,27,139,188035,2,0
CustomerId_2545,5800.0,644.4444444444445,9,1017.1788327417052,8200,911.1111111111111,2000,0.4444444444444444,0.5555555555555556,2,2,3,0,financial_services,ChannelId_3,2,11.444444444444445,16.555555555555557,1.1111111111111112,2019.0,11,9,8200,0,1
CustomerId_2546,144740.0,1327.8899082568807,109,2576.518277096444,161860,1484.954128440367,11200,0.3944954128440367,0.6055045871559633,4,2,4,0,financial_services,ChannelId_3,2,13.110091743119266,15.844036697247706,1.5412844036697249,2019.0,1,109,161860,2,0
CustomerId_2548,39001.0,1147.0882352941176,34,2557.441087536726,51852,1525.0588235294117,10008,0.4411764705882353,0.5588235294117647,2,2,3,0,financial_services,ChannelId_3,2,13.588235294117647,7.9411764705882355,11.941176470588236,2018.0,47,34,51852,3,0
CustomerId_2549,25000.0,3571.4285714285716,7,5593.363414414826,37000,5285.714285714285,10000,0.2857142857142857,0.7142857142857143,2,2,3,0,airtime,ChannelId_3,2,13.0,1.0,2.0,2019.0,12,7,37000,2,0
CustomerId_2550,50000.0,4166.666666666667,12,5886.553758483409,72000,6000.0,10000,0.25,0.75,2,2,3,0,airtime,ChannelId_3,2,9.916666666666666,25.083333333333332,5.583333333333333,2018.5833333333333,20,12,72000,2,0
CustomerId_2552,10504.0,1500.5714285714287,7,956.0346676320298,14136,2019.4285714285713,2660,0.14285714285714285,0.8571428571428571,3,2,4,0,utility_bill,ChannelId_3,2,6.857142857142857,20.142857142857142,11.0,2018.0,85,7,14136,3,0
CustomerId_2554,103450.0,20690.0,5,29119.890109682765,108550,21710.0,55000,0.4,0.6,2,2,3,0,financial_services,ChannelId_3,2,9.0,15.8,12.0,2018.0,56,5,108550,3,0
CustomerId_2555,42500.0,14166.666666666666,3,23239.693055919077,42500,14166.666666666666,41000,0.0,1.0,3,1,1,0,airtime,ChannelId_3,2,13.0,22.0,11.0,2018.0,82,3,42500,3,0
CustomerId_2556,50000.0,50000.0,1,0.0,50000,50000.0,50000,0.0,1.0,1,1,1,0,financial_services,ChannelId_3,2,7.0,18.0,11.0,2018.0,88,1,50000,3,0
CustomerId_2557,1500.0,750.0,2,353.5533905932738,1500,750.0,1000,0.0,1.0,2,1,1,0,airtime,ChannelId_3,2,14.0,30.0,1.0,2019.0,14,2,1500,0,1
CustomerId_2558,500.0,500.0,1,0.0,500,500.0,500,0.0,1.0,1,1,1,0,airtime,ChannelId_3,4,4.0,9.0,12.0,2018.0,67,1,500,3,0
CustomerId_2559,1000.0,1000.0,1,0.0,1000,1000.0,1000,0.0,1.0,1,1,1,0,airtime,ChannelId_3,4,16.0,8.0,1.0,2019.0,36,1,1000,0,1
CustomerId_2560,20000.0,4000.0,5,6745.368781616021,32000,6400.0,10000,0.4,0.6,2,2,3,0,financial_services,ChannelId_3,2,11.0,8.0,2.0,2019.0,5,5,32000,2,0
CustomerId_2561,40000.0,40000.0,1,0.0,40000,40000.0,40000,0.0,1.0,1,1,1,0,financial_services,ChannelId_3,2,14.0,11.0,2.0,2019.0,2,1,40000,2,0
CustomerId_2562,200250.0,9535.714285714286,21,24487.424897573157,202950,9664.285714285714,100000,0.3333333333333333,0.6666666666666666,3,2,4,0,financial_services,ChannelId_3,2,13.714285714285714,11.714285714285714,2.0,2019.0,1,21,202950,2,0
CustomerId_2564,164000.0,4685.714285714285,35,6062.281790233912,246000,7028.571428571428,10000,0.2571428571428571,0.7428571428571429,2,2,3,0,financial_services,ChannelId_3,2,12.657142857142857,14.257142857142858,6.885714285714286,2018.4857142857143,5,35,246000,2,0
CustomerId_2565,1950.0,487.5,4,1297.674201536477,4050,1012.5,2000,0.5,0.5,2,2,3,0,financial_services,ChannelId_2,2,9.25,11.75,2.0,2019.0,1,4,4050,0,1
CustomerId_2569,5695.0,569.5,10,874.3710437921776,7905,790.5,2000,0.4,0.6,3,2,3,0,financial_services,ChannelId_3,2,14.0,16.6,12.0,2018.0,58,10,7905,3,0
CustomerId_2570,500.0,500.0,1,0.0,500,500.0,500,0.0,1.0,1,1,1,0,airtime,ChannelId_3,4,15.0,20.0,12.0,2018.0,55,1,500,0,1
CustomerId_2571,11890.0,990.8333333333334,12,1550.4688929091055,14310,1192.5,5000,0.4166666666666667,0.5833333333333334,2,2,3,0,financial_services,ChannelId_3,2,19.0,24.083333333333332,1.0,2019.0,17,12,14310,0,1
CustomerId_2572,20000.0,10000.0,2,0.0,20000,10000.0,10000,0.0,1.0,1,1,1,0,airtime,ChannelId_3,4,14.0,8.0,2.0,2019.0,5,2,20000,2,0
CustomerId_2574,120022.5,2069.353448275862,58,6107.776617608238,127942,2205.896551724138,45700,0.3620689655172414,0.6379310344827587,4,2,3,0,financial_services,ChannelId_3,2,11.03448275862069,13.172413793103448,1.293103448275862,2019.0,8,58,127942,2,0
CustomerId_2576,-5000.0,-5000.0,1,0.0,5000,5000.0,5000,1.0,0.0,1,1,1,0,airtime,ChannelId_5,4,20.0,20.0,12.0,2018.0,55,1,5000,3,0
CustomerId_2577,130000.0,18571.428571428572,7,16681.89780228,130000,18571.428571428572,50000,0.0,1.0,2,1,2,0,financial_services,ChannelId_3,2,10.285714285714286,21.571428571428573,11.0,2018.0,83,7,130000,3,0
CustomerId_2579,1000.0,1000.0,1,0.0,1000,1000.0,1000,0.0,1.0,1,1,1,0,airtime,ChannelId_3,4,15.0,18.0,1.0,2019.0,26,1,1000,0,1
CustomerId_2580,22002.46,2444.717777777778,9,3783.619517980692,27721,3080.1111111111113,10000,0.4444444444444444,0.5555555555555556,4,3,3,0,financial_services,ChannelId_3,2,12.0,10.333333333333334,12.0,2018.0,62,9,27721,3,0
CustomerId_2582,40000.0,6666.666666666667,6,9831.92080250175,60000,10000.0,20000,0.3333333333333333,0.6666666666666666,2,2,3,0,airtime,ChannelId_3,2,12.0,14.0,12.0,2018.0,61,6,60000,3,0
CustomerId_2584,142568.0,35642.0,4,70913.45045899262,144632,36158.0,142000,0.5,0.5,3,2,2,0,financial_services,ChannelId_2,2,13.5,20.5,3.75,2018.75,21,4,144632,2,0
CustomerId_2587,31000.0,15500.0,2,13435.028842544403,31000,15500.0,25000,0.0,1.0,1,1,1,0,financial_services,ChannelId_3,2,8.5,11.5,2.0,2019.0,1,2,31000,2,0
CustomerId_2588,403603.0,2306.302857142857,175,5428.693513021813,446167,2549.5257142857145,30000,0.42857142857142855,0.5714285714285714,5,2,4,0,financial_services,ChannelId_3,2,12.96,12.017142857142858,12.0,2018.0,55,175,446167,2,0
CustomerId_2589,70000.0,4117.64705882353,17,9013.686488759582,133400,7847.058823529412,20000,0.5294117647058824,0.47058823529411764,2,2,3,0,financial_services,ChannelId_2,2,5.117647058823529,15.470588235294118,11.470588235294118,2018.0,69,17,133400,3,0
CustomerId_2591,10000.0,10000.0,1,0.0,10000,10000.0,10000,0.0,1.0,1,1,1,0,financial_services,ChannelId_3,2,8.0,4.0,1.0,2019.0,41,1,10000,0,1
CustomerId_2592,40000.0,6666.666666666667,6,9831.92080250175,60000,10000.0,20000,0.3333333333333333,0.6666666666666666,2,2,3,0,airtime,ChannelId_3,2,7.0,8.0,2.0,2019.0,6,6,60000,2,0
CustomerId_2594,1055000.0,351666.6666666667,3,548482.7557301444,1055000,351666.6666666667,985000,0.0,1.0,1,1,1,0,airtime,ChannelId_3,1,8.0,10.0,1.0,2019.0,35,3,1055000,2,0
CustomerId_2595,149819.0,1896.4430379746836,79,4261.087936638367,156856,1985.5189873417721,19000,0.43037974683544306,0.569620253164557,3,2,3,0,financial_services,ChannelId_3,2,11.632911392405063,21.189873417721518,11.848101265822784,2018.0,50,79,156856,2,0
CustomerId_2596,375.0,93.75,4,821.6789214772399,2425,606.25,1000,0.5,0.5,3,2,2,0,financial_services,ChannelId_2,2,19.0,7.0,12.0,2018.0,68,4,2425,3,0
CustomerId_2597,4800.0,1600.0,3,2163.3307652783938,5200,1733.3333333333333,4000,0.3333333333333333,0.6666666666666666,2,2,3,0,airtime,ChannelId_3,2,16.0,28.0,1.0,2019.0,16,3,5200,0,1
CustomerId_2598,22670.0,1333.5294117647059,17,2362.4641298241722,23330,1372.3529411764705,10000,0.29411764705882354,0.7058823529411765,3,2,2,0,airtime,ChannelId_3,2,9.941176470588236,19.0,11.0,2018.0,86,17,23330,3,0
CustomerId_2599,20000.0,3333.3333333333335,6,7814.516406449389,42000,7000.0,11000,0.5,0.5,2,2,3,0,airtime,ChannelId_2,2,19.0,11.0,1.0,2019.0,33,6,42000,2,0
CustomerId_2600,-1000.0,-1000.0,1,0.0,1000,1000.0,1000,1.0,0.0,1,1,1,0,financial_services,ChannelId_2,2,10.0,12.0,1.0,2019.0,32,1,1000,0,1
CustomerId_2601,21830.0,1819.1666666666667,12,2231.947613971966,24170,2014.1666666666667,5000,0.3333333333333333,0.6666666666666666,3,2,3,0,financial_services,ChannelId_3,2,14.833333333333334,8.583333333333334,10.083333333333334,2018.1666666666667,24,12,24170,2,0
CustomerId_2602,6300.0,484.61538461538464,13,747.8119793171652,8700,669.2307692307693,2000,0.38461538461538464,0.6153846153846154,3,2,3,0,airtime,ChannelId_3,2,17.0,23.23076923076923,11.0,2018.0,78,13,8700,3,0
CustomerId_2603,80000.0,5714.285714285715,14,9019.795080638101,121400,8671.42857142857,20000,0.42857142857142855,0.5714285714285714,2,2,3,0,financial_services,ChannelId_3,2,12.928571428571429,16.571428571428573,7.142857142857143,2018.4285714285713,5,14,121400,2,0
CustomerId_2604,253434.0,3471.698630136986,73,7678.31310626981,280326,3840.082191780822,33500,0.3698630136986301,0.6301369863013698,2,2,4,0,financial_services,ChannelId_3,2,16.328767123287673,21.17808219178082,1.0,2019.0,20,73,280326,2,0
CustomerId_2605,60000.0,5454.545454545455,11,6202.638734661828,82000,7454.545454545455,10000,0.2727272727272727,0.7272727272727273,2,2,3,0,financial_services,ChannelId_3,2,14.090909090909092,15.727272727272727,7.454545454545454,2018.4545454545455,12,11,82000,2,0
CustomerId_2607,143400.0,937.2549019607843,153,1433.0174482419757,151200,988.2352941176471,8000,0.41830065359477125,0.5816993464052288,2,2,3,0,financial_services,ChannelId_3,2,12.176470588235293,13.431372549019608,1.6601307189542485,2019.0,1,153,151200,2,0
CustomerId_2609,118630.0,2281.346153846154,52,9122.097503218227,133170,2560.9615384615386,60000,0.4423076923076923,0.5576923076923077,4,2,3,0,airtime,ChannelId_3,2,10.326923076923077,21.115384615384617,11.153846153846153,2018.076923076923,40,52,133170,2,0
CustomerId_2610,-50.0,-16.666666666666668,3,1000.4165798972613,2050,683.3333333333334,1000,0.6666666666666666,0.3333333333333333,2,2,2,0,financial_services,ChannelId_2,2,19.0,8.0,2.0,2019.0,5,3,2050,0,1
CustomerId_2612,685635.45,1288.788439849624,532,4035.56784873629,742014,1394.7631578947369,35000,0.44360902255639095,0.556390977443609,4,2,4,0,financial_services,ChannelId_3,2,10.528195488721805,17.35902255639098,1.3609022556390977,2018.9962406015038,3,532,742014,2,0
CustomerId_2613,500.0,500.0,1,0.0,500,500.0,500,0.0,1.0,1,1,1,0,financial_services,ChannelId_3,2,8.0,27.0,12.0,2018.0,49,1,500,0,1
CustomerId_2614,40000.0,5714.285714285715,7,6237.368187365718,52000,7428.571428571428,10000,0.2857142857142857,0.7142857142857143,2,2,3,0,financial_services,ChannelId_3,2,11.285714285714286,5.714285714285714,1.0,2019.0,34,7,52000,2,0
CustomerId_2615,29430.0,2263.846153846154,13,3531.146033187003,31570,2428.4615384615386,10000,0.23076923076923078,0.7692307692307693,2,2,3,0,airtime,ChannelId_3,2,8.0,4.615384615384615,1.0,2019.0,35,13,31570,2,0
CustomerId_2616,1880.0,376.0,5,1151.4686274493108,4120,824.0,2000,0.6,0.4,2,2,2,0,financial_services,ChannelId_2,2,16.8,8.2,2.0,2019.0,3,5,4120,0,1
CustomerId_2617,60000.0,6000.0,10,7241.853660800143,82000,8200.0,16000,0.3,0.7,2,2,3,0,airtime,ChannelId_3,2,11.7,15.4,1.4,2019.0,12,10,82000,2,0
CustomerId_2618,19000.0,3166.6666666666665,6,7626.707459098367,41000,6833.333333333333,10000,0.5,0.5,2,2,3,0,airtime,ChannelId_2,2,19.0,21.0,12.0,2018.0,54,6,41000,3,0
CustomerId_2619,500.0,500.0,1,0.0,500,500.0,500,0.0,1.0,1,1,1,0,airtime,ChannelId_3,4,10.0,17.0,1.0,2019.0,27,1,500,0,1
CustomerId_2621,2000.0,2000.0,1,0.0,2000,2000.0,2000,0.0,1.0,1,1,1,0,financial_services,ChannelId_3,2,19.0,3.0,12.0,2018.0,72,1,2000,3,0
CustomerId_2623,48548.0,3236.5333333333333,15,4660.636833656758,53252,3550.133333333333,15000,0.3333333333333333,0.6666666666666666,3,2,3,0,financial_services,ChannelId_3,2,8.6,28.866666666666667,12.0,2018.0,46,15,53252,3,0
CustomerId_2625,1000.0,1000.0,1,0.0,1000,1000.0,1000,0.0,1.0,1,1,1,0,financial_services,ChannelId_3,2,20.0,22.0,11.0,2018.0,83,1,1000,3,0
CustomerId_2626,2000.0,2000.0,1,0.0,2000,2000.0,2000,0.0,1.0,1,1,1,0,financial_services,ChannelId_3,2,6.0,15.0,11.0,2018.0,91,1,2000,3,0
CustomerId_2627,20000.0,4000.0,5,6745.368781616021,32000,6400.0,10000,0.4,0.6,2,2,3,0,financial_services,ChannelId_3,2,18.0,8.0,2.0,2019.0,5,5,32000,2,0
CustomerId_2628,10000.0,10000.0,1,0.0,10000,10000.0,10000,0.0,1.0,1,1,1,0,financial_services,ChannelId_3,2,20.0,21.0,11.0,2018.0,84,1,10000,3,0
CustomerId_2630,159000.0,31800.0,5,44144.08227611035,171000,34200.0,80000,0.4,0.6,3,2,3,0,financial_services,ChannelId_3,2,9.2,15.4,12.0,2018.0,59,5,171000,3,0
CustomerId_2631,1000.0,1000.0,1,0.0,1000,1000.0,1000,0.0,1.0,1,1,1,0,financial_services,ChannelId_3,2,21.0,25.0,1.0,2019.0,19,1,1000,0,1
CustomerId_2632,29935.0,997.8333333333334,30,2024.1961818142192,33436,1114.5333333333333,10000,0.4666666666666667,0.5333333333333333,2,2,3,0,financial_services,ChannelId_3,2,13.3,11.666666666666666,1.0,2019.0,30,30,33436,2,0
CustomerId_2633,18980.0,2372.5,8,3971.037108147658,21380,2672.5,10000,0.5,0.5,2,2,3,0,financial_services,ChannelId_2,2,9.0,10.0,12.0,2018.0,62,8,21380,3,0
CustomerId_2634,8500.0,2125.0,4,5452.44593431853,19145,4786.25,14000,0.5,0.5,3,2,3,0,financial_services,ChannelId_2,2,15.5,23.0,9.25,2018.25,31,4,19145,0,1
CustomerId_2635,50.0,50.0,1,0.0,50,50.0,50,0.0,1.0,1,1,1,0,financial_services,ChannelId_3,2,7.0,12.0,2.0,2019.0,2,1,50,0,1
CustomerId_2636,82000.0,82000.0,1,0.0,82000,82000.0,82000,0.0,1.0,1,1,1,0,transport,ChannelId_3,2,11.0,21.0,1.0,2019.0,23,1,82000,2,0
CustomerId_2637,39000.0,5571.428571428572,7,9431.456989902512,61000,8714.285714285714,20000,0.42857142857142855,0.5714285714285714,2,2,3,0,financial_services,ChannelId_3,2,5.0,21.0,12.0,2018.0,55,7,61000,3,0
CustomerId_2638,20000.0,4000.0,5,6745.368781616021,32000,6400.0,10000,0.4,0.6,2,2,3,0,financial_services,ChannelId_3,2,10.0,8.0,2.0,2019.0,5,5,32000,2,0
CustomerId_2639,5895.0,982.5,6,1594.659054469011,8105,1350.8333333333333,3000,0.5,0.5,2,2,3,0,financial_services,ChannelId_2,2,15.333333333333334,26.0,1.0,2019.0,17,6,8105,0,1
CustomerId_2641,55030.2,6114.466666666666,9,8474.81620803661,61790,6865.555555555556,18710,0.3333333333333333,0.6666666666666666,3,2,3,0,financial_services,ChannelId_3,2,9.222222222222221,6.222222222222222,2.0,2019.0,4,9,61790,2,0
CustomerId_2642,11386.5,542.2142857142857,21,707.5851993122201,12212,581.5238095238095,1800,0.42857142857142855,0.5714285714285714,3,2,3,0,financial_services,ChannelId_3,2,15.19047619047619,16.0,8.619047619047619,2018.2857142857142,24,21,12212,0,1
CustomerId_2643,589576.85,3904.4824503311256,151,5392.512587426998,704857,4667.92715231788,20000,0.2185430463576159,0.7814569536423841,4,2,4,0,financial_services,ChannelId_3,2,11.821192052980132,16.165562913907284,6.231788079470198,2018.5165562913908,6,151,704857,2,0
CustomerId_2644,3960.0,396.0,10,321.8764428230877,4040,404.0,1000,0.3,0.7,2,2,3,0,airtime,ChannelId_3,2,11.4,16.6,7.4,2018.4,1,10,4040,0,1
CustomerId_2645,1425.0,712.5,2,1113.6931803688124,1575,787.5,1500,0.5,0.5,2,2,2,0,airtime,ChannelId_2,2,16.0,16.0,11.0,2018.0,89,2,1575,3,0
CustomerId_2647,49694.0,871.8245614035088,57,972.9801077618445,51226,898.7017543859649,5000,0.24561403508771928,0.7543859649122807,2,2,4,0,financial_services,ChannelId_3,2,16.526315789473685,14.771929824561404,7.052631578947368,2018.421052631579,27,57,51226,2,0
CustomerId_2648,-510.0,-170.0,3,762.6925986267338,1510,503.3333333333333,1000,0.6666666666666666,0.3333333333333333,2,2,2,0,financial_services,ChannelId_2,2,5.0,21.0,1.0,2019.0,24,3,1510,0,1
CustomerId_2649,956870.0,2665.376044568245,359,6455.161401215109,1519638,4232.9749303621165,50000,0.3593314763231198,0.6406685236768802,4,2,4,0,airtime,ChannelId_3,2,12.506963788300835,16.025069637883007,8.64066852367688,2018.2869080779944,1,359,1519638,2,0
CustomerId_2651,67675.0,1538.0681818181818,44,4291.46749659285,70325,1598.2954545454545,25000,0.4090909090909091,0.5909090909090909,3,2,3,0,financial_services,ChannelId_3,2,12.113636363636363,16.84090909090909,1.0,2019.0,15,44,70325,2,0
CustomerId_2652,2000.0,1000.0,2,0.0,2000,1000.0,1000,0.0,1.0,1,1,2,0,airtime,ChannelId_3,2,11.0,10.0,12.0,2018.0,65,2,2000,3,0
CustomerId_2653,40000.0,6666.666666666667,6,8891.943919451283,52000,8666.666666666666,20000,0.3333333333333333,0.6666666666666666,2,2,3,0,airtime,ChannelId_3,2,7.833333333333333,5.666666666666667,1.0,2019.0,35,6,52000,2,0
CustomerId_2654,7740.0,703.6363636363636,11,697.1158114298187,8190,744.5454545454545,2000,0.36363636363636365,0.6363636363636364,2,2,4,0,financial_services,ChannelId_3,2,20.545454545454547,17.636363636363637,11.272727272727273,2018.0,71,11,8190,3,0
CustomerId_2655,1000.0,1000.0,1,0.0,1000,1000.0,1000,0.0,1.0,1,1,1,0,financial_services,ChannelId_3,2,18.0,7.0,2.0,2019.0,6,1,1000,0,1
CustomerId_2656,310475.0,62095.0,5,133113.02105729553,320525,64105.0,300000,0.4,0.6,2,2,3,1,financial_services,ChannelId_1,2,14.4,13.6,1.0,2019.0,21,5,320525,2,1
CustomerId_2659,111090.0,1821.1475409836066,61,2637.1421389834463,116310,1906.72131147541,10500,0.3770491803278688,0.6229508196721312,2,2,4,0,financial_services,ChannelId_3,2,13.049180327868852,19.950819672131146,11.344262295081966,2018.0655737704917,11,61,116310,2,0
CustomerId_2662,992392.3200000001,8629.498434782608,115,23309.06974558761,1435284,12480.730434782608,115000,0.3565217391304348,0.6434782608695652,6,4,4,0,financial_services,ChannelId_3,2,11.373913043478261,17.391304347826086,6.991304347826087,2018.4521739130435,2,115,1435284,2,0
CustomerId_2663,4975.0,710.7142857142857,7,1077.40594551384,7025,1003.5714285714286,2000,0.2857142857142857,0.7142857142857143,2,2,4,0,financial_services,ChannelId_3,2,14.714285714285714,5.714285714285714,2.0,2019.0,6,7,7025,0,1
CustomerId_2664,30000.0,3333.3333333333335,9,7176.350047203661,62000,6888.888888888889,10000,0.4444444444444444,0.5555555555555556,2,2,4,0,airtime,ChannelId_3,2,11.333333333333334,3.888888888888889,2.0,2019.0,1,9,62000,2,0
CustomerId_2665,43600.0,2076.190476190476,21,5171.90243159176,74200,3533.3333333333335,10000,0.42857142857142855,0.5714285714285714,3,3,4,0,financial_services,ChannelId_3,2,11.80952380952381,16.666666666666668,11.80952380952381,2018.0,57,21,74200,3,0
CustomerId_2666,2500.0,2500.0,1,0.0,2500,2500.0,2500,0.0,1.0,1,1,1,0,airtime,ChannelId_3,1,0.0,8.0,1.0,2019.0,37,1,2500,0,1
CustomerId_2667,74000.0,24666.666666666668,3,47961.7903474561,86000,28666.666666666668,80000,0.6666666666666666,0.3333333333333333,2,2,2,0,financial_services,ChannelId_2,2,9.0,14.0,12.0,2018.0,62,3,86000,3,0
CustomerId_2668,4470.0,1117.5,4,867.1168702468351,4530,1132.5,2000,0.25,0.75,2,2,3,0,financial_services,ChannelId_3,2,12.5,16.75,11.0,2018.0,86,4,4530,3,0
CustomerId_2669,990.0,330.0,3,294.44863728670913,1010,336.6666666666667,500,0.3333333333333333,0.6666666666666666,2,2,3,0,data_bundles,ChannelId_3,4,8.0,26.0,11.0,2018.0,80,3,1010,3,0
CustomerId_2670,30000.0,3333.3333333333335,9,7262.9195231669755,62000,6888.888888888889,11000,0.4444444444444444,0.5555555555555556,2,2,4,0,airtime,ChannelId_3,2,6.888888888888889,3.7777777777777777,2.0,2019.0,2,9,62000,2,0
CustomerId_2671,8411.0,1682.2,5,2127.5676722492285,9339,1867.8,5750,0.4,0.6,4,2,2,0,financial_services,ChannelId_3,2,12.4,20.8,7.4,2018.4,4,5,9339,0,1
CustomerId_2672,188257.25,7240.663461538462,26,16009.8397538736,198033,7616.653846153846,50000,0.38461538461538464,0.6153846153846154,2,3,3,0,financial_services,ChannelId_3,2,10.0,10.961538461538462,1.8846153846153846,2019.0,1,26,198033,2,0
CustomerId_2674,100500.0,33500.0,3,28578.838324886474,100500,33500.0,50000,0.0,1.0,2,1,1,0,financial_services,ChannelId_3,2,19.333333333333332,5.666666666666667,1.0,2019.0,33,3,100500,2,0
CustomerId_2675,17815.0,349.3137254901961,51,478.64811668682364,21085,413.4313725490196,2000,0.43137254901960786,0.5686274509803921,2,2,3,0,financial_services,ChannelId_3,2,15.431372549019608,16.274509803921568,7.0588235294117645,2018.4705882352941,2,51,21085,2,0
CustomerId_2676,28300.0,1286.3636363636363,22,1608.1031282214678,31300,1422.7272727272727,5000,0.2727272727272727,0.7272727272727273,2,2,3,0,airtime,ChannelId_3,2,10.318181818181818,17.40909090909091,1.1818181818181819,2019.0,1,22,31300,2,0
CustomerId_2677,40000.0,4000.0,10,6164.414002968976,62000,6200.0,10000,0.3,0.7,2,2,3,0,airtime,ChannelId_3,2,13.0,14.5,7.0,2018.5,12,10,62000,2,0
CustomerId_2678,10000.0,1666.6666666666667,6,5192.943930629973,22000,3666.6666666666665,10000,0.3333333333333333,0.6666666666666666,2,2,3,0,airtime,ChannelId_3,2,11.333333333333334,8.333333333333334,2.0,2019.0,3,6,22000,2,0
CustomerId_2679,50000.0,5000.0,10,6342.099196813483,72000,7200.0,10000,0.3,0.7,2,2,3,0,financial_services,ChannelId_3,2,16.6,15.4,1.4,2019.0,12,10,72000,2,0
CustomerId_2681,45000.0,7500.0,6,6123.724356957945,55000,9166.666666666666,10000,0.16666666666666666,0.8333333333333334,2,2,3,0,airtime,ChannelId_3,2,7.333333333333333,11.5,1.0,2019.0,23,6,55000,2,0
CustomerId_2682,40000.0,3333.3333333333335,12,4749.800633774649,52000,4333.333333333333,10000,0.16666666666666666,0.8333333333333334,2,2,3,0,airtime,ChannelId_3,2,14.25,17.916666666666668,7.416666666666667,2018.4166666666667,40,12,52000,2,0
CustomerId_2683,793386.0,10578.48,75,13695.190580519746,853614,11381.52,80000,0.3466666666666667,0.6533333333333333,3,2,3,0,airtime,ChannelId_3,2,13.253333333333334,15.746666666666666,8.24,2018.3466666666666,4,75,853614,2,0
CustomerId_2684,1000.0,1000.0,1,0.0,1000,1000.0,1000,0.0,1.0,1,1,1,0,financial_services,ChannelId_3,2,5.0,1.0,1.0,2019.0,44,1,1000,0,1
CustomerId_2685,80000.0,5714.285714285715,14,9019.795080638101,121400,8671.42857142857,20000,0.42857142857142855,0.5714285714285714,2,2,4,0,financial_services,ChannelId_3,2,6.857142857142857,15.142857142857142,11.428571428571429,2018.0,61,14,121400,3,0
CustomerId_2686,980.0,245.0,4,959.218431849597,3020,755.0,1000,0.5,0.5,2,2,3,0,financial_services,ChannelId_2,2,8.5,11.25,1.75,2019.0,6,4,3020,0,1
CustomerId_2687,20000.0,4000.0,5,6745.368781616021,32000,6400.0,10000,0.4,0.6,2,2,3,0,financial_services,ChannelId_3,2,19.0,25.0,1.0,2019.0,19,5,32000,2,0
CustomerId_2689,115000.0,5000.0,23,6075.285253310408,167000,7260.869565217391,10000,0.2608695652173913,0.7391304347826086,2,2,3,0,airtime,ChannelId_3,2,10.043478260869565,13.043478260869565,1.3478260869565217,2019.0,6,23,167000,2,0
CustomerId_2690,1000.0,1000.0,1,0.0,1000,1000.0,1000,0.0,1.0,1,1,1,0,financial_services,ChannelId_3,2,16.0,14.0,12.0,2018.0,61,1,1000,3,0
CustomerId_2691,11900.0,2380.0,5,2433.5159748807896,12100,2420.0,5000,0.2,0.8,2,2,4,0,financial_services,ChannelId_3,2,8.2,14.0,1.8,2019.0,3,5,12100,0,1
CustomerId_2693,4920.0,702.8571428571429,7,1261.34470950271,7080,1011.4285714285714,3000,0.42857142857142855,0.5714285714285714,2,2,3,0,airtime,ChannelId_3,2,17.0,17.428571428571427,1.2857142857142858,2019.0,6,7,7080,0,1
CustomerId_2694,1000.0,1000.0,1,0.0,1000,1000.0,1000,0.0,1.0,1,1,1,0,financial_services,ChannelId_3,2,15.0,8.0,1.0,2019.0,36,1,1000,0,1
CustomerId_2696,215119.0,811.7698113207547,265,1931.8227193728706,226962,856.4603773584905,20000,0.4679245283018868,0.5320754716981132,3,2,3,0,financial_services,ChannelId_3,2,13.8,19.867924528301888,9.426415094339623,2018.211320754717,1,265,226962,2,0
CustomerId_2697,31195.0,588.5849056603773,53,1631.5900035755853,51885,978.9622641509434,10000,0.41509433962264153,0.5849056603773585,2,3,4,0,financial_services,ChannelId_3,2,13.075471698113208,16.81132075471698,1.320754716981132,2019.0,1,53,51885,2,0
CustomerId_2698,500.0,500.0,1,0.0,500,500.0,500,0.0,1.0,1,1,1,0,financial_services,ChannelId_3,2,8.0,30.0,12.0,2018.0,46,1,500,0,1
CustomerId_2700,10200.0,1457.142857142857,7,10633.101952998342,67790,9684.285714285714,14590,0.42857142857142855,0.5714285714285714,3,3,3,0,airtime,ChannelId_3,2,13.571428571428571,9.714285714285714,3.2857142857142856,2018.857142857143,5,7,67790,2,0
CustomerId_2701,60000.0,2857.1428571428573,21,6010.704736432444,112000,5333.333333333333,11000,0.2857142857142857,0.7142857142857143,2,2,4,0,airtime,ChannelId_3,2,15.095238095238095,11.142857142857142,1.7142857142857142,2019.0,1,21,112000,2,0
CustomerId_2703,500000.0,500000.0,1,0.0,500000,500000.0,500000,0.0,1.0,1,1,1,1,financial_services,ChannelId_3,2,12.0,2.0,1.0,2019.0,42,1,500000,2,1
CustomerId_2704,100000.0,4166.666666666667,24,5975.796593554388,152000,6333.333333333333,10000,0.25,0.75,2,2,3,0,airtime,ChannelId_3,2,8.5,12.083333333333334,1.4166666666666667,2019.0,6,24,152000,2,0
CustomerId_2705,160000.0,160000.0,1,0.0,160000,160000.0,160000,0.0,1.0,1,1,1,0,ticket,ChannelId_3,4,12.0,15.0,12.0,2018.0,60,1,160000,3,0
CustomerId_2706,172524.0,1113.058064516129,155,3436.937454774991,181276,1169.5225806451613,30000,0.47096774193548385,0.5290322580645161,2,2,3,0,airtime,ChannelId_3,2,12.23225806451613,14.8,7.974193548387097,2018.3548387096773,7,155,181276,2,0
CustomerId_2707,4464.9,1116.225,4,894.4039742569722,4620,1155.0,2000,0.25,0.75,2,2,3,0,financial_services,ChannelId_3,2,18.25,24.0,11.0,2018.0,79,4,4620,3,0
CustomerId_2708,450.0,112.5,4,856.7136822377319,2550,637.5,1000,0.5,0.5,3,2,2,0,financial_services,ChannelId_2,2,9.5,22.75,1.0,2019.0,22,4,2550,0,1
CustomerId_2709,8025.0,573.2142857142857,14,814.1206845492803,8275,591.0714285714286,3000,0.42857142857142855,0.5714285714285714,3,2,4,0,financial_services,ChannelId_3,2,5.214285714285714,21.0,11.142857142857142,2018.0,75,14,8275,3,0
CustomerId_2710,670108.0,3851.1954022988507,174,12406.866312012096,797828,4585.218390804598,100000,0.39655172413793105,0.603448275862069,5,3,4,0,airtime,ChannelId_3,2,10.0,17.626436781609197,8.89080459770115,2018.2586206896551,2,174,797828,2,0
CustomerId_2712,500.0,500.0,1,0.0,500,500.0,500,0.0,1.0,1,1,1,0,airtime,ChannelId_3,4,10.0,20.0,1.0,2019.0,24,1,500,0,1
CustomerId_2713,15000.0,7500.0,2,3535.5339059327375,15000,7500.0,10000,0.0,1.0,1,1,1,0,airtime,ChannelId_3,4,14.0,22.0,1.0,2019.0,22,2,15000,0,1
CustomerId_2717,1000.0,1000.0,1,0.0,1000,1000.0,1000,0.0,1.0,1,1,1,0,airtime,ChannelId_3,4,8.0,15.0,1.0,2019.0,30,1,1000,0,1
CustomerId_2719,500.0,500.0,1,0.0,500,500.0,500,0.0,1.0,1,1,1,0,airtime,ChannelId_3,4,12.0,26.0,11.0,2018.0,79,1,500,3,0
CustomerId_2720,19000.0,3166.6666666666665,6,7626.707459098367,41000,6833.333333333333,10000,0.5,0.5,2,2,3,0,airtime,ChannelId_2,2,8.0,21.0,12.0,2018.0,55,6,41000,3,0
CustomerId_2722,37000.0,9250.0,4,17442.76354251241,57000,14250.0,49000,0.5,0.5,2,2,2,0,financial_services,ChannelId_2,2,9.75,28.0,12.0,2018.0,46,4,57000,3,0
CustomerId_2723,4890.0,1222.5,4,1530.5853999913454,5110,1277.5,3000,0.5,0.5,2,2,2,0,airtime,ChannelId_2,2,6.25,24.5,11.0,2018.0,81,4,5110,3,0
CustomerId_2724,20000.0,20000.0,1,0.0,20000,20000.0,20000,0.0,1.0,1,1,1,0,financial_services,ChannelId_3,2,21.0,6.0,1.0,2019.0,38,1,20000,0,1
CustomerId_2727,5662.5,1415.625,4,2649.1621120334135,7838,1959.5,5000,0.5,0.5,2,2,2,0,financial_services,ChannelId_2,2,16.75,19.0,1.0,2019.0,13,4,7838,0,1
CustomerId_2728,1250976.6,2134.7723549488055,586,5268.094458782343,1340378,2287.334470989761,50000,0.3924914675767918,0.6075085324232082,5,3,3,0,financial_services,ChannelId_3,2,8.361774744027304,15.129692832764505,9.194539249146757,2018.2389078498293,1,586,1340378,2,0
CustomerId_2730,10000.0,10000.0,1,0.0,10000,10000.0,10000,0.0,1.0,1,1,1,0,financial_services,ChannelId_3,2,17.0,3.0,12.0,2018.0,72,1,10000,3,0
CustomerId_2731,2000000.0,1000000.0,2,0.0,2000000,1000000.0,1000000,0.0,1.0,1,1,1,0,financial_services,ChannelId_3,2,21.0,27.0,12.0,2018.0,48,2,2000000,2,0
CustomerId_2732,1000.0,1000.0,1,0.0,1000,1000.0,1000,0.0,1.0,1,1,1,0,financial_services,ChannelId_3,2,11.0,6.0,1.0,2019.0,38,1,1000,0,1
CustomerId_2733,40000.0,4444.444444444444,9,6559.556218051475,62000,6888.888888888889,11000,0.3333333333333333,0.6666666666666666,2,2,3,0,financial_services,ChannelId_3,2,14.0,12.11111111111111,7.555555555555555,2018.4444444444443,12,9,62000,2,0
CustomerId_2734,20000.0,5000.0,4,9695.359714832657,33200,8300.0,16000,0.5,0.5,3,2,3,0,financial_services,ChannelId_2,2,9.5,21.0,12.0,2018.0,54,4,33200,3,0
CustomerId_2735,12410.0,730.0,17,798.1619509848862,12590,740.5882352941177,3000,0.29411764705882354,0.7058823529411765,2,2,3,0,financial_services,ChannelId_3,2,8.941176470588236,16.88235294117647,1.4705882352941178,2019.0,2,17,12590,0,1
CustomerId_2736,57750.0,7218.75,8,11496.457140602677,70970,8871.25,25000,0.375,0.625,3,2,3,0,financial_services,ChannelId_3,2,14.125,18.625,6.5,2018.5,32,8,70970,2,0
CustomerId_2737,50000.0,3571.4285714285716,14,7303.4689936125105,102000,7285.714285714285,11000,0.42857142857142855,0.5714285714285714,2,2,4,0,airtime,ChannelId_3,2,11.428571428571429,13.5,1.5714285714285714,2019.0,1,14,102000,2,0
CustomerId_2738,64880.0,2949.090909090909,22,2778.3103962676055,67460,3066.3636363636365,10000,0.22727272727272727,0.7727272727272727,2,2,4,0,financial_services,ChannelId_3,2,13.954545454545455,11.818181818181818,1.1818181818181819,2019.0,5,22,67460,2,0
CustomerId_2739,363094.0,5952.360655737705,61,38432.43594935264,417506,6844.360655737705,315000,0.4426229508196721,0.5573770491803278,3,2,4,0,airtime,ChannelId_3,2,10.426229508196721,13.967213114754099,5.885245901639344,2018.5573770491803,2,61,417506,2,0
CustomerId_2740,3900.0,975.0,4,1844.5866745696717,6100,1525.0,3000,0.5,0.5,2,2,3,0,financial_services,ChannelId_2,2,5.0,27.25,12.0,2018.0,47,4,6100,3,0
CustomerId_2741,1000.0,1000.0,1,0.0,1000,1000.0,1000,0.0,1.0,1,1,1,0,financial_services,ChannelId_3,2,22.0,24.0,12.0,2018.0,51,1,1000,0,1
CustomerId_2742,1000.0,1000.0,1,0.0,1000,1000.0,1000,0.0,1.0,1,1,1,0,airtime,ChannelId_3,4,12.0,24.0,11.0,2018.0,81,1,1000,3,0
CustomerId_2743,182539.8,2199.2746987951805,83,4075.5929180751405,197629,2381.0722891566265,20000,0.3614457831325301,0.6385542168674698,3,2,4,0,airtime,ChannelId_3,2,13.337349397590362,6.373493975903615,9.08433734939759,2018.2650602409637,24,83,197629,2,0
CustomerId_2745,75910.0,3300.4347826086955,23,4901.057843383377,96490,4195.217391304348,10000,0.21739130434782608,0.782608695652174,2,2,3,0,airtime,ChannelId_3,2,13.782608695652174,17.217391304347824,11.391304347826088,2018.0,54,23,96490,3,0
CustomerId_2746,49750.0,3109.375,16,5769.639467361313,52250,3265.625,20000,0.25,0.75,3,2,3,0,financial_services,ChannelId_3,2,10.75,12.125,1.3125,2019.0,6,16,52250,2,0
CustomerId_2747,123456.0,8818.285714285714,14,8442.358651727349,140209,10014.92857142857,20255,0.21428571428571427,0.7857142857142857,3,2,4,0,airtime,ChannelId_3,4,9.285714285714286,17.214285714285715,11.285714285714286,2018.0,69,14,140209,3,0
CustomerId_2749,54350.0,2860.5263157894738,19,7997.805974268617,57151,3007.9473684210525,34500,0.42105263157894735,0.5789473684210527,3,2,3,0,financial_services,ChannelId_3,2,12.263157894736842,8.473684210526315,1.8421052631578947,2019.0,4,19,57151,2,0
CustomerId_2750,63901.0,2061.3225806451615,31,3218.2743138427127,68919,2223.1935483870966,15620,0.3548387096774194,0.6451612903225806,3,2,4,0,airtime,ChannelId_3,2,10.96774193548387,16.06451612903226,4.67741935483871,2018.6774193548388,2,31,68919,2,0
CustomerId_2751,580.0,290.0,2,20916.218587498075,29580,14790.0,15080,0.5,0.5,2,2,2,0,airtime,ChannelId_3,0,14.5,4.5,1.0,2019.0,39,2,29580,3,0
CustomerId_2753,279001.0,4810.362068965517,58,10969.594479380028,531001,9155.189655172413,55000,0.4482758620689655,0.5517241379310345,2,2,3,0,airtime,ChannelId_3,2,17.310344827586206,7.0,12.0,2018.0,68,58,531001,3,0
CustomerId_2754,500.0,500.0,1,0.0,500,500.0,500,0.0,1.0,1,1,1,0,financial_services,ChannelId_3,2,10.0,23.0,11.0,2018.0,82,1,500,3,0
CustomerId_2756,60000.0,4615.384615384615,13,6357.914510519697,92000,7076.923076923077,10000,0.3076923076923077,0.6923076923076923,2,2,3,0,financial_services,ChannelId_3,2,14.76923076923077,19.46153846153846,1.3076923076923077,2019.0,12,13,92000,2,0
CustomerId_2757,39000.0,4333.333333333333,9,6442.049363362563,61000,6777.777777777777,10000,0.3333333333333333,0.6666666666666666,2,2,3,0,financial_services,ChannelId_3,2,11.666666666666666,24.11111111111111,12.0,2018.0,47,9,61000,3,0
CustomerId_2758,50000.0,6250.0,8,6943.650748294136,70000,8750.0,10000,0.25,0.75,2,2,3,0,financial_services,ChannelId_3,2,9.625,15.5,6.5,2018.5,6,8,70000,2,0
CustomerId_2759,24000.0,4000.0,6,6000.0,36000,6000.0,10000,0.3333333333333333,0.6666666666666666,2,2,3,0,airtime,ChannelId_3,2,6.0,8.0,2.0,2019.0,6,6,36000,2,0
CustomerId_2760,19000.0,3166.6666666666665,6,7626.707459098367,41000,6833.333333333333,10000,0.5,0.5,2,2,3,0,airtime,ChannelId_2,2,18.0,28.0,12.0,2018.0,47,6,41000,3,0
CustomerId_2761,40000.0,5714.285714285715,7,8562.793269221707,53000,7571.428571428572,20000,0.42857142857142855,0.5714285714285714,2,2,3,0,financial_services,ChannelId_3,2,16.142857142857142,11.714285714285714,1.0,2019.0,30,7,53000,2,0
CustomerId_2762,15175.0,1264.5833333333333,12,1681.3812751497628,15825,1318.75,5000,0.4166666666666667,0.5833333333333334,2,2,4,0,airtime,ChannelId_3,2,14.75,13.666666666666666,11.583333333333334,2018.0,61,12,15825,3,0
CustomerId_2764,-2000.0,-222.22222222222223,9,19368.323222324754,125200,13911.111111111111,43200,0.5555555555555556,0.4444444444444444,3,3,2,0,airtime,ChannelId_3,4,13.444444444444445,17.22222222222222,4.0,2018.7777777777778,4,9,125200,2,0
CustomerId_2767,500.0,500.0,1,0.0,500,500.0,500,0.0,1.0,1,1,1,0,airtime,ChannelId_3,4,13.0,24.0,11.0,2018.0,81,1,500,3,0
CustomerId_2769,2000.0,666.6666666666666,3,3785.9388972001825,10000,3333.3333333333335,7000,0.6666666666666666,0.3333333333333333,2,2,2,0,financial_services,ChannelId_2,2,12.0,19.0,12.0,2018.0,56,3,10000,3,0
CustomerId_2771,1000.0,1000.0,1,0.0,1000,1000.0,1000,0.0,1.0,1,1,1,0,financial_services,ChannelId_3,2,18.0,15.0,1.0,2019.0,29,1,1000,0,1
CustomerId_2772,73955.0,1103.8059701492537,67,1950.836279408071,78445,1170.8208955223881,10000,0.43283582089552236,0.5671641791044776,2,2,3,0,financial_services,ChannelId_3,2,10.283582089552239,17.34328358208955,1.2388059701492538,2019.0,5,67,78445,2,0
CustomerId_2773,27255.0,1009.4444444444445,27,3722.060144321786,53855,1994.6296296296296,12600,0.2962962962962963,0.7037037037037037,4,3,4,0,financial_services,ChannelId_3,2,12.88888888888889,12.148148148148149,7.148148148148148,2018.4444444444443,2,27,53855,2,0
CustomerId_2774,667035.0,2912.8165938864627,229,11458.17239382292,722584,3155.3886462882097,120000,0.4192139737991266,0.5807860262008734,4,2,4,0,financial_services,ChannelId_3,2,12.602620087336245,23.017467248908297,7.820960698689956,2018.3799126637555,16,229,722584,2,0
CustomerId_2775,133950.0,6378.571428571428,21,12155.148820855418,180050,8573.809523809523,50000,0.42857142857142855,0.5714285714285714,3,2,4,0,financial_services,ChannelId_3,2,9.857142857142858,23.0,9.619047619047619,2018.1904761904761,22,21,180050,2,0
CustomerId_2776,239000.0,15933.333333333334,15,33274.758057866085,271000,18066.666666666668,80000,0.26666666666666666,0.7333333333333333,4,2,3,0,data_bundles,ChannelId_3,2,13.933333333333334,17.2,12.0,2018.0,52,15,271000,2,0
CustomerId_2777,20000.0,3333.3333333333335,6,7814.516406449389,42000,7000.0,11000,0.5,0.5,2,2,3,0,airtime,ChannelId_2,2,12.0,11.0,1.0,2019.0,33,6,42000,2,0
CustomerId_2778,20000.0,4000.0,5,6745.368781616021,32000,6400.0,10000,0.4,0.6,2,2,3,0,financial_services,ChannelId_3,2,12.0,1.0,2.0,2019.0,12,5,32000,2,0
CustomerId_2782,172000.0,3659.574468085106,47,5203.907063738706,224790,4782.765957446809,10185,0.2978723404255319,0.7021276595744681,2,2,4,0,financial_services,ChannelId_3,2,12.042553191489361,18.638297872340427,5.851063829787234,2018.5744680851064,6,47,224790,2,0
CustomerId_2783,16600.0,1660.0,10,2117.2978061670965,17760,1776.0,5000,0.4,0.6,2,2,3,0,airtime,ChannelId_3,2,13.5,19.0,11.5,2018.0,55,10,17760,3,0
CustomerId_2785,19000.0,3166.6666666666665,6,7626.707459098367,41000,6833.333333333333,10000,0.5,0.5,2,2,3,0,airtime,ChannelId_2,2,11.0,28.0,12.0,2018.0,47,6,41000,3,0
CustomerId_2786,7418.0,1236.3333333333333,6,2735.280729041659,9782,1630.3333333333333,6600,0.5,0.5,3,2,2,0,financial_services,ChannelId_2,2,14.666666666666666,2.3333333333333335,1.0,2019.0,40,6,9782,0,1
CustomerId_2787,23000.0,696.969696969697,33,856.1760363984912,27800,842.4242424242424,2100,0.30303030303030304,0.696969696969697,2,2,3,0,airtime,ChannelId_3,2,9.515151515151516,14.454545454545455,1.0,2019.0,29,33,27800,2,0
CustomerId_2788,20000.0,20000.0,1,0.0,20000,20000.0,20000,0.0,1.0,1,1,1,0,financial_services,ChannelId_3,2,16.0,4.0,1.0,2019.0,40,1,20000,3,0
CustomerId_2790,980.0,245.0,4,959.218431849597,3020,755.0,1000,0.5,0.5,2,2,3,0,financial_services,ChannelId_2,2,19.25,16.75,12.0,2018.0,58,4,3020,3,0
CustomerId_2791,2000.0,2000.0,1,0.0,2000,2000.0,2000,0.0,1.0,1,1,1,0,financial_services,ChannelId_3,2,19.0,13.0,1.0,2019.0,31,1,2000,0,1
CustomerId_2793,166765.75,1873.7724719101125,89,5394.189650211032,244892,2751.5955056179773,24660,0.3146067415730337,0.6853932584269663,5,3,4,0,financial_services,ChannelId_3,2,12.48314606741573,16.629213483146067,8.438202247191011,2018.314606741573,1,89,244892,2,0
CustomerId_2794,20000.0,4000.0,5,6745.368781616021,32000,6400.0,10000,0.4,0.6,2,2,3,0,financial_services,ChannelId_3,2,9.0,25.0,1.0,2019.0,20,5,32000,2,0
CustomerId_2796,1000.0,1000.0,1,0.0,1000,1000.0,1000,0.0,1.0,1,1,1,0,airtime,ChannelId_3,4,17.0,4.0,12.0,2018.0,71,1,1000,3,0
CustomerId_2797,227873.0,9494.708333333334,24,21173.855122233144,281907,11746.125,100000,0.4166666666666667,0.5833333333333334,3,2,3,0,financial_services,ChannelId_3,2,15.875,21.291666666666668,8.791666666666666,2018.2916666666667,18,24,281907,2,0
CustomerId_2798,32885.0,714.8913043478261,46,953.5152735072438,36916,802.5217391304348,5000,0.3695652173913043,0.6304347826086957,2,2,3,0,airtime,ChannelId_3,4,10.217391304347826,13.065217391304348,1.3695652173913044,2019.0,4,46,36916,2,0
CustomerId_2799,950.0,475.0,2,742.4621202458749,1050,525.0,1000,0.5,0.5,2,2,2,0,airtime,ChannelId_2,2,14.0,22.0,11.0,2018.0,83,2,1050,3,0
CustomerId_2800,40000.0,4444.444444444444,9,6463.573143221772,62000,6888.888888888889,10000,0.3333333333333333,0.6666666666666666,2,2,3,0,financial_services,ChannelId_3,2,13.444444444444445,14.333333333333334,1.4444444444444444,2019.0,12,9,62000,2,0
CustomerId_2801,19000.0,3800.0,5,6685.805860178712,31000,6200.0,10000,0.4,0.6,2,2,3,0,financial_services,ChannelId_3,2,14.0,28.0,12.0,2018.0,47,5,31000,3,0
CustomerId_2802,108865.0,2221.734693877551,49,2105.527584077902,113135,2308.877551020408,10000,0.22448979591836735,0.7755102040816326,2,2,5,0,financial_services,ChannelId_3,2,14.83673469387755,16.959183673469386,4.755102040816326,2018.6734693877552,4,49,113135,2,0
CustomerId_2803,3960.0,440.0,9,1016.021653312566,8670,963.3333333333334,2000,0.4444444444444444,0.5555555555555556,3,2,4,0,financial_services,ChannelId_3,2,13.11111111111111,18.11111111111111,2.2222222222222223,2018.888888888889,25,9,8670,0,1
CustomerId_2804,10000.0,10000.0,1,0.0,10000,10000.0,10000,0.0,1.0,1,1,1,0,airtime,ChannelId_3,4,10.0,28.0,1.0,2019.0,16,1,10000,0,1
CustomerId_2806,188.0,47.0,4,755.27213638529,2212,553.0,1000,0.5,0.5,2,2,3,0,data_bundles,ChannelId_2,2,6.0,8.0,12.0,2018.0,68,4,2212,3,0
CustomerId_2807,134914.0,4652.206896551724,29,7058.913703251424,186086,6416.758620689655,20000,0.3448275862068966,0.6551724137931034,2,3,5,0,financial_services,ChannelId_3,2,14.620689655172415,14.793103448275861,11.413793103448276,2018.0,66,29,186086,3,0
CustomerId_2808,12175.0,1014.5833333333334,12,1546.273318091735,13825,1152.0833333333333,5000,0.5,0.5,2,2,3,0,airtime,ChannelId_2,2,9.583333333333334,13.083333333333334,1.5833333333333333,2019.0,2,12,13825,0,1
CustomerId_2809,123270.6,1736.205633802817,71,3295.085725652123,144781,2039.1690140845071,20000,0.36619718309859156,0.6338028169014085,5,2,4,0,financial_services,ChannelId_3,2,9.774647887323944,14.985915492957746,10.28169014084507,2018.1408450704225,6,71,144781,2,0
CustomerId_2810,320000.0,64000.0,5,67026.11431375088,330000,66000.0,160000,0.2,0.8,3,2,3,0,ticket,ChannelId_3,2,10.8,15.8,12.0,2018.0,57,5,330000,3,0
CustomerId_2811,4000.0,4000.0,1,0.0,4000,4000.0,4000,0.0,1.0,1,1,1,0,airtime,ChannelId_3,2,9.0,7.0,12.0,2018.0,69,1,4000,3,0
CustomerId_2812,25000.0,12500.0,2,3535.5339059327375,25000,12500.0,15000,0.0,1.0,1,1,1,0,airtime,ChannelId_3,4,0.0,29.0,1.0,2019.0,16,2,25000,2,0
CustomerId_2815,38535.0,602.109375,64,682.0305843625727,42065,657.265625,2000,0.46875,0.53125,3,2,3,0,financial_services,ChannelId_3,2,10.671875,16.21875,5.546875,2018.578125,7,64,42065,2,0
CustomerId_2816,235333.4,1045.9262222222221,225,1879.224143234298,257337,1143.72,16000,0.4444444444444444,0.5555555555555556,4,2,4,0,airtime,ChannelId_3,2,11.88,18.386666666666667,6.626666666666667,2018.48,2,225,257337,2,0
CustomerId_2817,-10000.0,-10000.0,1,0.0,10000,10000.0,10000,1.0,0.0,1,1,1,0,airtime,ChannelId_5,4,9.0,6.0,2.0,2019.0,8,1,10000,0,1
CustomerId_2818,173967.5,1850.718085106383,94,2467.007903843521,202983,2159.3936170212764,10000,0.26595744680851063,0.7340425531914894,4,3,4,0,financial_services,ChannelId_3,2,13.659574468085106,14.01063829787234,1.5319148936170213,2018.9893617021276,8,94,202983,2,0
CustomerId_2820,-109909.0,-7327.266666666666,15,41767.055223784526,425341,28356.066666666666,118450,0.4,0.6,3,2,3,0,financial_services,ChannelId_3,2,13.266666666666667,13.4,7.4,2018.4,6,15,425341,2,0
CustomerId_2822,146500.0,9766.666666666666,15,13282.462479668802,177500,11833.333333333334,30000,0.4666666666666667,0.5333333333333333,2,2,3,0,financial_services,ChannelId_3,2,14.333333333333334,16.4,8.333333333333334,2018.3333333333333,17,15,177500,2,0
CustomerId_2824,19000.0,3166.6666666666665,6,7626.707459098367,41000,6833.333333333333,10000,0.5,0.5,2,2,3,0,airtime,ChannelId_2,2,11.166666666666666,28.0,12.0,2018.0,47,6,41000,3,0
CustomerId_2825,8900.0,2225.0,4,3225.2906845740276,11100,2775.0,5000,0.5,0.5,2,2,3,0,financial_services,ChannelId_2,2,15.75,25.5,1.0,2019.0,14,4,11100,0,1
CustomerId_2826,14000.0,14000.0,1,0.0,14000,14000.0,14000,0.0,1.0,1,1,1,0,airtime,ChannelId_3,4,6.0,30.0,12.0,2018.0,46,1,14000,3,0
CustomerId_2827,10000.0,10000.0,1,0.0,10000,10000.0,10000,0.0,1.0,1,1,1,0,financial_services,ChannelId_3,2,13.0,3.0,2.0,2019.0,10,1,10000,0,1
CustomerId_2828,65000.0,3611.1111111111113,18,8297.263112822126,137400,7633.333333333333,20200,0.5,0.5,2,2,4,0,airtime,ChannelId_2,2,15.166666666666666,12.11111111111111,1.6666666666666667,2019.0,1,18,137400,2,0
CustomerId_2829,16000.0,2285.714285714286,7,5154.748157905347,40000,5714.285714285715,14000,0.42857142857142855,0.5714285714285714,2,2,3,0,financial_services,ChannelId_3,2,10.428571428571429,15.0,12.0,2018.0,60,7,40000,3,0
CustomerId_2831,34000.0,3090.909090909091,11,4013.590548487612,46000,4181.818181818182,10000,0.18181818181818182,0.8181818181818182,2,2,3,0,financial_services,ChannelId_3,2,18.0,14.0,12.0,2018.0,61,11,46000,3,0
CustomerId_2832,75000.0,37500.0,2,60104.07640085654,85000,42500.0,80000,0.5,0.5,2,2,2,0,financial_services,ChannelId_2,1,9.0,14.0,12.0,2018.0,62,2,85000,3,0
CustomerId_2833,9378.0,4689.0,2,7510.888229763508,11822,5911.0,11200,0.5,0.5,2,2,2,0,financial_services,ChannelId_2,2,17.0,31.0,12.0,2018.0,44,2,11822,3,0
CustomerId_2834,-1000.0,-1000.0,1,0.0,1000,1000.0,1000,1.0,0.0,1,1,1,0,financial_services,ChannelId_2,2,13.0,8.0,12.0,2018.0,67,1,1000,3,0
CustomerId_2835,362750.0,40305.555555555555,9,96573.14081968018,862750,95861.11111111111,121000,0.3333333333333333,0.6666666666666666,2,2,3,0,financial_services,ChannelId_3,2,11.444444444444445,4.777777777777778,1.5555555555555556,2019.0,6,9,862750,2,0
CustomerId_2836,75000.0,3947.3684210526317,19,5183.158455898041,107500,5657.894736842105,10000,0.2631578947368421,0.7368421052631579,2,2,4,0,financial_services,ChannelId_3,2,13.421052631578947,15.210526315789474,1.3157894736842106,2019.0,5,19,107500,2,0
CustomerId_2838,40622.32,864.3046808510638,47,930.3341990845597,43380,922.9787234042553,3690,0.3829787234042553,0.6170212765957447,3,2,3,0,airtime,ChannelId_3,2,11.106382978723405,15.808510638297872,7.74468085106383,2018.3617021276596,22,47,43380,2,0
CustomerId_2839,2900.0,725.0,4,1517.3990905493517,5100,1275.0,2000,0.5,0.5,2,2,3,0,airtime,ChannelId_2,2,7.0,25.25,1.0,2019.0,19,4,5100,0,1
CustomerId_2840,2000.0,2000.0,1,0.0,2000,2000.0,2000,0.0,1.0,1,1,1,0,airtime,ChannelId_3,1,16.0,10.0,12.0,2018.0,65,1,2000,3,0
CustomerId_2841,500.0,500.0,1,0.0,500,500.0,500,0.0,1.0,1,1,1,0,airtime,ChannelId_3,4,15.0,24.0,1.0,2019.0,20,1,500,0,1
CustomerId_2843,19990.0,1665.8333333333333,12,3054.866336410373,22610,1884.1666666666667,10000,0.4166666666666667,0.5833333333333334,2,2,3,0,airtime,ChannelId_3,2,11.416666666666666,9.5,2.0,2019.0,2,12,22610,2,0
CustomerId_2844,121230.0,5270.869565217391,23,6729.4535189740045,133770,5816.086956521739,15000,0.30434782608695654,0.6956521739130435,2,2,3,0,airtime,ChannelId_3,4,10.434782608695652,15.478260869565217,1.0,2019.0,23,23,133770,2,0
CustomerId_2845,719049.0,5406.383458646616,133,8630.842784018925,1043761,7847.827067669173,34000,0.3233082706766917,0.6766917293233082,4,2,5,0,financial_services,ChannelId_3,2,8.473684210526315,16.383458646616543,7.7218045112781954,2018.375939849624,5,133,1043761,2,0
CustomerId_2846,260191.0,1782.1301369863013,146,2887.584885783055,273809,1875.4041095890411,30000,0.3150684931506849,0.684931506849315,3,2,3,0,financial_services,ChannelId_3,2,11.5,17.753424657534246,5.006849315068493,2018.6438356164383,3,146,273809,2,0
CustomerId_2847,48500.0,12125.0,4,19262.98263509574,51500,12875.0,40000,0.5,0.5,2,2,2,0,financial_services,ChannelId_2,2,5.0,2.0,1.0,2019.0,43,4,51500,3,0
CustomerId_2849,236226.0,19685.5,12,22636.351181632206,251824,20985.333333333332,53500,0.3333333333333333,0.6666666666666666,3,2,3,0,financial_services,ChannelId_3,2,10.416666666666666,18.333333333333332,9.5,2018.1666666666667,6,12,251824,2,0
CustomerId_2850,15308.0,1913.5,8,3762.5585140205553,19442,2430.25,10000,0.5,0.5,3,2,3,0,financial_services,ChannelId_2,2,12.5,25.75,11.5,2018.0,44,8,19442,3,0
CustomerId_2851,800.0,800.0,1,0.0,800,800.0,800,0.0,1.0,1,1,1,0,financial_services,ChannelId_3,2,21.0,14.0,12.0,2018.0,61,1,800,3,0
CustomerId_2852,615808.0,5089.322314049587,121,8649.406124329073,753422,6226.628099173554,40000,0.36363636363636365,0.6363636363636364,4,2,3,0,airtime,ChannelId_3,2,13.140495867768594,16.818181818181817,3.3388429752066116,2018.8181818181818,1,121,753422,2,0
CustomerId_2853,5700.0,950.0,6,1150.2173707608488,6300,1050.0,2000,0.5,0.5,2,2,2,0,airtime,ChannelId_2,2,9.0,16.666666666666668,11.666666666666666,2018.0,48,6,6300,3,0
CustomerId_2854,19725.0,857.6086956521739,23,1478.561854675944,22275,968.4782608695652,6000,0.391304347826087,0.6086956521739131,2,2,3,0,financial_services,ChannelId_3,2,14.91304347826087,8.0,2.0,2019.0,5,23,22275,2,0
CustomerId_2855,60000.0,6000.0,10,5696.002496878354,72000,7200.0,10000,0.2,0.8,2,2,3,0,financial_services,ChannelId_3,2,20.0,1.0,2.0,2019.0,12,10,72000,2,0
CustomerId_2857,33010.0,717.6086956521739,46,1113.5986406094207,37590,817.1739130434783,5000,0.4782608695652174,0.5217391304347826,2,2,2,0,airtime,ChannelId_3,4,11.326086956521738,19.82608695652174,6.630434782608695,2018.5,1,46,37590,2,0
CustomerId_2858,93400.0,3220.689655172414,29,5493.966125951583,129800,4475.862068965517,20000,0.3793103448275862,0.6206896551724138,2,2,3,0,airtime,ChannelId_3,2,8.793103448275861,13.931034482758621,9.206896551724139,2018.2413793103449,6,29,129800,2,0
CustomerId_2859,197124.72,1340.9844897959183,147,4060.611508002818,450232,3062.802721088435,11200,0.3333333333333333,0.6666666666666666,4,3,4,0,airtime,ChannelId_3,2,11.639455782312925,16.217687074829932,8.16326530612245,2018.3333333333333,8,147,450232,2,0
CustomerId_2860,2000.0,1000.0,2,0.0,2000,1000.0,1000,0.0,1.0,2,1,1,0,airtime,ChannelId_3,2,8.5,21.0,11.0,2018.0,84,2,2000,3,0
CustomerId_2862,85778.0,5361.125,16,4808.466864119304,91386,5711.625,11200,0.125,0.875,3,2,3,0,financial_services,ChannelId_3,2,13.625,14.4375,1.0,2019.0,17,16,91386,2,0
CustomerId_2864,20000.0,3333.3333333333335,6,5988.878581726855,32000,5333.333333333333,10000,0.3333333333333333,0.6666666666666666,2,2,3,0,airtime,ChannelId_3,2,15.0,25.0,1.0,2019.0,19,6,32000,2,0
CustomerId_2865,1000.0,1000.0,1,0.0,1000,1000.0,1000,0.0,1.0,1,1,1,0,financial_services,ChannelId_3,2,21.0,3.0,1.0,2019.0,41,1,1000,0,1
CustomerId_2866,77380.0,1984.1025641025642,39,2259.0711504704736,83620,2144.102564102564,5000,0.41025641025641024,0.5897435897435898,3,2,4,0,airtime,ChannelId_3,4,13.153846153846153,20.871794871794872,8.666666666666666,2018.3076923076924,1,39,83620,2,0
CustomerId_2868,1015.0,507.5,2,10.606601717798213,1015,507.5,515,0.0,1.0,1,1,1,0,financial_services,ChannelId_3,2,7.5,24.0,12.0,2018.0,52,2,1015,0,1
CustomerId_2869,1000.0,1000.0,1,0.0,1000,1000.0,1000,0.0,1.0,1,1,1,0,airtime,ChannelId_3,2,20.0,5.0,2.0,2019.0,8,1,1000,0,1
CustomerId_2870,4900.0,2450.0,2,3606.2445840513924,5100,2550.0,5000,0.5,0.5,2,2,2,0,airtime,ChannelId_2,2,13.0,9.0,2.0,2019.0,4,2,5100,0,1
CustomerId_2871,18370.0,1148.125,16,1229.1526552873734,18630,1164.375,4000,0.375,0.625,2,2,4,0,financial_services,ChannelId_3,2,17.0,13.25,7.1875,2018.4375,26,16,18630,0,1
CustomerId_2872,19000.0,3166.6666666666665,6,7626.707459098367,41000,6833.333333333333,10000,0.5,0.5,2,2,3,0,airtime,ChannelId_2,2,18.0,21.0,12.0,2018.0,54,6,41000,3,0
CustomerId_2874,1000.0,1000.0,1,0.0,1000,1000.0,1000,0.0,1.0,1,1,1,0,airtime,ChannelId_3,4,14.0,26.0,1.0,2019.0,18,1,1000,0,1
CustomerId_2875,10000.0,10000.0,1,0.0,10000,10000.0,10000,0.0,1.0,1,1,1,0,financial_services,ChannelId_3,2,4.0,12.0,1.0,2019.0,33,1,10000,0,1
CustomerId_2876,1703040.0,4268.270676691729,399,50183.180157554234,1733648,4344.982456140351,1000000,0.3508771929824561,0.6491228070175439,5,2,4,0,airtime,ChannelId_3,2,17.598997493734334,14.072681704260651,1.100250626566416,2019.0,10,399,1733648,2,0
CustomerId_2877,3899000.0,229352.9411764706,17,523017.3205994796,3901000,229470.58823529413,2000000,0.058823529411764705,0.9411764705882353,2,2,3,1,financial_services,ChannelId_3,2,12.294117647058824,9.764705882352942,1.0,2019.0,34,17,3901000,2,1
CustomerId_2878,40000.0,4444.444444444444,9,6463.573143221772,62000,6888.888888888889,10000,0.3333333333333333,0.6666666666666666,2,2,3,0,financial_services,ChannelId_3,2,10.88888888888889,4.111111111111111,2.0,2019.0,6,9,62000,2,0
CustomerId_2879,18760.0,670.0,28,821.9477770200175,20240,722.8571428571429,3000,0.42857142857142855,0.5714285714285714,3,2,4,0,airtime,ChannelId_3,2,13.178571428571429,18.714285714285715,7.5,2018.4285714285713,1,28,20240,2,0
CustomerId_2880,10000.0,10000.0,1,0.0,10000,10000.0,10000,0.0,1.0,1,1,1,0,financial_services,ChannelId_3,2,14.0,14.0,12.0,2018.0,61,1,10000,3,0
CustomerId_2881,4950.0,1237.5,4,2637.9837629017607,7050,1762.5,5000,0.5,0.5,2,2,3,0,financial_services,ChannelId_2,2,18.0,7.0,2.0,2019.0,6,4,7050,0,1
CustomerId_2883,325949.6,3974.995121951219,82,8800.560941267528,388931,4743.0609756097565,50000,0.3048780487804878,0.6951219512195121,5,3,5,0,airtime,ChannelId_3,2,10.353658536585366,13.682926829268293,2.048780487804878,2018.9268292682927,1,82,388931,2,0
CustomerId_2884,4068.25,452.02777777777777,9,405.58538798191984,4202,466.8888888888889,1000,0.3333333333333333,0.6666666666666666,3,2,3,0,financial_services,ChannelId_3,2,8.88888888888889,23.555555555555557,1.1111111111111112,2019.0,9,9,4202,0,1
CustomerId_2885,95500.0,31833.333333333332,3,50424.03527419571,95500,31833.333333333332,90000,0.0,1.0,2,1,1,0,financial_services,ChannelId_3,2,6.666666666666667,13.0,1.0,2019.0,32,3,95500,2,0
CustomerId_2886,77000.0,4277.777777777777,18,5431.991895033757,109000,6055.555555555556,10000,0.2222222222222222,0.7777777777777778,2,2,4,0,financial_services,ChannelId_3,2,17.666666666666668,19.944444444444443,6.166666666666667,2018.5555555555557,6,18,109000,2,0
CustomerId_2887,8800.0,1760.0,5,4109.282175757708,11200,2240.0,9000,0.6,0.4,2,2,2,0,financial_services,ChannelId_2,2,9.8,29.8,1.0,2019.0,13,5,11200,0,1
CustomerId_2888,20000.0,4000.0,5,6745.368781616021,32000,6400.0,10000,0.4,0.6,2,2,3,0,financial_services,ChannelId_3,2,7.2,8.0,2.0,2019.0,6,5,32000,2,0
CustomerId_2889,2415833.0,45581.75471698113,53,34941.36040068014,2430307,45854.84905660377,115000,0.09433962264150944,0.9056603773584906,4,2,3,0,financial_services,ChannelId_3,2,12.20754716981132,22.0,12.0,2018.0,45,53,2430307,2,0
CustomerId_2890,20000.0,4000.0,5,6745.368781616021,32000,6400.0,10000,0.4,0.6,2,2,3,0,financial_services,ChannelId_3,2,11.0,25.0,1.0,2019.0,19,5,32000,2,0
CustomerId_2892,5000.0,5000.0,1,0.0,5000,5000.0,5000,0.0,1.0,1,1,1,0,financial_services,ChannelId_3,2,7.0,13.0,2.0,2019.0,1,1,5000,0,1
CustomerId_2893,46357.5,15452.5,3,29798.454553046875,53343,17781.0,49850,0.6666666666666666,0.3333333333333333,2,2,2,0,financial_services,ChannelId_2,2,7.0,20.0,1.0,2019.0,25,3,53343,2,0
CustomerId_2894,391000.0,27928.571428571428,14,21003.531885098557,391000,27928.571428571428,50000,0.0,1.0,4,1,2,0,airtime,ChannelId_3,4,10.357142857142858,5.142857142857143,1.0,2019.0,38,14,391000,2,0
CustomerId_2895,63885.0,2366.1111111111113,27,6166.116208973368,79115,2930.185185185185,30000,0.4444444444444444,0.5555555555555556,3,2,3,0,airtime,ChannelId_3,2,15.333333333333334,13.148148148148149,3.3333333333333335,2018.8148148148148,3,27,79115,2,0
CustomerId_2896,32000.0,16000.0,2,19798.98987322333,32000,16000.0,30000,0.0,1.0,2,1,1,0,airtime,ChannelId_3,2,13.5,30.0,12.0,2018.0,45,2,32000,3,0
CustomerId_2898,950.0,475.0,2,742.4621202458749,1050,525.0,1000,0.5,0.5,2,2,2,0,airtime,ChannelId_2,2,10.0,16.0,12.0,2018.0,59,2,1050,3,0
CustomerId_2900,2000.0,2000.0,1,0.0,2000,2000.0,2000,0.0,1.0,1,1,1,0,financial_services,ChannelId_3,2,4.0,23.0,11.0,2018.0,83,1,2000,3,0
CustomerId_2901,160000.0,80000.0,2,0.0,160000,80000.0,80000,0.0,1.0,1,1,1,0,ticket,ChannelId_1,4,19.0,14.0,12.0,2018.0,61,2,160000,3,0
CustomerId_2902,61000.0,3812.5,16,8466.049452568377,64420,4026.25,30000,0.4375,0.5625,2,2,4,0,airtime,ChannelId_3,2,14.6875,27.1875,1.0,2019.0,16,16,64420,2,0
CustomerId_2904,29000.0,4833.333333333333,6,5706.721183540218,39000,6500.0,10000,0.16666666666666666,0.8333333333333334,2,2,3,0,airtime,ChannelId_3,2,19.5,15.5,1.0,2019.0,19,6,39000,2,0
CustomerId_2906,1000.0,1000.0,1,0.0,1000,1000.0,1000,0.0,1.0,1,1,1,0,airtime,ChannelId_3,2,19.0,30.0,11.0,2018.0,75,1,1000,3,0
CustomerId_2907,32815.0,1640.75,20,3014.000347064556,56335,2816.75,5000,0.3,0.7,2,3,4,0,financial_services,ChannelId_3,2,17.85,15.25,6.85,2018.45,27,20,56335,2,0
CustomerId_2908,60846.0,2098.137931034483,29,3994.8121958729885,65359,2253.7586206896553,15105,0.41379310344827586,0.5862068965517241,3,2,4,0,financial_services,ChannelId_3,2,10.620689655172415,6.586206896551724,11.931034482758621,2018.0,65,29,65359,3,0
CustomerId_2909,500.0,500.0,1,0.0,500,500.0,500,0.0,1.0,1,1,1,0,airtime,ChannelId_3,4,7.0,7.0,1.0,2019.0,38,1,500,0,1
CustomerId_2910,4105.0,586.4285714285714,7,1404.6491681962032,6295,899.2857142857143,3500,0.42857142857142855,0.5714285714285714,4,2,3,0,financial_services,ChannelId_3,2,6.571428571428571,16.714285714285715,1.1428571428571428,2019.0,10,7,6295,0,1
CustomerId_2911,56328.0,771.6164383561644,73,975.2873740330333,60272,825.6438356164383,4000,0.4246575342465753,0.5753424657534246,3,2,4,0,financial_services,ChannelId_3,2,13.164383561643836,19.45205479452055,9.808219178082192,2018.1917808219177,17,73,60272,2,0
CustomerId_2912,5000.0,5000.0,1,0.0,5000,5000.0,5000,0.0,1.0,1,1,1,0,airtime,ChannelId_3,1,11.0,6.0,2.0,2019.0,7,1,5000,0,1
CustomerId_2913,51950.0,2078.0,25,2504.416099612842,58050,2322.0,5000,0.44,0.56,2,2,3,0,financial_services,ChannelId_3,2,8.08,9.12,1.52,2019.0,1,25,58050,2,0
CustomerId_2914,133108.0,13310.8,10,17219.593806023546,152257,15225.7,50000,0.4,0.6,4,2,2,0,financial_services,ChannelId_3,2,16.7,10.8,5.4,2018.6,32,10,152257,2,0
CustomerId_2915,143188.0,14318.8,10,35789.15074836072,155862,15586.2,118450,0.5,0.5,4,2,2,0,financial_services,ChannelId_2,2,17.1,10.5,6.5,2018.5,25,10,155862,2,0
CustomerId_2917,176556.0,4904.333333333333,36,7454.47955834036,299634,8323.166666666666,25000,0.3611111111111111,0.6388888888888888,3,2,3,0,utility_bill,ChannelId_3,2,11.63888888888889,18.61111111111111,9.305555555555555,2018.2222222222222,19,36,299634,2,0
CustomerId_2918,6140.0,1228.0,5,1796.0846305227378,8260,1652.0,3000,0.4,0.6,2,2,3,0,financial_services,ChannelId_3,2,9.0,22.0,1.0,2019.0,23,5,8260,0,1
CustomerId_2919,20000.0,4000.0,5,6745.368781616021,32000,6400.0,10000,0.4,0.6,2,2,3,0,financial_services,ChannelId_3,2,19.0,8.0,2.0,2019.0,5,5,32000,2,0
CustomerId_2920,-510.0,-170.0,3,762.6925986267338,1510,503.3333333333333,1000,0.6666666666666666,0.3333333333333333,2,2,2,0,financial_services,ChannelId_2,2,12.0,1.0,1.0,2019.0,43,3,1510,0,1
CustomerId_2921,86600.0,3765.217391304348,23,5098.984631156943,99800,4339.130434782609,11000,0.21739130434782608,0.782608695652174,2,2,3,0,financial_services,ChannelId_3,2,10.652173913043478,18.695652173913043,8.652173913043478,2018.2608695652175,7,23,99800,2,0
CustomerId_2922,20000.0,4000.0,5,6745.368781616021,32000,6400.0,10000,0.4,0.6,2,2,3,0,financial_services,ChannelId_3,2,13.0,1.0,2.0,2019.0,12,5,32000,2,0
CustomerId_2923,48860.0,1628.6666666666667,30,3634.2952011628618,51540,1718.0,20000,0.4,0.6,2,2,3,0,financial_services,ChannelId_3,2,8.166666666666666,18.366666666666667,1.0,2019.0,16,30,51540,2,0
CustomerId_2924,500.0,500.0,1,0.0,500,500.0,500,0.0,1.0,1,1,1,0,financial_services,ChannelId_3,2,15.0,21.0,11.0,2018.0,84,1,500,3,0
CustomerId_2925,5000.0,5000.0,1,0.0,5000,5000.0,5000,0.0,1.0,1,1,1,0,financial_services,ChannelId_3,2,18.0,20.0,11.0,2018.0,85,1,5000,3,0
CustomerId_2926,47700.0,1908.0,25,2839.4688470439914,51336,2053.44,10000,0.32,0.68,4,2,3,0,airtime,ChannelId_3,2,13.72,20.2,6.8,2018.48,7,25,51336,2,0
CustomerId_2927,5000.0,5000.0,1,0.0,5750,5750.0,5750,0.0,1.0,1,1,1,0,utility_bill,ChannelId_3,2,15.0,22.0,11.0,2018.0,83,1,5750,3,0
CustomerId_2928,10000.0,10000.0,1,0.0,10000,10000.0,10000,0.0,1.0,1,1,1,0,ticket,ChannelId_1,4,6.0,30.0,11.0,2018.0,76,1,10000,3,0
CustomerId_2930,20000.0,4000.0,5,6745.368781616021,32000,6400.0,10000,0.4,0.6,2,2,3,0,financial_services,ChannelId_3,2,10.0,8.0,2.0,2019.0,5,5,32000,2,0
CustomerId_2931,-10.0,-2.5,4,707.1244586351119,2010,502.5,1000,0.5,0.5,2,2,3,0,financial_services,ChannelId_2,2,8.0,1.75,1.0,2019.0,43,4,2010,0,1
CustomerId_2932,52540.0,1751.3333333333333,30,1958.520260093166,54860,1828.6666666666667,5000,0.3333333333333333,0.6666666666666666,2,2,3,0,airtime,ChannelId_3,2,14.2,13.533333333333333,1.4666666666666666,2019.0,1,30,54860,2,0
CustomerId_2933,1424000.0,94933.33333333333,15,70554.40319018942,1456000,97066.66666666667,160000,0.26666666666666666,0.7333333333333333,2,2,2,0,ticket,ChannelId_3,0,8.6,13.8,12.0,2018.0,61,15,1456000,2,0
CustomerId_2934,75500.0,5807.692307692308,13,6029.436338838197,76700,5900.0,20000,0.23076923076923078,0.7692307692307693,2,2,3,0,airtime,ChannelId_3,4,11.461538461538462,18.76923076923077,8.153846153846153,2018.3076923076924,12,13,76700,2,0
CustomerId_2935,9500.0,1055.5555555555557,9,3989.630656812454,21700,2411.1111111111113,10000,0.4444444444444444,0.5555555555555556,3,2,3,0,airtime,ChannelId_3,2,13.0,24.333333333333332,1.1111111111111112,2019.0,8,9,21700,2,0
CustomerId_2936,30730.0,1707.2222222222222,18,1989.35935758092,35120,1951.111111111111,5750,0.2777777777777778,0.7222222222222222,3,2,3,0,airtime,ChannelId_1,2,11.11111111111111,13.277777777777779,1.1666666666666667,2019.0,3,18,35120,2,0
CustomerId_2937,4900.0,700.0,7,512.3475382979799,5100,728.5714285714286,1000,0.2857142857142857,0.7142857142857143,2,2,3,0,financial_services,ChannelId_3,2,16.0,14.142857142857142,5.714285714285714,2018.5714285714287,32,7,5100,0,1
CustomerId_2938,69200.0,11533.333333333334,6,17020.771623715144,84656,14109.333333333334,33990,0.3333333333333333,0.6666666666666666,3,2,3,0,financial_services,ChannelId_3,2,9.0,29.0,12.0,2018.0,44,6,84656,3,0
CustomerId_2939,492348.0,12624.307692307691,39,22643.910102827635,616948,15819.179487179486,100000,0.48717948717948717,0.5128205128205128,4,3,3,0,financial_services,ChannelId_3,2,9.179487179487179,16.794871794871796,7.615384615384615,2018.3846153846155,4,39,616948,2,0
CustomerId_2940,35050.0,2920.8333333333335,12,4021.106718606737,36950,3079.1666666666665,10000,0.4166666666666667,0.5833333333333334,2,2,3,0,airtime,ChannelId_3,2,10.083333333333334,10.166666666666666,8.333333333333334,2018.3333333333333,13,12,36950,2,0
CustomerId_2941,245500.0,9092.592592592593,27,17394.250286228005,316800,11733.333333333334,53500,0.25925925925925924,0.7407407407407407,4,2,4,0,airtime,ChannelId_3,2,11.148148148148149,21.666666666666668,10.777777777777779,2018.0740740740741,28,27,316800,2,0
CustomerId_2943,77778.0,2991.4615384615386,26,3683.3505858744343,86422,3323.923076923077,11200,0.4230769230769231,0.5769230769230769,3,2,4,0,airtime,ChannelId_3,1,13.423076923076923,22.346153846153847,1.1538461538461537,2019.0,2,26,86422,2,0
CustomerId_2944,1000.0,1000.0,1,0.0,1000,1000.0,1000,0.0,1.0,1,1,1,0,airtime,ChannelId_3,4,23.0,17.0,1.0,2019.0,27,1,1000,0,1
CustomerId_2945,46570.0,3880.8333333333335,12,5956.72646270711,47430,3952.5,20000,0.4166666666666667,0.5833333333333334,2,2,4,0,financial_services,ChannelId_3,2,14.166666666666666,21.916666666666668,11.083333333333334,2018.0,72,12,47430,3,0
CustomerId_2946,18800.0,3133.3333333333335,6,4292.163401673643,21200,3533.3333333333335,10000,0.5,0.5,2,2,3,0,financial_services,ChannelId_2,2,17.166666666666668,28.0,12.0,2018.0,47,6,21200,3,0
CustomerId_2947,10000.0,10000.0,1,0.0,10000,10000.0,10000,0.0,1.0,1,1,1,0,financial_services,ChannelId_3,2,15.0,8.0,1.0,2019.0,36,1,10000,0,1
CustomerId_2948,2000.0,2000.0,1,0.0,2000,2000.0,2000,0.0,1.0,1,1,1,0,financial_services,ChannelId_3,2,14.0,6.0,2.0,2019.0,7,1,2000,0,1
CustomerId_2949,15000.0,5000.0,3,0.0,15000,5000.0,5000,0.0,1.0,1,1,2,0,airtime,ChannelId_3,1,18.0,2.0,12.0,2018.0,73,3,15000,3,0
CustomerId_2950,73895.0,5684.2307692307695,13,10132.368891773254,80855,6219.615384615385,30000,0.3076923076923077,0.6923076923076923,3,2,3,0,airtime,ChannelId_3,2,10.076923076923077,17.076923076923077,4.384615384615385,2018.6923076923076,22,13,80855,2,0
CustomerId_2953,-545.0,-24.772727272727273,22,1976.8797427552386,30955,1407.0454545454545,5000,0.45454545454545453,0.5454545454545454,3,3,3,0,financial_services,ChannelId_3,2,12.227272727272727,16.681818181818183,9.0,2018.2727272727273,16,22,30955,2,0
CustomerId_2954,120000.0,40000.0,3,17320.508075688773,120000,40000.0,50000,0.0,1.0,1,1,1,0,financial_services,ChannelId_3,2,10.666666666666666,11.0,2.0,2019.0,2,3,120000,2,0
CustomerId_2955,7850.0,1121.4285714285713,7,837.4600203677103,8150,1164.2857142857142,2000,0.2857142857142857,0.7142857142857143,3,2,3,0,airtime,ChannelId_3,4,11.714285714285714,10.428571428571429,1.2857142857142858,2019.0,5,7,8150,0,1
CustomerId_2956,78440.0,3268.3333333333335,24,4204.9346442387005,79560,3315.0,10000,0.375,0.625,2,2,3,0,financial_services,ChannelId_3,2,6.958333333333333,16.208333333333332,11.0,2018.0,86,24,79560,3,0
CustomerId_2957,312115.0,13004.791666666666,24,20016.563330487224,318885,13286.875,50000,0.3333333333333333,0.6666666666666666,2,2,3,0,financial_services,ChannelId_3,2,11.5,16.375,1.25,2019.0,2,24,318885,2,0
CustomerId_2959,63374.0,2880.6363636363635,22,4393.2907022874315,65576,2980.7272727272725,20000,0.18181818181818182,0.8181818181818182,4,2,3,0,data_bundles,ChannelId_3,2,15.727272727272727,21.636363636363637,6.136363636363637,2018.5,5,22,65576,2,0
CustomerId_2961,32355.0,789.1463414634146,41,1036.5235781441638,34845,849.8780487804878,5000,0.2682926829268293,0.7317073170731707,3,2,4,0,airtime,ChannelId_3,2,12.463414634146341,12.21951219512195,1.3658536585365855,2019.0,2,41,34845,2,0
CustomerId_2962,99108.0,5216.210526315789,19,10364.135465788566,114412,6021.684210526316,28840,0.15789473684210525,0.8421052631578947,3,2,4,0,airtime,ChannelId_3,2,13.526315789473685,26.31578947368421,2.736842105263158,2018.842105263158,15,19,114412,2,0
CustomerId_2963,316310.4,2211.9608391608394,143,6084.371311013704,682922,4775.6783216783215,26000,0.2937062937062937,0.7062937062937062,3,3,3,0,airtime,ChannelId_3,2,8.692307692307692,16.314685314685313,5.125874125874126,2018.6223776223776,1,143,682922,2,0
CustomerId_2965,61000.0,7625.0,8,10809.222252978505,99000,12375.0,28000,0.375,0.625,2,2,3,0,financial_services,ChannelId_3,2,16.5,19.75,11.5,2018.0,46,8,99000,3,0
CustomerId_2966,9000.0,9000.0,1,0.0,9000,9000.0,9000,0.0,1.0,1,1,1,0,financial_services,ChannelId_3,2,19.0,12.0,2.0,2019.0,1,1,9000,0,1
CustomerId_2968,20000.0,3333.3333333333335,6,7814.516406449389,42000,7000.0,11000,0.5,0.5,2,2,3,0,airtime,ChannelId_2,2,17.0,11.0,1.0,2019.0,33,6,42000,2,0
CustomerId_2969,3875.0,968.75,4,1803.8587112077264,6125,1531.25,2500,0.5,0.5,2,2,3,0,financial_services,ChannelId_2,2,7.0,1.0,2.0,2019.0,13,4,6125,0,1
CustomerId_2970,46200.0,1925.0,24,2659.3195435642197,49000,2041.6666666666667,10000,0.3333333333333333,0.6666666666666666,4,2,4,0,financial_services,ChannelId_3,2,12.708333333333334,19.333333333333332,1.2916666666666667,2019.0,10,24,49000,2,0
CustomerId_2971,20000.0,4000.0,5,6745.368781616021,32000,6400.0,10000,0.4,0.6,2,2,3,0,financial_services,ChannelId_3,2,14.0,1.0,2.0,2019.0,12,5,32000,2,0
CustomerId_2972,2325.0,258.3333333333333,9,676.156416814926,4675,519.4444444444445,1000,0.5555555555555556,0.4444444444444444,2,2,2,0,financial_services,ChannelId_2,2,12.11111111111111,24.444444444444443,12.0,2018.0,50,9,4675,3,0
CustomerId_2973,124110.0,2068.5,60,1933.4645070442848,131790,2196.5,6000,0.31666666666666665,0.6833333333333333,2,2,4,0,financial_services,ChannelId_3,2,13.166666666666666,12.766666666666667,1.6333333333333333,2019.0,2,60,131790,2,0
CustomerId_2974,2850.0,1425.0,2,2227.3863607376247,3150,1575.0,3000,0.5,0.5,2,2,2,0,airtime,ChannelId_2,2,20.0,3.0,12.0,2018.0,72,2,3150,3,0
CustomerId_2975,36410.0,846.7441860465116,43,1593.5281624212605,39990,930.0,10000,0.4186046511627907,0.5813953488372093,3,2,4,0,airtime,ChannelId_3,2,13.046511627906977,19.58139534883721,5.232558139534884,2018.6279069767443,1,43,39990,2,0
CustomerId_2977,128319.0,1322.8762886597938,97,2032.584732027035,145209,1497.0,10000,0.29896907216494845,0.7010309278350515,4,2,4,0,financial_services,ChannelId_3,2,13.45360824742268,18.237113402061855,8.371134020618557,2018.3298969072166,1,97,145209,2,0
CustomerId_2979,74000.0,24666.666666666668,3,47961.7903474561,86000,28666.666666666668,80000,0.6666666666666666,0.3333333333333333,2,2,2,0,financial_services,ChannelId_2,2,14.0,15.0,12.0,2018.0,60,3,86000,3,0
CustomerId_2980,20000.0,4000.0,5,6745.368781616021,32000,6400.0,10000,0.4,0.6,2,2,3,0,financial_services,ChannelId_3,2,10.0,8.0,2.0,2019.0,5,5,32000,2,0
CustomerId_2981,235605.1,2804.822619047619,84,5518.710114884892,335536,3994.4761904761904,28840,0.32142857142857145,0.6785714285714286,4,3,3,0,financial_services,ChannelId_3,2,12.785714285714286,18.88095238095238,6.428571428571429,2018.5,5,84,335536,2,0
CustomerId_2982,1000.0,1000.0,1,0.0,1000,1000.0,1000,0.0,1.0,1,1,1,0,financial_services,ChannelId_3,2,15.0,8.0,1.0,2019.0,36,1,1000,0,1
CustomerId_2983,1500.0,1500.0,1,0.0,1500,1500.0,1500,0.0,1.0,1,1,1,0,airtime,ChannelId_3,4,20.0,6.0,1.0,2019.0,38,1,1500,0,1
CustomerId_2984,980.0,490.0,2,721.2489168102785,1020,510.0,1000,0.5,0.5,2,2,2,0,airtime,ChannelId_2,2,14.5,18.5,11.0,2018.0,86,2,1020,3,0
CustomerId_2985,900.0,300.0,3,1539.4804318340653,3100,1033.3333333333333,2000,0.6666666666666666,0.3333333333333333,2,2,2,0,financial_services,ChannelId_2,2,16.0,5.0,2.0,2019.0,8,3,3100,0,1
CustomerId_2986,79908.0,6659.0,12,13177.033367326514,83492,6957.666666666667,40000,0.5,0.5,3,2,3,0,financial_services,ChannelId_2,2,14.0,16.0,1.0,2019.0,22,12,83492,2,0
CustomerId_2987,142470.0,3166.0,45,8677.162921349141,220540,4900.888888888889,43000,0.3333333333333333,0.6666666666666666,3,2,3,0,airtime,ChannelId_3,2,14.066666666666666,20.288888888888888,8.4,2018.3111111111111,9,45,220540,2,0
CustomerId_2988,2000.0,2000.0,1,0.0,2000,2000.0,2000,0.0,1.0,1,1,1,0,airtime,ChannelId_3,4,18.0,4.0,12.0,2018.0,71,1,2000,3,0
CustomerId_2989,2000.0,2000.0,1,0.0,2000,2000.0,2000,0.0,1.0,1,1,1,0,data_bundles,ChannelId_3,4,22.0,19.0,1.0,2019.0,25,1,2000,0,1
CustomerId_2991,80000.0,4705.882352941177,17,6302.427170169769,122000,7176.470588235294,10000,0.29411764705882354,0.7058823529411765,2,2,3,0,financial_services,ChannelId_3,2,8.588235294117647,13.294117647058824,1.4705882352941178,2019.0,6,17,122000,2,0
CustomerId_2992,20000.0,2857.1428571428573,7,5580.578567035604,32000,4571.428571428572,10000,0.2857142857142857,0.7142857142857143,2,2,3,0,airtime,ChannelId_3,2,13.0,11.0,1.0,2019.0,33,7,32000,2,0
CustomerId_2993,59775.0,4269.642857142857,14,5513.4466618809865,63225,4516.071428571428,20000,0.35714285714285715,0.6428571428571429,2,2,4,0,financial_services,ChannelId_3,2,14.357142857142858,21.0,1.3571428571428572,2019.0,5,14,63225,2,0
CustomerId_2994,37025.0,1682.9545454545455,22,2766.6528940094267,42975,1953.409090909091,10000,0.5,0.5,2,2,3,0,airtime,ChannelId_2,2,13.863636363636363,12.590909090909092,1.6818181818181819,2019.0,1,22,42975,2,0
CustomerId_2995,20000.0,4000.0,5,6745.368781616021,32000,6400.0,10000,0.4,0.6,2,2,3,0,financial_services,ChannelId_3,2,13.0,1.0,2.0,2019.0,12,5,32000,2,0
CustomerId_2996,59996.0,3157.684210526316,19,5188.849766059608,66654,3508.1052631578946,16650,0.15789473684210525,0.8421052631578947,3,2,3,0,airtime,ChannelId_3,2,13.68421052631579,19.842105263157894,1.4210526315789473,2019.0,1,19,66654,2,0
CustomerId_2997,10800.0,830.7692307692307,13,1081.5764847238925,13200,1015.3846153846154,3000,0.38461538461538464,0.6153846153846154,2,2,4,0,financial_services,ChannelId_3,2,12.615384615384615,17.153846153846153,8.846153846153847,2018.2307692307693,41,13,13200,0,1
CustomerId_3,-10000.0,-10000.0,1,0.0,10000,10000.0,10000,1.0,0.0,1,1,1,0,airtime,ChannelId_2,4,16.0,21.0,11.0,2018.0,84,1,10000,3,0
CustomerId_3000,91700.0,1328.9855072463768,69,2883.4208620029663,99500,1442.0289855072465,22000,0.4057971014492754,0.5942028985507246,2,2,5,0,airtime,ChannelId_3,2,12.695652173913043,13.521739130434783,7.579710144927536,2018.4057971014493,7,69,99500,2,0
CustomerId_3001,500.0,125.0,4,750.0,2500,625.0,1000,0.25,0.75,2,2,2,0,data_bundles,ChannelId_3,4,13.75,5.0,1.0,2019.0,39,4,2500,0,1
CustomerId_3002,44895.0,1320.4411764705883,34,3441.8109591104967,47105,1385.4411764705883,20000,0.4411764705882353,0.5588235294117647,2,2,3,0,airtime,ChannelId_3,2,14.147058823529411,18.08823529411765,8.823529411764707,2018.264705882353,1,34,47105,2,0
CustomerId_3003,42145.0,2809.6666666666665,15,6507.046308938232,42455,2830.3333333333335,26000,0.26666666666666666,0.7333333333333333,3,2,3,0,financial_services,ChannelId_3,2,10.0,26.266666666666666,3.0,2018.8,15,15,42455,2,0
CustomerId_3004,1000.0,1000.0,1,0.0,1000,1000.0,1000,0.0,1.0,1,1,1,0,financial_services,ChannelId_3,2,9.0,29.0,1.0,2019.0,16,1,1000,0,1
CustomerId_3005,1490.0,212.85714285714286,7,567.5888854242504,3510,501.42857142857144,1000,0.2857142857142857,0.7142857142857143,2,2,3,0,financial_services,ChannelId_3,2,10.571428571428571,19.571428571428573,12.0,2018.0,56,7,3510,3,0
CustomerId_3007,26960.0,4493.333333333333,6,9272.123093804712,39040,6506.666666666667,20000,0.5,0.5,3,2,3,0,financial_services,ChannelId_2,2,4.166666666666667,4.833333333333333,1.0,2019.0,36,6,39040,2,0
CustomerId_3008,354525.6,4790.886486486486,74,10533.492333495804,396207,5354.148648648648,60000,0.3783783783783784,0.6216216216216216,4,2,4,0,airtime,ChannelId_3,2,12.5,20.06756756756757,7.743243243243243,2018.3648648648648,19,74,396207,2,0
CustomerId_3009,13900.0,347.5,40,390.340088404182,15100,377.5,1000,0.45,0.55,2,2,3,0,airtime,ChannelId_3,4,15.4,17.575,10.1,2018.15,26,40,15100,0,1
CustomerId_3011,338979.0,8691.76923076923,39,13621.98810642778,370221,9492.846153846154,50000,0.358974358974359,0.6410256410256411,3,2,4,0,financial_services,ChannelId_3,2,13.102564102564102,12.487179487179487,3.230769230769231,2018.8461538461538,1,39,370221,2,0
CustomerId_3012,19000.0,3800.0,5,6685.805860178712,31000,6200.0,10000,0.4,0.6,2,2,3,0,financial_services,ChannelId_3,2,13.0,1.0,2.0,2019.0,12,5,31000,2,0
CustomerId_3013,45035.0,900.7,50,2200.5572137575537,89395,1787.9,5475,0.32,0.68,3,3,5,0,financial_services,ChannelId_3,2,10.58,14.9,2.26,2018.92,1,50,89395,2,0
CustomerId_3014,500.0,500.0,1,0.0,500,500.0,500,0.0,1.0,1,1,1,0,airtime,ChannelId_3,2,12.0,19.0,12.0,2018.0,56,1,500,0,1
CustomerId_3015,-20.0,-6.666666666666667,3,1000.0666644445926,2020,673.3333333333334,1000,0.6666666666666666,0.3333333333333333,2,2,2,0,financial_services,ChannelId_2,2,15.0,11.0,2.0,2019.0,2,3,2020,0,1
CustomerId_3016,120000.0,120000.0,1,0.0,120000,120000.0,120000,0.0,1.0,1,1,1,0,financial_services,ChannelId_3,2,11.0,4.0,2.0,2019.0,9,1,120000,2,0
CustomerId_3020,990.0,330.0,3,294.44863728670913,1010,336.6666666666667,500,0.3333333333333333,0.6666666666666666,2,2,3,0,financial_services,ChannelId_3,2,19.0,16.0,11.0,2018.0,89,3,1010,3,0
CustomerId_3022,843299.0,7955.6509433962265,106,15589.048558304952,1055803,9960.405660377359,80000,0.37735849056603776,0.6226415094339622,6,3,5,0,airtime,ChannelId_3,2,12.81132075471698,15.39622641509434,8.632075471698114,2018.2924528301887,5,106,1055803,2,0
CustomerId_3026,7000.0,1750.0,4,500.0,7000,1750.0,2000,0.0,1.0,1,1,1,0,financial_services,ChannelId_3,2,16.5,28.5,11.0,2018.0,75,4,7000,3,0
CustomerId_3027,101000.0,50500.0,2,70003.57133746821,101000,50500.0,100000,0.0,1.0,2,1,1,0,airtime,ChannelId_3,2,8.0,10.0,1.0,2019.0,35,2,101000,2,0
CustomerId_3030,787899.5,5751.091240875912,137,25674.826958164438,833731,6085.6277372262775,180960,0.35766423357664234,0.6423357664233577,5,2,4,0,financial_services,ChannelId_3,2,12.693430656934307,10.007299270072993,1.7664233576642336,2019.0,1,137,833731,2,0
CustomerId_3031,5425.0,493.1818181818182,11,1003.7934865480867,7575,688.6363636363636,3000,0.45454545454545453,0.5454545454545454,2,2,3,0,financial_services,ChannelId_3,2,11.727272727272727,23.0,12.0,2018.0,49,11,7575,3,0
CustomerId_3032,500.0,500.0,1,0.0,500,500.0,500,0.0,1.0,1,1,1,0,airtime,ChannelId_3,2,17.0,3.0,1.0,2019.0,41,1,500,0,1
CustomerId_3033,6900.0,862.5,8,1256.625299306497,9100,1137.5,3000,0.375,0.625,2,2,3,0,financial_services,ChannelId_3,2,7.625,14.75,1.0,2019.0,26,8,9100,0,1
CustomerId_3034,80880.0,735.2727272727273,110,1103.8809428315276,82920,753.8181818181819,5000,0.32727272727272727,0.6727272727272727,2,2,4,0,airtime,ChannelId_3,2,12.772727272727273,16.045454545454547,5.2,2018.6181818181817,16,110,82920,2,0
CustomerId_3035,156795.0,2375.681818181818,66,6598.104907784195,164005,2484.9242424242425,50000,0.45454545454545453,0.5454545454545454,4,2,3,0,financial_services,ChannelId_3,2,13.272727272727273,11.833333333333334,11.757575757575758,2018.0151515151515,6,66,164005,2,0
CustomerId_3036,50325.0,1170.3488372093022,43,2315.060072075895,54075,1257.5581395348838,10000,0.4418604651162791,0.5581395348837209,2,2,3,0,financial_services,ChannelId_3,2,13.651162790697674,16.372093023255815,6.441860465116279,2018.5348837209303,2,43,54075,2,0
CustomerId_3037,50000.0,50000.0,1,0.0,50000,50000.0,50000,0.0,1.0,1,1,1,0,financial_services,ChannelId_3,2,11.0,22.0,12.0,2018.0,53,1,50000,3,0
CustomerId_3038,3000.0,1000.0,3,0.0,3000,1000.0,1000,0.0,1.0,2,1,2,0,financial_services,ChannelId_3,2,19.333333333333332,8.0,2.0,2019.0,5,3,3000,0,1
CustomerId_3040,7000.0,1750.0,4,8995.36917900909,29000,7250.0,21000,0.75,0.25,2,2,2,0,financial_services,ChannelId_2,2,12.5,22.25,11.0,2018.0,83,4,29000,3,0
CustomerId_3041,495229.5,5502.55,90,22619.00708065869,508681,5652.011111111111,200000,0.4222222222222222,0.5777777777777777,3,2,3,0,financial_services,ChannelId_3,2,12.811111111111112,26.144444444444446,1.0888888888888888,2019.0,5,90,508681,2,0
CustomerId_3042,5000.0,5000.0,1,0.0,5000,5000.0,5000,0.0,1.0,1,1,1,0,financial_services,ChannelId_3,2,8.0,16.0,11.0,2018.0,90,1,5000,3,0
CustomerId_3043,14810.0,1139.2307692307693,13,1403.5161888299301,15190,1168.4615384615386,3500,0.3076923076923077,0.6923076923076923,3,2,3,0,airtime,ChannelId_3,2,14.846153846153847,16.76923076923077,10.76923076923077,2018.076923076923,38,13,15190,0,1
CustomerId_3044,-4465.0,-318.92857142857144,14,1638.338955456725,19595,1399.642857142857,3000,0.5,0.5,2,3,4,0,airtime,ChannelId_3,2,13.714285714285714,14.285714285714286,1.6428571428571428,2019.0,3,14,19595,2,0
CustomerId_3045,160000.0,80000.0,2,0.0,160000,80000.0,80000,0.0,1.0,1,1,1,0,ticket,ChannelId_3,4,11.0,13.0,12.0,2018.0,62,2,160000,3,0
CustomerId_3046,20000.0,3333.3333333333335,6,6075.4149378183765,32000,5333.333333333333,10000,0.3333333333333333,0.6666666666666666,2,2,3,0,airtime,ChannelId_3,2,9.0,8.0,2.0,2019.0,6,6,32000,2,0
CustomerId_3047,19000.0,3800.0,5,6685.805860178712,31000,6200.0,10000,0.4,0.6,2,2,3,0,financial_services,ChannelId_3,2,11.0,28.0,12.0,2018.0,47,5,31000,3,0
CustomerId_3048,138619.0,1800.2467532467533,77,3206.5632617289157,172481,2240.012987012987,16650,0.4935064935064935,0.5064935064935064,4,2,3,0,financial_services,ChannelId_3,2,13.558441558441558,15.519480519480519,9.64935064935065,2018.2077922077922,8,77,172481,2,0
CustomerId_3049,314000.0,62800.0,5,68386.40215715402,326000,65200.0,160000,0.4,0.6,2,2,3,0,ticket,ChannelId_3,2,13.4,15.0,12.0,2018.0,60,5,326000,3,0
CustomerId_3050,20000.0,20000.0,1,0.0,20000,20000.0,20000,0.0,1.0,1,1,1,0,financial_services,ChannelId_3,2,17.0,24.0,12.0,2018.0,51,1,20000,3,0
CustomerId_3051,60000.0,4615.384615384615,13,6357.914510519697,92000,7076.923076923077,10000,0.3076923076923077,0.6923076923076923,2,2,3,0,financial_services,ChannelId_3,2,6.6923076923076925,12.846153846153847,1.6153846153846154,2019.0,6,13,92000,2,0
CustomerId_3052,10700.0,891.6666666666666,12,691.7774646561281,11080,923.3333333333334,1500,0.25,0.75,2,2,3,0,financial_services,ChannelId_3,2,15.083333333333334,23.833333333333332,11.166666666666666,2018.0,62,12,11080,3,0
CustomerId_3053,100000.0,100000.0,1,0.0,100000,100000.0,100000,0.0,1.0,1,1,1,0,financial_services,ChannelId_3,2,9.0,11.0,2.0,2019.0,3,1,100000,2,0
CustomerId_3054,19580.0,1030.5263157894738,19,2307.56840198174,22420,1180.0,10000,0.47368421052631576,0.5263157894736842,3,2,3,0,financial_services,ChannelId_3,2,15.157894736842104,17.31578947368421,1.0,2019.0,25,19,22420,2,0
CustomerId_3057,4500.0,562.5,8,678.1013409302687,6500,812.5,1000,0.125,0.875,2,2,3,0,financial_services,ChannelId_3,2,9.875,6.375,1.0,2019.0,35,8,6500,0,1
CustomerId_3058,75580.0,2699.285714285714,28,4914.112088571812,80220,2865.0,21800,0.39285714285714285,0.6071428571428571,3,2,3,0,financial_services,ChannelId_3,2,9.571428571428571,22.678571428571427,11.0,2018.0,83,28,80220,3,0
CustomerId_3061,60000.0,4285.714285714285,14,7917.153445609014,112000,8000.0,15000,0.42857142857142855,0.5714285714285714,2,2,4,0,airtime,ChannelId_3,2,13.142857142857142,13.214285714285714,1.5714285714285714,2019.0,1,14,112000,2,0
CustomerId_3062,500.0,500.0,1,0.0,500,500.0,500,0.0,1.0,1,1,1,0,airtime,ChannelId_3,4,8.0,22.0,12.0,2018.0,54,1,500,0,1
CustomerId_3063,319000.0,31900.0,10,41516.93095058395,341000,34100.0,80000,0.3,0.7,4,2,3,0,ticket,ChannelId_3,2,10.8,14.8,12.0,2018.0,60,10,341000,3,0
CustomerId_3064,80000.0,3478.2608695652175,23,7549.0490985613615,172000,7478.260869565217,16000,0.43478260869565216,0.5652173913043478,2,2,4,0,airtime,ChannelId_3,2,12.869565217391305,15.043478260869565,1.391304347826087,2019.0,1,23,172000,2,0
CustomerId_3066,1119116.0,1828.6209150326797,612,5212.148702625937,1171282,1913.859477124183,55000,0.4133986928104575,0.5866013071895425,5,3,4,0,airtime,ChannelId_3,2,12.944444444444445,17.191176470588236,4.748366013071895,2018.6781045751634,1,612,1171282,2,0
CustomerId_3067,2000.0,2000.0,1,0.0,2000,2000.0,2000,0.0,1.0,1,1,1,0,airtime,ChannelId_3,2,15.0,28.0,1.0,2019.0,16,1,2000,0,1
CustomerId_3068,37795.0,2099.722222222222,18,2277.4472759585988,40225,2234.722222222222,5000,0.3333333333333333,0.6666666666666666,2,2,3,0,financial_services,ChannelId_3,2,13.444444444444445,15.88888888888889,12.0,2018.0,55,18,40225,3,0
CustomerId_3069,1000.0,1000.0,1,0.0,1000,1000.0,1000,0.0,1.0,1,1,1,0,airtime,ChannelId_3,2,12.0,2.0,12.0,2018.0,73,1,1000,3,0
CustomerId_3072,10000.0,2500.0,4,6757.711644237764,22000,5500.0,10000,0.5,0.5,2,2,3,0,airtime,ChannelId_2,2,13.0,1.0,2.0,2019.0,12,4,22000,2,0
CustomerId_3073,9830.0,893.6363636363636,11,1634.8594601816558,12170,1106.3636363636363,5000,0.45454545454545453,0.5454545454545454,3,2,3,0,financial_services,ChannelId_3,2,14.727272727272727,10.818181818181818,12.0,2018.0,63,11,12170,3,0
CustomerId_3074,100000.0,4545.454545454545,22,7129.5980834243965,172000,7818.181818181818,11000,0.36363636363636365,0.6363636363636364,2,2,4,0,airtime,ChannelId_3,2,9.818181818181818,15.0,1.3636363636363635,2019.0,1,22,172000,2,0
CustomerId_3075,5290042.0,115000.91304347826,46,203731.48438437036,5550612,120665.47826086957,629374,0.2391304347826087,0.7608695652173914,4,2,3,7,airtime,ChannelId_3,2,12.23913043478261,12.0,3.652173913043478,2018.7826086956522,6,46,5550612,2,1
CustomerId_3076,980.0,245.0,4,959.218431849597,3020,755.0,1000,0.5,0.5,2,2,3,0,financial_services,ChannelId_2,2,20.0,12.0,2.0,2019.0,1,4,3020,0,1
CustomerId_3077,100000.0,5000.0,20,6735.608439675779,152000,7600.0,15000,0.3,0.7,2,2,3,0,financial_services,ChannelId_3,2,16.55,12.25,1.4,2019.0,5,20,152000,2,0
CustomerId_3078,2438140.0,4255.043630017452,573,22554.029938690896,2541260,4435.008726003491,235000,0.45898778359511344,0.5410122164048866,3,2,4,0,airtime,ChannelId_3,2,9.68760907504363,16.895287958115183,1.5078534031413613,2019.0,1,573,2541260,2,0
CustomerId_3079,9880.0,1235.0,8,1298.5926448054668,10120,1265.0,3500,0.375,0.625,2,2,2,0,airtime,ChannelId_3,2,10.375,15.5,6.5,2018.5,16,8,10120,0,1
CustomerId_3081,22000.0,11000.0,2,1414.213562373095,22000,11000.0,12000,0.0,1.0,2,1,1,0,airtime,ChannelId_3,2,8.0,16.5,1.0,2019.0,28,2,22000,0,1
CustomerId_3083,26400.0,977.7777777777778,27,1636.5908123839286,28600,1059.2592592592594,7000,0.4444444444444444,0.5555555555555556,2,2,3,0,airtime,ChannelId_3,2,14.407407407407407,21.962962962962962,11.62962962962963,2018.0,50,27,28600,3,0
CustomerId_3084,50000.0,3571.4285714285716,14,7303.4689936125105,102000,7285.714285714285,11000,0.42857142857142855,0.5714285714285714,2,2,4,0,airtime,ChannelId_3,2,11.0,13.428571428571429,1.5714285714285714,2019.0,1,14,102000,2,0
CustomerId_3085,60000.0,4615.384615384615,13,6423.115307731152,92000,7076.923076923077,11000,0.3076923076923077,0.6923076923076923,2,2,3,0,financial_services,ChannelId_3,2,14.923076923076923,18.76923076923077,5.538461538461538,2018.6153846153845,12,13,92000,2,0
CustomerId_3087,1800.0,900.0,2,0.0,1800,900.0,900,0.0,1.0,1,1,1,0,financial_services,ChannelId_3,2,17.0,17.0,11.0,2018.0,88,2,1800,3,0
CustomerId_3088,1076209.0,11957.877777777778,90,20001.5866240475,1211891,13465.455555555556,75400,0.36666666666666664,0.6333333333333333,5,2,3,0,financial_services,ChannelId_3,2,9.955555555555556,14.5,7.955555555555556,2018.3777777777777,5,90,1211891,2,0
CustomerId_3089,266327.0,14795.944444444445,18,25526.517853060457,295513,16417.38888888889,72310,0.3333333333333333,0.6666666666666666,4,2,3,0,airtime,ChannelId_3,2,10.5,7.333333333333333,11.777777777777779,2018.0,69,18,295513,3,0
CustomerId_3090,2006200.0,501550.0,4,998968.8233373453,2006200,501550.0,2000000,0.0,1.0,2,1,2,0,airtime,ChannelId_3,2,9.0,9.0,1.0,2019.0,36,4,2006200,2,0
CustomerId_3091,288325.0,1610.7541899441342,179,2939.4302868324803,337075,1883.1005586592178,16650,0.25139664804469275,0.7486033519553073,4,2,5,0,airtime,ChannelId_3,1,11.41340782122905,14.564245810055866,5.195530726256983,2018.63687150838,1,179,337075,2,0
CustomerId_3092,168838.5,2059.006097560976,82,5682.566904166878,317114,3867.243902439024,21000,0.3902439024390244,0.6097560975609756,3,3,3,0,financial_services,ChannelId_3,2,10.621951219512194,18.914634146341463,9.914634146341463,2018.158536585366,2,82,317114,2,0
CustomerId_3093,20000.0,4000.0,5,6745.368781616021,32000,6400.0,10000,0.4,0.6,2,2,3,0,financial_services,ChannelId_3,2,8.0,25.0,1.0,2019.0,20,5,32000,2,0
CustomerId_3096,4000.0,1333.3333333333333,3,763.7626158259734,4000,1333.3333333333333,2000,0.0,1.0,2,1,2,0,airtime,ChannelId_3,2,14.333333333333334,20.0,1.3333333333333333,2019.0,10,3,4000,0,1
CustomerId_3097,70250.0,1350.9615384615386,52,5821.069792392415,118024,2269.6923076923076,32900,0.3269230769230769,0.6730769230769231,4,2,3,0,airtime,ChannelId_3,2,9.826923076923077,15.961538461538462,10.134615384615385,2018.173076923077,11,52,118024,2,0
CustomerId_3098,50000.0,50000.0,1,0.0,50000,50000.0,50000,0.0,1.0,1,1,1,0,financial_services,ChannelId_3,2,12.0,31.0,12.0,2018.0,44,1,50000,3,0
CustomerId_3102,1701880.0,8638.984771573603,197,24754.094528033696,1729120,8777.25888324873,118000,0.3604060913705584,0.6395939086294417,3,2,4,0,financial_services,ChannelId_3,2,9.472081218274111,11.934010152284264,11.776649746192893,2018.020304568528,25,197,1729120,2,0
CustomerId_3103,1780011.0,23117.025974025975,77,47325.97689679695,1974489,25642.714285714286,200000,0.4675324675324675,0.5324675324675324,4,3,5,0,financial_services,ChannelId_3,2,11.376623376623376,17.207792207792206,8.948051948051948,2018.2467532467533,7,77,1974489,2,0
CustomerId_3104,64400.0,3788.235294117647,17,3678.889498364482,66600,3917.6470588235293,10000,0.29411764705882354,0.7058823529411765,2,2,4,0,airtime,ChannelId_3,1,14.647058823529411,16.88235294117647,9.352941176470589,2018.235294117647,2,17,66600,2,0
CustomerId_3105,159548.0,801.748743718593,199,713.068992855282,165365,830.9798994974874,3000,0.3015075376884422,0.6984924623115578,3,2,4,0,financial_services,ChannelId_3,2,12.492462311557789,15.165829145728644,5.5125628140703515,2018.5929648241206,1,199,165365,2,0
CustomerId_3107,10000.0,10000.0,1,0.0,11200,11200.0,11200,0.0,1.0,1,1,1,0,utility_bill,ChannelId_3,2,7.0,17.0,11.0,2018.0,89,1,11200,3,0
CustomerId_3109,20000.0,4000.0,5,6745.368781616021,32000,6400.0,10000,0.4,0.6,2,2,3,0,financial_services,ChannelId_3,2,8.6,1.0,2.0,2019.0,13,5,32000,2,0
CustomerId_3110,81000.0,4050.0,20,7308.790669641016,153000,7650.0,11000,0.4,0.6,2,2,5,0,airtime,ChannelId_3,2,13.15,12.05,1.4,2019.0,1,20,153000,2,0
CustomerId_3111,563380.0,5030.178571428572,112,9909.77058871587,618600,5523.214285714285,65000,0.36607142857142855,0.6339285714285714,3,2,3,0,financial_services,ChannelId_3,2,12.9375,18.991071428571427,6.794642857142857,2018.455357142857,1,112,618600,2,0
CustomerId_3112,45300.0,1742.3076923076924,26,3606.346969100236,48700,1873.076923076923,13000,0.46153846153846156,0.5384615384615384,3,2,3,0,financial_services,ChannelId_3,2,14.153846153846153,29.923076923076923,12.0,2018.0,44,26,48700,3,0
CustomerId_3113,132083.0,10160.23076923077,13,11641.91610914233,142917,10993.615384615385,28000,0.23076923076923078,0.7692307692307693,3,2,3,0,financial_services,ChannelId_3,2,9.846153846153847,19.0,5.923076923076923,2018.5384615384614,23,13,142917,2,0
CustomerId_3115,2925.0,487.5,6,464.15245340297406,3075,512.5,1000,0.3333333333333333,0.6666666666666666,2,2,3,0,airtime,ChannelId_3,4,12.5,18.0,11.0,2018.0,85,6,3075,3,0
CustomerId_3116,19860.0,584.1176470588235,34,869.8018501170386,22740,668.8235294117648,4000,0.4117647058823529,0.5882352941176471,2,2,4,0,financial_services,ChannelId_3,2,13.323529411764707,24.852941176470587,7.794117647058823,2018.3823529411766,13,34,22740,2,0
CustomerId_3117,1000.0,1000.0,1,0.0,1000,1000.0,1000,0.0,1.0,1,1,1,0,financial_services,ChannelId_3,2,16.0,29.0,12.0,2018.0,46,1,1000,0,1
CustomerId_3118,500.0,500.0,1,0.0,500,500.0,500,0.0,1.0,1,1,1,0,airtime,ChannelId_3,4,21.0,7.0,1.0,2019.0,37,1,500,0,1
CustomerId_3120,98592.0,1860.2264150943397,53,3148.9975550318413,131342,2478.1509433962265,10000,0.32075471698113206,0.6792452830188679,3,3,4,0,airtime,ChannelId_3,2,14.81132075471698,12.320754716981131,4.09433962264151,2018.7358490566037,1,53,131342,2,0
CustomerId_3121,100330.0,1337.7333333333333,75,4355.148886068055,124130,1655.0666666666666,27000,0.44,0.56,2,2,2,0,airtime,ChannelId_3,4,12.28,16.533333333333335,1.1066666666666667,2019.0,2,75,124130,2,0
CustomerId_3123,44709.0,784.3684210526316,57,1494.0899359951882,47691,836.6842105263158,10000,0.43859649122807015,0.5614035087719298,2,2,4,0,airtime,ChannelId_3,4,13.052631578947368,15.140350877192983,5.526315789473684,2018.5964912280701,2,57,47691,2,0
CustomerId_3124,158834.0,1784.6516853932585,89,4221.629236608679,206816,2323.775280898876,30000,0.4044943820224719,0.5955056179775281,4,3,3,0,airtime,ChannelId_3,2,11.573033707865168,13.786516853932584,1.3595505617977528,2018.9887640449438,1,89,206816,2,0
CustomerId_3125,15780.0,1434.5454545454545,11,2353.229116071632,16220,1474.5454545454545,8000,0.45454545454545453,0.5454545454545454,3,2,3,0,financial_services,ChannelId_3,2,13.909090909090908,20.90909090909091,11.0,2018.0,82,11,16220,3,0
CustomerId_3126,83100.0,6925.0,12,15729.250401141759,88940,7411.666666666667,50000,0.08333333333333333,0.9166666666666666,3,2,3,0,airtime,ChannelId_3,2,15.583333333333334,16.833333333333332,11.833333333333334,2018.0,51,12,88940,3,0
CustomerId_3127,45000.0,7500.0,6,2738.6127875258308,45000,7500.0,10000,0.0,1.0,1,1,1,0,financial_services,ChannelId_3,2,13.166666666666666,25.0,1.0,2019.0,19,6,45000,2,0
CustomerId_3128,20000.0,20000.0,1,0.0,20000,20000.0,20000,0.0,1.0,1,1,1,0,financial_services,ChannelId_3,2,11.0,29.0,11.0,2018.0,76,1,20000,3,0
CustomerId_3130,5200.0,2600.0,2,1979.8989873223331,5200,2600.0,4000,0.0,1.0,1,1,1,0,financial_services,ChannelId_3,2,8.0,12.0,2.0,2019.0,2,2,5200,0,1
CustomerId_3133,151760.0,30352.0,5,44428.093814612395,151840,30368.0,100000,0.2,0.8,3,2,2,0,airtime,ChannelId_3,4,10.0,15.2,3.2,2018.8,28,5,151840,2,0
CustomerId_3135,60000.0,5454.545454545455,11,8214.665378013111,90400,8218.181818181818,20000,0.36363636363636365,0.6363636363636364,2,2,4,0,financial_services,ChannelId_3,2,16.545454545454547,7.818181818181818,6.090909090909091,2018.5454545454545,12,11,90400,2,0
CustomerId_3137,40000.0,4444.444444444444,9,6463.573143221772,62000,6888.888888888889,10000,0.3333333333333333,0.6666666666666666,2,2,3,0,financial_services,ChannelId_3,2,14.11111111111111,14.333333333333334,1.4444444444444444,2019.0,12,9,62000,2,0
CustomerId_3138,500.0,500.0,1,0.0,500,500.0,500,0.0,1.0,1,1,1,0,financial_services,ChannelId_3,2,11.0,22.0,1.0,2019.0,22,1,500,0,1
CustomerId_3140,47385.0,877.5,54,1783.8803237420282,52615,974.3518518518518,10000,0.4444444444444444,0.5555555555555556,3,2,3,0,airtime,ChannelId_3,2,13.925925925925926,20.88888888888889,9.75925925925926,2018.2037037037037,42,54,52615,2,0
CustomerId_3141,3930.0,786.0,5,853.5103982963535,4070,814.0,2000,0.4,0.6,2,2,3,0,financial_services,ChannelId_3,2,15.8,13.4,12.0,2018.0,62,5,4070,3,0
CustomerId_3143,9920.0,1417.142857142857,7,995.4180744075038,10080,1440.0,2000,0.2857142857142857,0.7142857142857143,2,2,3,0,financial_services,ChannelId_3,2,12.571428571428571,12.428571428571429,7.571428571428571,2018.4285714285713,4,7,10080,0,1
CustomerId_3145,500.0,500.0,1,0.0,500,500.0,500,0.0,1.0,1,1,1,0,airtime,ChannelId_3,4,16.0,30.0,11.0,2018.0,75,1,500,3,0
CustomerId_3147,20000.0,3333.3333333333335,6,6088.2400303098,32000,5333.333333333333,10000,0.3333333333333333,0.6666666666666666,2,2,3,0,airtime,ChannelId_3,2,7.0,25.0,1.0,2019.0,20,6,32000,2,0
CustomerId_3148,5000.0,5000.0,1,0.0,5000,5000.0,5000,0.0,1.0,1,1,1,0,financial_services,ChannelId_3,2,19.0,5.0,12.0,2018.0,70,1,5000,3,0
CustomerId_3149,1000.0,1000.0,1,0.0,1000,1000.0,1000,0.0,1.0,1,1,1,0,financial_services,ChannelId_3,2,7.0,19.0,1.0,2019.0,26,1,1000,0,1
CustomerId_3150,45810.0,789.8275862068965,58,1043.474697075198,50550,871.551724137931,3500,0.3793103448275862,0.6206896551724138,2,2,3,0,financial_services,ChannelId_3,2,14.310344827586206,16.43103448275862,2.896551724137931,2018.844827586207,5,58,50550,2,0
CustomerId_3151,-20.0,-6.666666666666667,3,1000.0666644445926,2020,673.3333333333334,1000,0.6666666666666666,0.3333333333333333,2,2,2,0,financial_services,ChannelId_2,2,19.0,21.0,1.0,2019.0,23,3,2020,0,1
CustomerId_3152,1500.0,1500.0,1,0.0,1500,1500.0,1500,0.0,1.0,1,1,1,0,airtime,ChannelId_3,2,18.0,29.0,1.0,2019.0,15,1,1500,0,1
CustomerId_3153,33885.0,1129.5,30,2115.7522302954094,36915,1230.5,10000,0.4,0.6,2,2,3,0,airtime,ChannelId_3,2,13.4,16.466666666666665,1.0,2019.0,21,30,36915,2,0
CustomerId_3156,84520.0,3674.782608695652,23,7443.332507300023,108193,4704.04347826087,20358,0.21739130434782608,0.782608695652174,4,2,3,0,airtime,ChannelId_3,2,13.91304347826087,12.521739130434783,7.608695652173913,2018.391304347826,24,23,108193,2,0
CustomerId_3158,1000.0,1000.0,1,0.0,1000,1000.0,1000,0.0,1.0,1,1,1,0,airtime,ChannelId_3,4,17.0,23.0,12.0,2018.0,52,1,1000,0,1
CustomerId_3159,20580.0,2572.5,8,6304.075212568001,23420,2927.5,18000,0.5,0.5,4,2,2,0,financial_services,ChannelId_2,2,10.875,16.25,7.875,2018.375,32,8,23420,0,1
CustomerId_3160,40000.0,20000.0,2,0.0,40000,20000.0,20000,0.0,1.0,2,1,2,0,financial_services,ChannelId_3,2,19.0,22.0,12.0,2018.0,53,2,40000,3,0
CustomerId_3162,11820.0,1688.5714285714287,7,2238.209318267832,14180,2025.7142857142858,5000,0.42857142857142855,0.5714285714285714,2,2,4,0,financial_services,ChannelId_3,2,8.714285714285714,10.142857142857142,2.0,2019.0,1,7,14180,0,1
CustomerId_3163,91494.5,2079.4204545454545,44,4539.882491235102,121886,2770.1363636363635,21000,0.38636363636363635,0.6136363636363636,3,2,3,0,airtime,ChannelId_3,2,13.0,17.545454545454547,3.0,2018.840909090909,3,44,121886,2,0
CustomerId_3164,105000.0,4200.0,25,6776.429738438967,177400,7096.0,11000,0.36,0.64,2,2,4,0,airtime,ChannelId_3,2,10.52,13.96,1.48,2019.0,1,25,177400,2,0
CustomerId_3165,98558.0,5187.263157894737,19,13221.291817208688,124948,6576.210526315789,41000,0.3684210526315789,0.631578947368421,5,3,4,0,financial_services,ChannelId_3,2,8.68421052631579,10.736842105263158,11.263157894736842,2018.0526315789473,14,19,124948,2,0
CustomerId_3166,1000.0,1000.0,1,0.0,1000,1000.0,1000,0.0,1.0,1,1,1,0,airtime,ChannelId_3,1,13.0,17.0,11.0,2018.0,88,1,1000,3,0
CustomerId_3167,-1730.0,-192.22222222222223,9,5514.675370721693,34430,3825.5555555555557,12000,0.5555555555555556,0.4444444444444444,3,3,3,0,financial_services,ChannelId_3,2,12.555555555555555,18.555555555555557,6.0,2018.5555555555557,6,9,34430,2,0
CustomerId_3168,8470.0,1210.0,7,2000.0749985938028,10530,1504.2857142857142,4000,0.42857142857142855,0.5714285714285714,3,2,2,0,financial_services,ChannelId_3,2,22.0,22.0,12.0,2018.0,53,7,10530,3,0
CustomerId_3169,22500.0,5625.0,4,5088.794880257342,22500,5625.0,10000,0.0,1.0,2,1,2,0,data_bundles,ChannelId_3,2,17.0,30.0,11.0,2018.0,75,4,22500,3,0
CustomerId_3170,1000.0,1000.0,1,0.0,1000,1000.0,1000,0.0,1.0,1,1,1,0,airtime,ChannelId_3,4,8.0,29.0,12.0,2018.0,47,1,1000,0,1
CustomerId_3171,58160.0,19386.666666666668,3,35172.269379915386,63640,21213.333333333332,61800,0.6666666666666666,0.3333333333333333,2,2,2,0,financial_services,ChannelId_2,2,10.0,28.0,11.0,2018.0,77,3,63640,3,0
CustomerId_3172,113400.0,5670.0,20,7513.783824972677,142400,7120.0,20000,0.45,0.55,2,2,3,0,airtime,ChannelId_3,2,9.7,17.75,7.5,2018.4,3,20,142400,2,0
CustomerId_3174,221468.6,18455.716666666667,12,32097.704247835467,254392,21199.333333333332,76430,0.4166666666666667,0.5833333333333334,3,2,3,0,financial_services,ChannelId_3,2,10.916666666666666,22.75,11.25,2018.0,75,12,254392,3,0
CustomerId_3175,23400.0,3342.8571428571427,7,5292.008800338218,24600,3514.285714285714,12000,0.42857142857142855,0.5714285714285714,2,2,3,0,financial_services,ChannelId_3,2,11.857142857142858,5.285714285714286,12.0,2018.0,64,7,24600,3,0
CustomerId_3177,20000.0,4000.0,5,6745.368781616021,32000,6400.0,10000,0.4,0.6,2,2,3,0,financial_services,ChannelId_3,2,11.0,1.0,2.0,2019.0,12,5,32000,2,0
CustomerId_3178,314000.0,62800.0,5,68386.40215715402,326000,65200.0,160000,0.4,0.6,2,2,3,0,ticket,ChannelId_3,2,13.0,15.0,12.0,2018.0,60,5,326000,3,0
CustomerId_3179,20000.0,4000.0,5,6745.368781616021,32000,6400.0,10000,0.4,0.6,2,2,3,0,financial_services,ChannelId_3,2,14.0,8.0,2.0,2019.0,5,5,32000,2,0
CustomerId_3180,195549.0,2414.185185185185,81,5962.641302541834,334389,4128.259259259259,32900,0.3333333333333333,0.6666666666666666,3,3,4,0,airtime,ChannelId_3,2,13.802469135802468,14.617283950617283,9.283950617283951,2018.2345679012346,3,81,334389,2,0
CustomerId_3181,40920.0,2273.3333333333335,18,5401.398511714623,63440,3524.4444444444443,15000,0.3888888888888889,0.6111111111111112,4,2,3,0,financial_services,ChannelId_3,2,10.11111111111111,17.27777777777778,7.111111111111111,2018.4444444444443,24,18,63440,2,0
CustomerId_3183,40000.0,4444.444444444444,9,6463.573143221772,62000,6888.888888888889,10000,0.3333333333333333,0.6666666666666666,2,2,3,0,financial_services,ChannelId_3,2,8.11111111111111,4.444444444444445,2.0,2019.0,3,9,62000,2,0
CustomerId_3184,30000.0,5000.0,6,6511.528238439882,42000,7000.0,10000,0.3333333333333333,0.6666666666666666,2,2,3,0,financial_services,ChannelId_3,2,11.0,8.0,2.0,2019.0,5,6,42000,2,0
CustomerId_3187,63790.0,911.2857142857143,70,1972.5389520068454,104330,1490.4285714285713,5000,0.4142857142857143,0.5857142857142857,2,3,4,0,airtime,ChannelId_3,2,11.914285714285715,16.9,4.914285714285715,2018.6714285714286,1,70,104330,2,0
CustomerId_3188,5000.0,5000.0,1,0.0,7000,7000.0,7000,0.0,1.0,1,1,1,0,movies,ChannelId_1,2,8.0,22.0,11.0,2018.0,84,1,7000,3,0
CustomerId_3189,18000.0,9000.0,2,11313.70849898476,18000,9000.0,17000,0.0,1.0,2,1,1,0,airtime,ChannelId_3,2,12.0,2.0,2.0,2019.0,11,2,18000,0,1
CustomerId_319,62000.0,62000.0,1,0.0,62000,62000.0,62000,0.0,1.0,1,1,1,0,transport,ChannelId_3,2,11.0,21.0,1.0,2019.0,23,1,62000,2,0
CustomerId_3190,160000.0,4705.882352941177,34,6882.430031410047,262400,7717.64705882353,10200,0.35294117647058826,0.6470588235294118,2,2,5,0,airtime,ChannelId_3,2,10.205882352941176,11.882352941176471,1.2647058823529411,2019.0,1,34,262400,2,0
CustomerId_3191,20000.0,4000.0,5,6745.368781616021,32000,6400.0,10000,0.4,0.6,2,2,3,0,financial_services,ChannelId_3,2,10.0,8.0,2.0,2019.0,5,5,32000,2,0
CustomerId_3192,75000.0,4411.764705882353,17,6354.711082431401,117000,6882.35294117647,10000,0.29411764705882354,0.7058823529411765,2,2,3,0,financial_services,ChannelId_3,2,14.352941176470589,13.294117647058824,1.4705882352941178,2019.0,5,17,117000,2,0
CustomerId_3193,61244.0,6804.888888888889,9,12604.995165057031,62156,6906.222222222223,30000,0.3333333333333333,0.6666666666666666,3,2,3,0,financial_services,ChannelId_3,2,14.0,23.0,11.0,2018.0,82,9,62156,3,0
CustomerId_3194,10000.0,10000.0,1,0.0,10000,10000.0,10000,0.0,1.0,1,1,1,0,financial_services,ChannelId_3,2,16.0,13.0,12.0,2018.0,62,1,10000,3,0
CustomerId_3196,3530.0,320.90909090909093,11,663.9006634347422,5740,521.8181818181819,1135,0.5454545454545454,0.45454545454545453,2,2,4,0,financial_services,ChannelId_2,2,12.636363636363637,13.181818181818182,12.0,2018.0,61,11,5740,3,0
CustomerId_3197,80000.0,80000.0,1,0.0,80000,80000.0,80000,0.0,1.0,1,1,1,0,ticket,ChannelId_3,4,9.0,14.0,12.0,2018.0,62,1,80000,3,0
CustomerId_3198,265709.0,8303.40625,32,18195.648513577005,364751,11398.46875,75000,0.34375,0.65625,3,2,4,0,financial_services,ChannelId_3,2,13.75,14.40625,9.65625,2018.1875,14,32,364751,2,0
CustomerId_320,40000.0,20000.0,2,0.0,40000,20000.0,20000,0.0,1.0,1,1,1,0,financial_services,ChannelId_3,2,4.0,18.0,1.0,2019.0,27,2,40000,2,0
CustomerId_3200,247562.0,5626.409090909091,44,13783.578239505394,292538,6648.590909090909,55000,0.5681818181818182,0.4318181818181818,3,2,4,0,financial_services,ChannelId_2,2,15.045454545454545,13.045454545454545,10.181818181818182,2018.1363636363637,28,44,292538,2,0
CustomerId_3201,40000.0,20000.0,2,0.0,43600,21800.0,21800,0.0,1.0,1,1,1,0,utility_bill,ChannelId_3,1,10.5,4.0,1.0,2019.0,40,2,43600,3,0
CustomerId_3202,1000.0,1000.0,1,0.0,1000,1000.0,1000,0.0,1.0,1,1,1,0,financial_services,ChannelId_3,2,10.0,12.0,2.0,2019.0,1,1,1000,0,1
CustomerId_3203,79000.0,19750.0,4,40376.354466444835,91000,22750.0,80000,0.5,0.5,3,2,3,0,financial_services,ChannelId_2,2,11.0,15.0,12.0,2018.0,60,4,91000,3,0
CustomerId_3204,695912.5,1633.5974178403756,426,3360.8941668645134,761603,1787.8004694835681,30000,0.3755868544600939,0.6244131455399061,4,3,3,0,financial_services,ChannelId_3,2,13.232394366197184,17.488262910798124,8.328638497652582,2018.326291079812,1,426,761603,2,0
CustomerId_3205,29210.0,973.6666666666666,30,2094.400553418787,33590,1119.6666666666667,11000,0.5,0.5,3,2,2,0,financial_services,ChannelId_2,2,14.5,14.733333333333333,4.5,2018.7,9,30,33590,2,0
CustomerId_3206,149000.0,29800.0,5,45855.20690172491,171000,34200.0,80000,0.6,0.4,2,2,2,0,financial_services,ChannelId_2,2,10.0,15.0,12.0,2018.0,60,5,171000,3,0
CustomerId_3208,148950.0,7447.5,20,13632.772770828855,187050,9352.5,50000,0.3,0.7,3,2,4,0,financial_services,ChannelId_3,2,12.1,17.95,1.3,2019.0,1,20,187050,2,0
CustomerId_3209,77916.25,837.8091397849462,93,1298.5986193515917,84749,911.2795698924731,5555,0.43010752688172044,0.5698924731182796,3,2,4,0,financial_services,ChannelId_3,2,15.03225806451613,14.634408602150538,7.795698924731183,2018.3870967741937,9,93,84749,2,0
CustomerId_321,200000.0,200000.0,1,0.0,200000,200000.0,200000,0.0,1.0,1,1,1,0,financial_services,ChannelId_1,0,12.0,27.0,11.0,2018.0,78,1,200000,3,0
CustomerId_3210,75000.0,6250.0,12,6784.005252999681,105000,8750.0,10000,0.25,0.75,2,2,4,0,airtime,ChannelId_3,4,12.25,7.0,12.0,2018.0,68,12,105000,3,0
CustomerId_3211,19000.0,3166.6666666666665,6,7626.707459098367,41000,6833.333333333333,10000,0.5,0.5,2,2,3,0,airtime,ChannelId_2,2,11.0,28.0,12.0,2018.0,47,6,41000,3,0
CustomerId_3212,1950.0,390.0,5,900.2777349240622,4050,810.0,1000,0.4,0.6,2,2,3,0,financial_services,ChannelId_3,2,13.0,2.2,2.0,2019.0,6,5,4050,0,1
CustomerId_3213,157230.0,2664.915254237288,59,3052.297457417347,193958,3287.423728813559,11200,0.423728813559322,0.576271186440678,4,2,4,0,airtime,ChannelId_3,2,14.305084745762711,18.016949152542374,7.762711864406779,2018.3728813559321,5,59,193958,2,0
CustomerId_3214,500.0,500.0,1,0.0,500,500.0,500,0.0,1.0,1,1,1,0,financial_services,ChannelId_3,2,2.0,30.0,1.0,2019.0,15,1,500,0,1
CustomerId_3215,10000.0,2500.0,4,6757.711644237764,22000,5500.0,10000,0.5,0.5,2,2,3,0,airtime,ChannelId_2,2,14.0,8.0,2.0,2019.0,5,4,22000,2,0
CustomerId_3217,27880.0,2788.0,10,3919.6932986594184,28120,2812.0,10000,0.3,0.7,2,2,3,0,financial_services,ChannelId_3,2,17.8,14.4,4.1,2018.7,30,10,28120,2,0
CustomerId_3218,290865.0,2237.423076923077,130,12344.628452947609,310845,2391.1153846153848,100000,0.49230769230769234,0.5076923076923077,2,2,3,0,financial_services,ChannelId_3,2,14.2,15.6,12.0,2018.0,59,130,310845,2,0
CustomerId_3219,40000.0,5000.0,8,8982.363672378064,61400,7675.0,20000,0.5,0.5,2,2,3,0,financial_services,ChannelId_2,2,11.375,23.0,11.0,2018.0,82,8,61400,3,0
CustomerId_322,500.0,500.0,1,0.0,500,500.0,500,0.0,1.0,1,1,1,0,airtime,ChannelId_3,4,12.0,10.0,12.0,2018.0,65,1,500,3,0
CustomerId_3220,10980.0,1568.5714285714287,7,4757.05591226138,24220,3460.0,11200,0.42857142857142855,0.5714285714285714,4,2,3,0,financial_services,ChannelId_3,2,13.285714285714286,23.428571428571427,12.0,2018.0,48,7,24220,3,0
CustomerId_3221,26455.0,881.8333333333334,30,1205.8495955658968,28945,964.8333333333334,5000,0.4,0.6,2,2,4,0,financial_services,ChannelId_3,2,11.2,5.966666666666667,2.0,2019.0,2,30,28945,2,0
CustomerId_3222,86901.0,5793.4,15,9507.605067223067,95049,6336.6,27750,0.4,0.6,3,2,3,0,financial_services,ChannelId_3,2,15.066666666666666,22.733333333333334,7.666666666666667,2018.3333333333333,27,15,95049,2,0
CustomerId_3223,63150.0,1403.3333333333333,45,2671.3845575928326,85250,1894.4444444444443,10000,0.26666666666666666,0.7333333333333333,2,2,3,0,airtime,ChannelId_3,2,12.133333333333333,14.466666666666667,5.688888888888889,2018.5777777777778,7,45,85250,2,0
CustomerId_3224,123528.8,2807.4727272727273,44,7994.2577158905815,169352,3848.909090909091,36000,0.4772727272727273,0.5227272727272727,5,3,4,0,airtime,ChannelId_3,2,9.931818181818182,14.772727272727273,9.25,2018.25,27,44,169352,2,0
CustomerId_3225,688734.7,2366.785910652921,291,4229.210287052554,881940,3030.721649484536,16650,0.2611683848797251,0.738831615120275,4,2,3,0,financial_services,ChannelId_3,2,11.147766323024054,18.072164948453608,7.518900343642612,2018.3917525773195,6,291,881940,2,0
CustomerId_3226,18600.0,3720.0,5,5742.125042177329,21400,4280.0,10000,0.6,0.4,3,2,2,0,financial_services,ChannelId_2,2,10.0,12.0,2.0,2019.0,1,5,21400,2,0
CustomerId_3229,13260.0,1326.0,10,3742.976237048682,24540,2454.0,10000,0.4,0.6,3,2,4,0,airtime,ChannelId_3,2,9.6,17.6,7.2,2018.4,9,10,24540,2,0
CustomerId_323,747000.0,83000.0,9,25514.701644346147,757410,84156.66666666667,100000,0.0,1.0,2,1,1,0,financial_services,ChannelId_3,2,18.77777777777778,22.333333333333332,10.0,2018.111111111111,34,9,757410,2,0
CustomerId_3230,22025.0,1376.5625,16,2542.5949466047477,24975,1560.9375,10000,0.4375,0.5625,2,2,3,0,airtime,ChannelId_3,2,15.5,20.3125,7.6875,2018.375,24,16,24975,2,0
CustomerId_3231,5000.0,5000.0,1,0.0,5000,5000.0,5000,0.0,1.0,1,1,1,0,financial_services,ChannelId_3,2,8.0,28.0,12.0,2018.0,48,1,5000,3,0
CustomerId_3232,61005.0,4692.692307692308,13,8948.309108286096,65395,5030.384615384615,30000,0.38461538461538464,0.6153846153846154,3,2,3,0,airtime,ChannelId_3,2,10.692307692307692,12.538461538461538,9.461538461538462,2018.2307692307693,28,13,65395,2,0
CustomerId_3233,525319.0,3725.6666666666665,141,9155.881044963602,714501,5067.382978723404,85700,0.3404255319148936,0.6595744680851063,4,2,3,0,financial_services,ChannelId_3,2,13.460992907801419,14.574468085106384,7.581560283687943,2018.404255319149,1,141,714501,2,0
CustomerId_3234,1000.0,333.3333333333333,3,1154.7005383792516,3000,1000.0,1000,0.3333333333333333,0.6666666666666666,2,2,3,0,financial_services,ChannelId_3,2,21.0,8.0,1.0,2019.0,36,3,3000,0,1
CustomerId_3235,144652.0,882.0243902439024,164,1288.359406192296,154397,941.4451219512196,7000,0.4024390243902439,0.5975609756097561,4,2,3,0,financial_services,ChannelId_3,2,12.542682926829269,17.51219512195122,3.2560975609756095,2018.8170731707316,1,164,154397,2,0
CustomerId_3236,500.0,500.0,1,0.0,500,500.0,500,0.0,1.0,1,1,1,0,financial_services,ChannelId_3,2,10.0,19.0,11.0,2018.0,86,1,500,3,0
CustomerId_3237,10000.0,5000.0,2,0.0,10000,5000.0,5000,0.0,1.0,1,1,1,0,financial_services,ChannelId_1,2,8.0,27.0,1.0,2019.0,18,2,10000,0,1
CustomerId_3238,101826.45,1376.033108108108,74,2927.3244903026766,113303,1531.1216216216217,21800,0.32432432432432434,0.6756756756756757,3,2,5,0,financial_services,ChannelId_3,2,16.783783783783782,15.95945945945946,6.702702702702703,2018.4864864864865,3,74,113303,2,0
CustomerId_324,1000.0,1000.0,1,0.0,1000,1000.0,1000,0.0,1.0,1,1,1,0,financial_services,ChannelId_3,2,15.0,7.0,12.0,2018.0,68,1,1000,3,0
CustomerId_3240,950.0,237.5,4,962.0940702446928,3050,762.5,1000,0.5,0.5,2,2,2,0,airtime,ChannelId_2,2,7.0,8.0,2.0,2019.0,6,4,3050,0,1
CustomerId_3241,118965.0,3050.3846153846152,39,5759.681710026147,123435,3165.0,30000,0.4358974358974359,0.5641025641025641,2,2,3,0,financial_services,ChannelId_3,2,11.615384615384615,16.71794871794872,7.82051282051282,2018.3589743589744,3,39,123435,2,0
CustomerId_3242,19000.0,3800.0,5,6685.805860178712,31000,6200.0,10000,0.4,0.6,2,2,3,0,financial_services,ChannelId_3,2,19.0,28.0,12.0,2018.0,47,5,31000,3,0
CustomerId_3243,113918.0,2423.7872340425533,47,5586.163126465755,118072,2512.1702127659573,33990,0.3617021276595745,0.6382978723404256,4,2,5,0,airtime,ChannelId_3,2,12.957446808510639,12.872340425531915,8.957446808510639,2018.276595744681,1,47,118072,2,0
CustomerId_3245,100000.0,4000.0,25,5655.012525774515,142000,5680.0,10000,0.2,0.8,2,2,3,0,airtime,ChannelId_3,2,11.36,18.72,4.28,2018.72,5,25,142000,2,0
CustomerId_3246,14324.0,1193.6666666666667,12,2003.6406561027552,18426,1535.5,5750,0.5,0.5,3,2,3,0,financial_services,ChannelId_2,2,11.75,11.083333333333334,9.166666666666666,2018.25,12,12,18426,2,0
CustomerId_3247,7900.0,790.0,10,442.7188724235731,8100,810.0,1000,0.2,0.8,3,2,3,0,financial_services,ChannelId_3,2,9.1,18.3,8.0,2018.3,35,10,8100,0,1
CustomerId_3248,1000.0,1000.0,1,0.0,1000,1000.0,1000,0.0,1.0,1,1,1,0,financial_services,ChannelId_3,2,6.0,5.0,2.0,2019.0,9,1,1000,0,1
CustomerId_3249,20000.0,4000.0,5,6745.368781616021,32000,6400.0,10000,0.4,0.6,2,2,3,0,financial_services,ChannelId_3,2,16.0,1.0,2.0,2019.0,12,5,32000,2,0
CustomerId_3250,26550.0,758.5714285714286,35,1124.1130957785522,28850,824.2857142857143,4000,0.4857142857142857,0.5142857142857142,3,2,3,0,airtime,ChannelId_3,2,12.82857142857143,13.4,9.028571428571428,2018.2571428571428,5,35,28850,2,0
CustomerId_3251,13278.0,2655.6,5,4773.254319643989,17922,3584.4,11200,0.6,0.4,3,2,2,0,financial_services,ChannelId_2,2,10.0,4.0,2.0,2019.0,6,5,17922,2,0
CustomerId_3252,15000.0,7500.0,2,3535.5339059327375,15000,7500.0,10000,0.0,1.0,2,1,2,0,airtime,ChannelId_3,1,16.5,12.5,1.5,2019.0,6,2,15000,0,1
CustomerId_3253,975.0,325.0,3,303.10889132455355,1025,341.6666666666667,500,0.3333333333333333,0.6666666666666666,2,2,3,0,financial_services,ChannelId_3,2,5.666666666666667,18.333333333333332,12.0,2018.0,55,3,1025,0,1
CustomerId_3254,2000.0,2000.0,1,0.0,2000,2000.0,2000,0.0,1.0,1,1,1,0,financial_services,ChannelId_3,2,5.0,19.0,11.0,2018.0,87,1,2000,3,0
CustomerId_3255,60000.0,7500.0,8,10155.927192672127,82000,10250.0,20000,0.375,0.625,2,2,3,0,financial_services,ChannelId_3,2,6.0,11.0,1.0,2019.0,34,8,82000,2,0
CustomerId_3256,500.0,500.0,1,0.0,500,500.0,500,0.0,1.0,1,1,1,0,airtime,ChannelId_3,4,13.0,7.0,12.0,2018.0,68,1,500,3,0
CustomerId_3257,80000.0,5000.0,16,10076.4411707044,127840,7990.0,28840,0.375,0.625,4,2,3,0,airtime,ChannelId_3,2,11.5625,11.0625,10.125,2018.1875,12,16,127840,2,0
CustomerId_3258,394000.0,78800.0,5,81515.02928908264,406000,81200.0,160000,0.4,0.6,2,2,2,0,ticket,ChannelId_3,0,5.8,13.0,12.0,2018.0,63,5,406000,3,0
CustomerId_3259,39000.0,3545.4545454545455,11,7501.514998500455,81000,7363.636363636364,10000,0.45454545454545453,0.5454545454545454,2,2,3,0,airtime,ChannelId_3,2,13.272727272727273,17.09090909090909,7.0,2018.4545454545455,41,11,81000,2,0
CustomerId_3260,1000.0,1000.0,1,0.0,1000,1000.0,1000,0.0,1.0,1,1,1,0,airtime,ChannelId_3,4,23.0,25.0,1.0,2019.0,19,1,1000,0,1
CustomerId_3261,19200.0,3840.0,5,6732.235884162112,31200,6240.0,10100,0.4,0.6,2,2,3,0,financial_services,ChannelId_3,2,12.0,28.0,12.0,2018.0,47,5,31200,3,0
CustomerId_3262,4470.0,745.0,6,695.751392380928,4530,755.0,1500,0.3333333333333333,0.6666666666666666,2,2,3,0,airtime,ChannelId_3,2,12.666666666666666,15.5,11.5,2018.0,71,6,4530,3,0
CustomerId_3263,60000.0,4615.384615384615,13,6357.914510519697,92000,7076.923076923077,10000,0.3076923076923077,0.6923076923076923,2,2,3,0,financial_services,ChannelId_3,2,10.538461538461538,18.76923076923077,5.538461538461538,2018.6153846153845,12,13,92000,2,0
CustomerId_3265,428469.25,1326.5301857585139,323,5216.313527019663,446198,1381.4179566563469,50223,0.47987616099071206,0.5201238390092879,5,2,3,0,financial_services,ChannelId_3,2,11.708978328173375,25.9969040247678,11.761609907120743,2018.0216718266254,35,323,446198,2,0
CustomerId_3266,29000.0,4833.333333333333,6,6493.586579592719,41000,6833.333333333333,10000,0.3333333333333333,0.6666666666666666,2,2,3,0,financial_services,ChannelId_3,2,20.0,30.0,11.0,2018.0,75,6,41000,3,0
CustomerId_3267,40000.0,3333.3333333333335,12,5678.241298362042,62000,5166.666666666667,10000,0.25,0.75,2,2,3,0,airtime,ChannelId_3,2,9.75,19.416666666666668,7.416666666666667,2018.4166666666667,26,12,62000,2,0
CustomerId_3268,-510.0,-170.0,3,762.6925986267338,1510,503.3333333333333,1000,0.6666666666666666,0.3333333333333333,2,2,2,0,financial_services,ChannelId_2,2,8.0,11.0,1.0,2019.0,34,3,1510,0,1
CustomerId_3269,20000.0,4000.0,5,6745.368781616021,32000,6400.0,10000,0.4,0.6,2,2,3,0,financial_services,ChannelId_3,2,7.6,1.0,2.0,2019.0,13,5,32000,2,0
CustomerId_327,500.0,500.0,1,0.0,500,500.0,500,0.0,1.0,1,1,1,0,financial_services,ChannelId_3,2,3.0,23.0,12.0,2018.0,53,1,500,0,1
CustomerId_3270,102600.0,4460.869565217391,23,6650.887782874949,165000,7173.913043478261,11000,0.34782608695652173,0.6521739130434783,2,2,4,0,airtime,ChannelId_3,2,8.565217391304348,16.08695652173913,1.173913043478261,2019.0,1,23,165000,2,0
CustomerId_3271,10080.0,10080.0,1,0.0,10080,10080.0,10080,0.0,1.0,1,1,1,0,financial_services,ChannelId_3,2,5.0,21.0,12.0,2018.0,55,1,10080,3,0
CustomerId_3272,75992.0,2620.4137931034484,29,8643.043170737465,76424,2635.310344827586,46000,0.41379310344827586,0.5862068965517241,3,3,4,0,airtime,ChannelId_3,2,11.724137931034482,13.0,10.551724137931034,2018.1379310344828,4,29,76424,2,0
CustomerId_3273,500.0,125.0,4,750.0,2500,625.0,1000,0.25,0.75,2,2,3,0,airtime,ChannelId_3,2,18.0,6.0,1.0,2019.0,36,4,2500,0,1
CustomerId_3274,1000.0,1000.0,1,0.0,1000,1000.0,1000,0.0,1.0,1,1,1,0,airtime,ChannelId_3,2,9.0,17.0,12.0,2018.0,59,1,1000,3,0
CustomerId_3275,19000.0,3166.6666666666665,6,6104.643041707408,31000,5166.666666666667,10000,0.3333333333333333,0.6666666666666666,2,2,3,0,airtime,ChannelId_3,2,10.0,28.0,12.0,2018.0,47,6,31000,3,0
CustomerId_3276,27190.0,522.8846153846154,52,538.8125525797409,29410,565.5769230769231,1500,0.46153846153846156,0.5384615384615384,2,2,4,0,airtime,ChannelId_3,2,12.788461538461538,13.0,8.692307692307692,2018.3076923076924,5,52,29410,2,0
CustomerId_3278,20000.0,4000.0,5,6745.368781616021,32000,6400.0,10000,0.4,0.6,2,2,3,0,financial_services,ChannelId_3,2,14.0,25.0,1.0,2019.0,19,5,32000,2,0
CustomerId_3279,117995.0,23599.0,5,24328.20390000051,125355,25071.0,50000,0.4,0.6,2,2,3,0,financial_services,ChannelId_3,2,12.2,8.8,5.2,2018.6,41,5,125355,2,0
CustomerId_328,248497.25,3654.3713235294117,68,21982.467097933753,284681,4186.485294117647,185400,0.5,0.5,4,3,3,0,financial_services,ChannelId_3,2,15.573529411764707,17.0,10.735294117647058,2018.0294117647059,1,68,284681,2,0
CustomerId_3280,3610.0,601.6666666666666,6,745.6987774340699,3990,665.0,1500,0.5,0.5,2,2,2,0,airtime,ChannelId_2,2,13.833333333333334,11.833333333333334,11.666666666666666,2018.0,66,6,3990,3,0
CustomerId_3282,1000.0,1000.0,1,0.0,1000,1000.0,1000,0.0,1.0,1,1,1,0,airtime,ChannelId_3,4,12.0,15.0,11.0,2018.0,90,1,1000,3,0
CustomerId_3285,40000.0,4444.444444444444,9,6559.556218051475,62000,6888.888888888889,11000,0.3333333333333333,0.6666666666666666,2,2,3,0,financial_services,ChannelId_3,2,12.0,19.11111111111111,7.555555555555555,2018.4444444444443,6,9,62000,2,0
CustomerId_3287,3750.0,1250.0,3,3269.174207655505,6250,2083.3333333333335,5000,0.6666666666666666,0.3333333333333333,2,2,2,0,financial_services,ChannelId_2,2,9.0,17.0,12.0,2018.0,59,3,6250,3,0
CustomerId_3288,20000.0,4000.0,5,6745.368781616021,32000,6400.0,10000,0.4,0.6,2,2,3,0,financial_services,ChannelId_3,2,16.0,1.0,2.0,2019.0,12,5,32000,2,0
CustomerId_3289,119000.0,3500.0,34,6938.212152909991,231400,6805.882352941177,11000,0.38235294117647056,0.6176470588235294,2,2,5,0,airtime,ChannelId_3,2,9.558823529411764,12.117647058823529,1.3235294117647058,2019.0,2,34,231400,2,0
CustomerId_329,8640.0,1440.0,6,1709.2103439892937,9360,1560.0,3000,0.5,0.5,2,2,3,0,airtime,ChannelId_2,2,11.0,21.666666666666668,7.666666666666667,2018.3333333333333,34,6,9360,0,1
CustomerId_3290,32678.0,3267.8,10,5779.0014093170885,49822,4982.2,12000,0.5,0.5,3,3,2,0,financial_services,ChannelId_2,2,9.9,24.8,11.0,2018.0,78,10,49822,3,0
CustomerId_3291,18356.0,6118.666666666667,3,12022.905028874398,23444,7814.666666666667,21800,0.6666666666666666,0.3333333333333333,2,2,2,0,financial_services,ChannelId_2,2,18.0,20.0,12.0,2018.0,55,3,23444,3,0
CustomerId_3292,77655.0,1273.032786885246,61,1924.073213846198,80745,1323.688524590164,9000,0.39344262295081966,0.6065573770491803,2,2,4,0,airtime,ChannelId_3,4,11.426229508196721,14.442622950819672,2.3114754098360657,2018.9180327868853,2,61,80745,2,0
CustomerId_3293,17000.0,8500.0,2,4949.747468305833,17000,8500.0,12000,0.0,1.0,1,1,1,0,financial_services,ChannelId_3,2,15.5,12.0,12.0,2018.0,63,2,17000,3,0
CustomerId_3294,3000.0,3000.0,1,0.0,3000,3000.0,3000,0.0,1.0,1,1,1,0,financial_services,ChannelId_3,2,15.0,6.0,1.0,2019.0,38,1,3000,0,1
CustomerId_3295,-13200.0,-6600.0,2,10465.180361560904,14800,7400.0,14000,0.5,0.5,2,2,2,0,airtime,ChannelId_3,2,17.5,12.5,6.5,2018.5,30,2,14800,0,1
CustomerId_3296,1000.0,1000.0,1,0.0,1000,1000.0,1000,0.0,1.0,1,1,1,0,financial_services,ChannelId_3,2,14.0,9.0,1.0,2019.0,35,1,1000,0,1
CustomerId_3297,40000.0,4444.444444444444,9,6463.573143221772,62000,6888.888888888889,10000,0.3333333333333333,0.6666666666666666,2,2,3,0,financial_services,ChannelId_3,2,15.555555555555555,16.0,7.555555555555555,2018.4444444444443,12,9,62000,2,0
CustomerId_3298,15650.0,2608.3333333333335,6,4224.975345095716,18350,3058.3333333333335,10000,0.5,0.5,2,2,3,0,financial_services,ChannelId_2,2,16.333333333333332,16.166666666666668,1.3333333333333333,2019.0,2,6,18350,2,0
CustomerId_3299,206745.0,9845.0,21,22342.882535608514,227155,10816.904761904761,100000,0.3333333333333333,0.6666666666666666,3,2,3,0,airtime,ChannelId_3,2,11.333333333333334,17.952380952380953,6.238095238095238,2018.5238095238096,16,21,227155,2,0
CustomerId_330,100975.0,4589.772727272727,22,6188.192765888293,143225,6510.227272727273,15000,0.3181818181818182,0.6818181818181818,2,2,3,0,financial_services,ChannelId_3,2,9.0,16.454545454545453,1.3636363636363635,2019.0,3,22,143225,2,0
CustomerId_3301,-510.0,-170.0,3,762.6925986267338,1510,503.3333333333333,1000,0.6666666666666666,0.3333333333333333,2,2,2,0,financial_services,ChannelId_2,2,0.6666666666666666,23.0,12.0,2018.0,53,3,1510,0,1
CustomerId_3302,-50.0,-16.666666666666668,3,1000.4165798972613,2050,683.3333333333334,1000,0.6666666666666666,0.3333333333333333,2,2,2,0,financial_services,ChannelId_2,2,7.0,6.0,2.0,2019.0,8,3,2050,0,1
CustomerId_3303,24878.0,4146.333333333333,6,6700.513462912128,35277,5879.5,15000,0.5,0.5,3,2,3,0,financial_services,ChannelId_2,2,14.333333333333334,18.0,12.0,2018.0,57,6,35277,3,0
CustomerId_3306,1000.0,333.3333333333333,3,1154.7005383792516,3000,1000.0,1000,0.3333333333333333,0.6666666666666666,2,2,3,0,financial_services,ChannelId_3,2,21.333333333333332,10.0,4.666666666666667,2018.6666666666667,38,3,3000,0,1
CustomerId_3307,125744.0,2619.6666666666665,48,5060.580983101132,165856,3455.3333333333335,21800,0.25,0.75,4,2,4,0,airtime,ChannelId_3,2,14.625,18.25,7.395833333333333,2018.3958333333333,5,48,165856,2,0
CustomerId_3308,80000.0,4705.882352941177,17,6302.427170169769,122000,7176.470588235294,10000,0.29411764705882354,0.7058823529411765,2,2,3,0,financial_services,ChannelId_3,2,16.294117647058822,9.588235294117647,1.4705882352941178,2019.0,5,17,122000,2,0
CustomerId_3309,60000.0,30000.0,2,28284.2712474619,60000,30000.0,50000,0.0,1.0,1,1,1,0,financial_services,ChannelId_3,2,4.5,17.0,1.5,2019.0,6,2,60000,2,0
CustomerId_331,6140.0,1228.0,5,3272.3340294047,8860,1772.0,7000,0.6,0.4,3,2,3,0,financial_services,ChannelId_2,2,11.6,27.8,12.0,2018.0,46,5,8860,3,0
CustomerId_3310,33440.0,777.6744186046511,43,633.8528716519627,36430,847.2093023255813,2500,0.2558139534883721,0.7441860465116279,3,2,4,0,financial_services,ChannelId_3,2,14.162790697674419,15.13953488372093,1.069767441860465,2019.0,3,43,36430,2,0
CustomerId_3311,19000.0,3166.6666666666665,6,7626.707459098367,41000,6833.333333333333,10000,0.5,0.5,2,2,3,0,airtime,ChannelId_2,2,15.0,21.0,12.0,2018.0,54,6,41000,3,0
CustomerId_3313,3900.0,1300.0,3,3235.737937472687,6100,2033.3333333333333,5000,0.6666666666666666,0.3333333333333333,2,2,2,0,financial_services,ChannelId_2,2,18.0,18.0,12.0,2018.0,57,3,6100,3,0
CustomerId_3314,1000.0,500.0,2,0.0,1000,500.0,500,0.0,1.0,1,1,1,0,financial_services,ChannelId_3,2,20.0,4.0,1.0,2019.0,40,2,1000,0,1
CustomerId_3315,23400.0,23400.0,1,0.0,23400,23400.0,23400,0.0,1.0,1,1,1,0,financial_services,ChannelId_3,2,5.0,28.0,11.0,2018.0,78,1,23400,3,0
CustomerId_3317,40000.0,4444.444444444444,9,6463.573143221772,62000,6888.888888888889,10000,0.3333333333333333,0.6666666666666666,2,2,3,0,financial_services,ChannelId_3,2,11.333333333333334,4.111111111111111,2.0,2019.0,6,9,62000,2,0
CustomerId_3318,10260.0,1026.0,10,1044.8200270328325,12340,1234.0,2500,0.2,0.8,3,2,4,0,financial_services,ChannelId_3,2,16.0,6.8,1.0,2019.0,34,10,12340,0,1
CustomerId_332,1000.0,1000.0,1,0.0,1000,1000.0,1000,0.0,1.0,1,1,1,0,financial_services,ChannelId_3,2,15.0,9.0,2.0,2019.0,4,1,1000,0,1
CustomerId_3320,40000.0,4444.444444444444,9,6463.573143221772,62000,6888.888888888889,10000,0.3333333333333333,0.6666666666666666,2,2,3,0,financial_services,ChannelId_3,2,10.666666666666666,14.333333333333334,1.4444444444444444,2019.0,12,9,62000,2,0
CustomerId_3321,20000.0,4000.0,5,6745.368781616021,32000,6400.0,10000,0.4,0.6,2,2,3,0,financial_services,ChannelId_3,2,8.0,8.0,2.0,2019.0,6,5,32000,2,0
CustomerId_3322,16000.0,2666.6666666666665,6,6088.2400303098,28000,4666.666666666667,10000,0.3333333333333333,0.6666666666666666,2,2,3,0,airtime,ChannelId_3,2,10.5,7.833333333333333,2.0,2019.0,5,6,28000,2,0
CustomerId_3323,155380.0,8177.894736842105,19,9167.831331434792,171434,9022.842105263158,28000,0.15789473684210525,0.8421052631578947,4,2,3,0,financial_services,ChannelId_3,2,9.894736842105264,7.842105263157895,2.0,2019.0,2,19,171434,2,0
CustomerId_3326,20000.0,3333.3333333333335,6,7814.516406449389,42000,7000.0,11000,0.5,0.5,2,2,3,0,airtime,ChannelId_2,2,14.333333333333334,11.0,1.0,2019.0,33,6,42000,2,0
CustomerId_3327,10000.0,10000.0,1,0.0,10000,10000.0,10000,0.0,1.0,1,1,1,0,financial_services,ChannelId_3,2,8.0,11.0,12.0,2018.0,65,1,10000,3,0
CustomerId_3328,65790.0,1096.5,60,1840.3726363641595,71210,1186.8333333333333,9000,0.4,0.6,2,2,3,0,airtime,ChannelId_3,4,13.683333333333334,18.65,1.3333333333333333,2019.0,1,60,71210,2,0
CustomerId_3329,42272.0,1321.0,32,3775.3295604917166,67622,2113.1875,13282,0.40625,0.59375,4,3,3,0,financial_services,ChannelId_3,2,11.21875,11.15625,1.46875,2019.0,4,32,67622,2,0
CustomerId_3330,1754601.0,14621.675,120,57813.16949954016,2077347,17311.225,420000,0.4083333333333333,0.5916666666666667,6,2,5,0,airtime,ChannelId_3,2,10.116666666666667,16.825,8.816666666666666,2018.275,2,120,2077347,2,0
CustomerId_3331,25000.0,8333.333333333334,3,19731.53144926499,37000,12333.333333333334,31000,0.6666666666666666,0.3333333333333333,2,2,2,0,financial_services,ChannelId_2,2,14.0,17.0,12.0,2018.0,58,3,37000,3,0
CustomerId_3332,33159.0,3014.4545454545455,11,8315.993210238166,34975,3179.5454545454545,28840,0.45454545454545453,0.5454545454545454,3,2,3,0,airtime,ChannelId_3,2,11.727272727272727,13.545454545454545,11.727272727272727,2018.0,61,11,34975,3,0
CustomerId_3333,2000.0,2000.0,1,0.0,2000,2000.0,2000,0.0,1.0,1,1,1,0,data_bundles,ChannelId_3,2,12.0,1.0,1.0,2019.0,43,1,2000,0,1
CustomerId_3334,9233.0,710.2307692307693,13,393.2353311199613,9367,720.5384615384615,1100,0.15384615384615385,0.8461538461538461,2,2,4,0,financial_services,ChannelId_3,2,10.538461538461538,22.23076923076923,11.615384615384615,2018.0,52,13,9367,3,0
CustomerId_3336,490.0,122.5,4,854.4150045498967,2510,627.5,1000,0.5,0.5,2,2,3,0,financial_services,ChannelId_2,2,19.0,6.0,2.0,2019.0,7,4,2510,0,1
CustomerId_3339,1000.0,333.3333333333333,3,1154.7005383792516,3000,1000.0,1000,0.3333333333333333,0.6666666666666666,2,2,3,0,financial_services,ChannelId_3,2,6.333333333333333,8.666666666666666,1.0,2019.0,36,3,3000,0,1
CustomerId_334,200000.0,6060.606060606061,33,9323.087585194731,302800,9175.757575757576,20700,0.42424242424242425,0.5757575757575758,2,2,3,0,financial_services,ChannelId_3,2,10.424242424242424,18.03030303030303,11.363636363636363,2018.0,61,33,302800,3,0
CustomerId_3340,45384.0,3491.076923076923,13,9054.521802774738,71466,5497.384615384615,32900,0.46153846153846156,0.5384615384615384,3,2,3,0,financial_services,ChannelId_3,2,11.23076923076923,15.538461538461538,3.076923076923077,2018.8461538461538,5,13,71466,2,0
CustomerId_3341,-4000.0,-444.44444444444446,9,3320.8098075285457,24000,2666.6666666666665,5000,0.7777777777777778,0.2222222222222222,1,2,2,0,airtime,ChannelId_5,4,10.555555555555555,23.444444444444443,1.0,2019.0,16,9,24000,2,0
CustomerId_3343,1000.0,1000.0,1,0.0,1000,1000.0,1000,0.0,1.0,1,1,1,0,financial_services,ChannelId_3,2,16.0,21.0,1.0,2019.0,23,1,1000,0,1
CustomerId_3344,40000.0,4444.444444444444,9,6463.573143221772,62000,6888.888888888889,10000,0.3333333333333333,0.6666666666666666,2,2,3,0,financial_services,ChannelId_3,2,17.11111111111111,14.333333333333334,1.4444444444444444,2019.0,12,9,62000,2,0
CustomerId_3345,990.0,198.0,5,758.959814482954,3010,602.0,1000,0.4,0.6,2,2,3,0,financial_services,ChannelId_3,2,14.6,11.0,2.0,2019.0,1,5,3010,0,1
CustomerId_3346,60000.0,7500.0,8,12247.44871391589,90000,11250.0,30000,0.375,0.625,2,2,3,0,airtime,ChannelId_3,2,10.0,8.0,2.0,2019.0,5,8,90000,2,0
CustomerId_3347,3000.0,1500.0,2,707.1067811865476,3000,1500.0,2000,0.0,1.0,2,1,1,0,airtime,ChannelId_3,2,12.0,10.0,1.0,2019.0,34,2,3000,0,1
CustomerId_3349,22856.0,2285.6,10,4765.9097580863,36874,3687.4,12530,0.2,0.8,4,2,3,0,data_bundles,ChannelId_3,2,16.8,17.8,11.8,2018.0,58,10,36874,3,0
CustomerId_335,798472.75,7532.76179245283,106,21925.09462835588,927688,8751.77358490566,137000,0.33962264150943394,0.660377358490566,5,2,4,0,financial_services,ChannelId_3,2,10.216981132075471,16.37735849056604,7.10377358490566,2018.433962264151,8,106,927688,2,0
CustomerId_3352,90000.0,5000.0,18,6287.241983947006,132000,7333.333333333333,11000,0.2777777777777778,0.7222222222222222,2,2,3,0,financial_services,ChannelId_3,2,13.555555555555555,18.166666666666668,4.277777777777778,2018.7222222222222,5,18,132000,2,0
CustomerId_3353,149242.0,926.9689440993789,161,2567.6175543253134,221978,1378.745341614907,13000,0.39751552795031053,0.6024844720496895,3,3,4,0,financial_services,ChannelId_3,2,12.409937888198758,17.093167701863354,7.838509316770186,2018.3788819875776,1,161,221978,2,0
CustomerId_3354,13800.0,2760.0,5,6854.779354581736,26200,5240.0,10000,0.6,0.4,2,2,2,0,financial_services,ChannelId_2,2,19.0,21.8,8.0,2018.4,5,5,26200,2,0
CustomerId_3355,20000.0,4000.0,5,6745.368781616021,32000,6400.0,10000,0.4,0.6,2,2,3,0,financial_services,ChannelId_3,2,18.8,8.0,2.0,2019.0,5,5,32000,2,0
CustomerId_3356,5000.0,5000.0,1,0.0,5000,5000.0,5000,0.0,1.0,1,1,1,0,airtime,ChannelId_3,4,5.0,7.0,1.0,2019.0,38,1,5000,0,1
CustomerId_3357,5960.0,993.3333333333334,6,1271.3247683682823,8040,1340.0,2000,0.3333333333333333,0.6666666666666666,2,2,2,0,airtime,ChannelId_3,2,14.166666666666666,15.833333333333334,1.0,2019.0,13,6,8040,0,1
CustomerId_3359,-525.0,-175.0,3,761.1668673819164,1525,508.3333333333333,1000,0.6666666666666666,0.3333333333333333,2,2,2,0,financial_services,ChannelId_2,2,9.0,11.0,2.0,2019.0,3,3,1525,0,1
CustomerId_336,134560.0,3636.7567567567567,37,5583.145794887232,141440,3822.7027027027025,20000,0.40540540540540543,0.5945945945945946,2,2,3,0,financial_services,ChannelId_3,2,12.35135135135135,16.35135135135135,1.4054054054054055,2019.0,1,37,141440,2,0
CustomerId_3360,19000.0,3166.6666666666665,6,7626.707459098367,41000,6833.333333333333,10000,0.5,0.5,2,2,3,0,airtime,ChannelId_2,2,16.0,28.0,12.0,2018.0,47,6,41000,3,0
CustomerId_3361,2000.0,1000.0,2,0.0,2000,1000.0,1000,0.0,1.0,2,1,1,0,airtime,ChannelId_3,2,5.0,5.0,1.0,2019.0,40,2,2000,0,1
CustomerId_3363,72350.5,2009.736111111111,36,2682.5876513069325,86250,2395.8333333333335,10000,0.3888888888888889,0.6111111111111112,3,2,4,0,airtime,ChannelId_3,2,12.0,15.083333333333334,3.388888888888889,2018.8055555555557,2,36,86250,2,0
CustomerId_3364,2000.0,2000.0,1,0.0,2000,2000.0,2000,0.0,1.0,1,1,1,0,airtime,ChannelId_3,4,7.0,10.0,1.0,2019.0,35,1,2000,0,1
CustomerId_3365,21980.0,4396.0,5,4398.190537027699,22020,4404.0,10000,0.2,0.8,3,2,3,0,financial_services,ChannelId_3,2,12.2,10.0,2.0,2019.0,1,5,22020,2,0
CustomerId_3366,57300.0,8185.714285714285,7,10028.696919578431,70700,10100.0,20000,0.42857142857142855,0.5714285714285714,2,2,3,0,financial_services,ChannelId_3,2,7.285714285714286,12.0,3.0,2018.857142857143,6,7,70700,2,0
CustomerId_337,192400.0,27485.714285714286,7,36288.44759109197,195600,27942.85714285714,100000,0.2857142857142857,0.7142857142857143,2,2,4,0,financial_services,ChannelId_3,2,7.571428571428571,6.714285714285714,4.0,2018.7142857142858,44,7,195600,2,0
CustomerId_3371,1251763.68,4186.5006020066885,299,10716.558736491084,1582991,5294.284280936455,100000,0.36454849498327757,0.6354515050167224,3,3,4,0,financial_services,ChannelId_3,2,9.729096989966555,15.173913043478262,7.150501672240803,2018.4347826086957,1,299,1582991,2,0
CustomerId_3373,32000.0,2666.6666666666665,12,5484.744683430966,58000,4833.333333333333,21000,0.25,0.75,3,2,3,0,airtime,ChannelId_3,2,10.75,23.666666666666668,11.5,2018.0,56,12,58000,3,0
CustomerId_3374,325308.0,3460.723404255319,94,6491.115992331208,346492,3686.0851063829787,35000,0.3404255319148936,0.6595744680851063,3,2,3,0,financial_services,ChannelId_3,2,12.053191489361701,16.382978723404257,5.26595744680851,2018.6063829787233,5,94,346492,2,0
CustomerId_3375,300.0,300.0,1,0.0,300,300.0,300,0.0,1.0,1,1,1,0,airtime,ChannelId_3,4,12.0,2.0,1.0,2019.0,42,1,300,0,1
CustomerId_3376,2000.0,1000.0,2,0.0,2000,1000.0,1000,0.0,1.0,1,1,1,0,financial_services,ChannelId_3,2,15.5,5.0,12.0,2018.0,68,2,2000,3,0
CustomerId_3377,1950.0,390.0,5,900.2777349240622,4050,810.0,1000,0.4,0.6,2,2,3,0,financial_services,ChannelId_3,2,6.8,16.8,11.2,2018.0,75,5,4050,3,0
CustomerId_3378,80000.0,80000.0,1,0.0,80000,80000.0,80000,0.0,1.0,1,1,1,0,ticket,ChannelId_1,2,15.0,10.0,12.0,2018.0,65,1,80000,3,0
CustomerId_3379,94320.0,2143.6363636363635,44,3268.6965547476298,101080,2297.2727272727275,10000,0.4090909090909091,0.5909090909090909,2,2,3,0,airtime,ChannelId_3,2,12.431818181818182,19.15909090909091,5.613636363636363,2018.590909090909,9,44,101080,2,0
CustomerId_338,55000.0,27500.0,2,31819.80515339464,55000,27500.0,50000,0.0,1.0,1,1,1,0,financial_services,ChannelId_3,2,5.0,7.0,1.0,2019.0,38,2,55000,2,0
CustomerId_3380,20000.0,4000.0,5,6745.368781616021,32000,6400.0,10000,0.4,0.6,2,2,3,0,financial_services,ChannelId_3,2,18.0,25.0,1.0,2019.0,19,5,32000,2,0
CustomerId_3381,0.0,0.0,3,866.0254037844386,2000,666.6666666666666,1000,0.3333333333333333,0.6666666666666666,2,2,3,0,financial_services,ChannelId_3,2,6.0,6.0,1.0,2019.0,38,3,2000,0,1
CustomerId_3385,288382.0,12015.916666666666,24,8893.301875772755,328643,13693.458333333334,21800,0.20833333333333334,0.7916666666666666,3,2,3,0,financial_services,ChannelId_3,2,15.375,15.791666666666666,8.583333333333334,2018.2916666666667,24,24,328643,2,0
CustomerId_3386,2930.0,488.3333333333333,6,1055.6593516218509,5070,845.0,2000,0.5,0.5,2,2,3,0,financial_services,ChannelId_2,2,15.166666666666666,8.0,12.0,2018.0,64,6,5070,3,0
CustomerId_3387,8000.0,2000.0,4,0.0,8000,2000.0,2000,0.0,1.0,1,1,1,0,financial_services,ChannelId_3,2,9.75,2.0,12.0,2018.0,73,4,8000,3,0
CustomerId_3388,19000.0,3800.0,5,6685.805860178712,31000,6200.0,10000,0.4,0.6,2,2,3,0,financial_services,ChannelId_3,2,13.8,1.0,2.0,2019.0,12,5,31000,2,0
CustomerId_3389,167700.0,1746.875,96,1746.4691071144841,170300,1773.9583333333333,5000,0.3541666666666667,0.6458333333333334,2,2,3,0,financial_services,ChannelId_3,2,14.989583333333334,15.46875,6.333333333333333,2018.5104166666667,2,96,170300,2,0
CustomerId_3390,45720.0,788.2758620689655,58,912.3608049201299,51480,887.5862068965517,2500,0.43103448275862066,0.5689655172413793,2,2,3,0,airtime,ChannelId_3,2,12.327586206896552,19.82758620689655,1.2413793103448276,2019.0,1,58,51480,2,0
CustomerId_3391,222134.0,1835.8181818181818,121,3354.2311339560365,270346,2234.2644628099174,12000,0.3140495867768595,0.6859504132231405,4,3,3,0,financial_services,ChannelId_3,2,11.603305785123966,15.743801652892563,1.2727272727272727,2019.0,4,121,270346,2,0
CustomerId_3392,1490.0,248.33333333333334,6,689.9396108839285,3510,585.0,1000,0.3333333333333333,0.6666666666666666,2,2,3,0,airtime,ChannelId_3,2,16.166666666666668,17.5,2.8333333333333335,2018.8333333333333,25,6,3510,0,1
CustomerId_3397,36318.0,1911.4736842105262,19,3056.8642496741118,40882,2151.684210526316,10000,0.5263157894736842,0.47368421052631576,3,2,2,0,financial_services,ChannelId_2,2,6.2105263157894735,22.736842105263158,1.3157894736842106,2019.0,1,19,40882,2,0
CustomerId_3398,44880.0,2805.0,16,2848.7704950264656,45320,2832.5,8000,0.3125,0.6875,3,3,3,0,financial_services,ChannelId_3,2,11.625,17.75,11.0,2018.0,86,16,45320,3,0
CustomerId_3399,46135.0,1025.2222222222222,45,1032.8809860352408,49315,1095.888888888889,3000,0.24444444444444444,0.7555555555555555,3,3,5,0,financial_services,ChannelId_3,2,16.933333333333334,8.777777777777779,2.088888888888889,2018.9555555555555,5,45,49315,2,0
CustomerId_340,7790.0,865.5555555555555,9,953.4032608386536,8210,912.2222222222222,2000,0.4444444444444444,0.5555555555555556,2,2,3,0,airtime,ChannelId_3,4,10.555555555555555,17.0,9.333333333333334,2018.2222222222222,43,9,8210,0,1
CustomerId_3400,490.0,245.0,2,360.62445840513925,510,255.0,500,0.5,0.5,2,2,2,0,airtime,ChannelId_2,2,14.0,26.0,11.0,2018.0,79,2,510,3,0
CustomerId_3401,51922.0,3245.125,16,8684.338085503889,55878,3492.375,35100,0.5,0.5,2,2,3,0,financial_services,ChannelId_2,2,15.5,9.0,2.0,2019.0,3,16,55878,2,0
CustomerId_3402,3000.0,1500.0,2,707.1067811865476,3000,1500.0,2000,0.0,1.0,2,1,2,0,airtime,ChannelId_3,2,9.0,5.0,2.0,2019.0,9,2,3000,0,1
CustomerId_3403,58661.2,2256.2,26,4513.484147751047,74259,2856.1153846153848,16000,0.3076923076923077,0.6923076923076923,4,2,3,0,financial_services,ChannelId_3,2,12.961538461538462,14.615384615384615,3.4615384615384617,2018.8076923076924,11,26,74259,2,0
CustomerId_3404,6940.0,1156.6666666666667,6,2143.5826708262657,9060,1510.0,5000,0.5,0.5,2,2,3,0,financial_services,ChannelId_2,2,11.833333333333334,17.666666666666668,12.0,2018.0,57,6,9060,3,0
CustomerId_3405,226930.0,1200.6878306878307,189,4237.97470232703,270870,1433.1746031746031,41500,0.4497354497354497,0.5502645502645502,3,3,5,0,airtime,ChannelId_3,2,13.164021164021165,14.492063492063492,9.88888888888889,2018.1693121693122,9,189,270870,2,0
CustomerId_3407,28560.0,2196.923076923077,13,3767.486749844836,31440,2418.4615384615386,10000,0.46153846153846156,0.5384615384615384,3,2,3,0,financial_services,ChannelId_3,2,14.846153846153847,25.53846153846154,12.0,2018.0,48,13,31440,3,0
CustomerId_3408,19000.0,3166.6666666666665,6,7626.707459098367,41000,6833.333333333333,10000,0.5,0.5,2,2,3,0,airtime,ChannelId_2,2,17.0,28.0,12.0,2018.0,47,6,41000,3,0
CustomerId_341,225587.0,6634.911764705882,34,12639.751254667053,315398,9276.411764705883,55000,0.3235294117647059,0.6764705882352942,3,2,3,0,financial_services,ChannelId_3,2,14.294117647058824,16.558823529411764,5.294117647058823,2018.5882352941176,2,34,315398,2,0
CustomerId_3410,4900.0,816.6666666666666,6,1732.2432469681235,7100,1183.3333333333333,4000,0.5,0.5,2,2,3,0,financial_services,ChannelId_2,2,6.666666666666667,27.333333333333332,12.0,2018.0,48,6,7100,3,0
CustomerId_3412,19000.0,3166.6666666666665,6,7626.707459098367,41000,6833.333333333333,10000,0.5,0.5,2,2,3,0,airtime,ChannelId_2,2,20.0,7.0,12.0,2018.0,68,6,41000,3,0
CustomerId_3413,10350.0,1725.0,6,1903.0895932666965,11050,1841.6666666666667,5000,0.3333333333333333,0.6666666666666666,2,2,3,0,airtime,ChannelId_3,2,5.666666666666667,23.666666666666668,11.0,2018.0,77,6,11050,3,0
CustomerId_3414,1000.0,1000.0,1,0.0,1000,1000.0,1000,0.0,1.0,1,1,1,0,financial_services,ChannelId_3,2,8.0,23.0,11.0,2018.0,83,1,1000,3,0
CustomerId_3415,1388920.0,2948.8747346072187,471,7520.816917150456,1533198,3255.1974522292994,77000,0.37579617834394907,0.6242038216560509,4,2,4,0,financial_services,ChannelId_3,2,13.012738853503185,15.144373673036094,1.0870488322717622,2019.0,5,471,1533198,2,0
CustomerId_3416,3800.0,950.0,4,1212.4355652982142,4200,1050.0,2000,0.5,0.5,2,2,2,0,airtime,ChannelId_2,2,7.5,20.0,11.0,2018.0,84,4,4200,3,0
CustomerId_3417,19000.0,3800.0,5,6685.805860178712,31000,6200.0,10000,0.4,0.6,2,2,3,0,financial_services,ChannelId_3,2,9.0,28.0,12.0,2018.0,48,5,31000,3,0
CustomerId_3418,20000.0,4000.0,5,6745.368781616021,32000,6400.0,10000,0.4,0.6,2,2,3,0,financial_services,ChannelId_3,2,7.0,8.0,2.0,2019.0,6,5,32000,2,0
CustomerId_3419,104785.0,1563.955223880597,67,3529.2176076585506,113215,1689.7761194029852,20000,0.47761194029850745,0.5223880597014925,3,2,3,0,airtime,ChannelId_3,2,5.940298507462686,12.64179104477612,6.477611940298507,2018.5223880597016,1,67,113215,2,0
CustomerId_3420,50000.0,2272.7272727272725,22,5649.96264784803,102000,4636.363636363636,11000,0.2727272727272727,0.7272727272727273,2,2,4,0,airtime,ChannelId_3,2,14.772727272727273,10.909090909090908,1.7272727272727273,2019.0,1,22,102000,2,0
CustomerId_3421,100000.0,100000.0,1,0.0,100000,100000.0,100000,0.0,1.0,1,1,1,0,financial_services,ChannelId_3,2,1.0,25.0,1.0,2019.0,20,1,100000,2,0
CustomerId_3422,204271.7,1559.3259541984735,131,2760.753286238204,252719,1929.1526717557251,11200,0.3816793893129771,0.6183206106870229,4,3,4,0,financial_services,ChannelId_3,2,10.65648854961832,15.045801526717558,3.198473282442748,2018.8167938931297,1,131,252719,2,0
CustomerId_3424,1000.0,500.0,2,0.0,1000,500.0,500,0.0,1.0,2,1,1,0,airtime,ChannelId_3,2,18.5,18.5,12.0,2018.0,51,2,1000,0,1
CustomerId_3425,1000.0,1000.0,1,0.0,1000,1000.0,1000,0.0,1.0,1,1,1,0,financial_services,ChannelId_3,2,11.0,13.0,12.0,2018.0,62,1,1000,3,0
CustomerId_3426,2000.0,2000.0,1,0.0,2000,2000.0,2000,0.0,1.0,1,1,1,0,financial_services,ChannelId_3,2,17.0,15.0,12.0,2018.0,60,1,2000,3,0
CustomerId_3427,248647.0,2143.5086206896553,116,4533.80335680606,362753,3127.1810344827586,21800,0.3879310344827586,0.6120689655172413,4,2,3,0,airtime,ChannelId_3,2,12.14655172413793,16.525862068965516,7.7844827586206895,2018.3706896551723,3,116,362753,2,0
CustomerId_3428,19900.0,2842.8571428571427,7,190.23794624226838,19900,2842.8571428571427,3000,0.0,1.0,1,1,1,0,financial_services,ChannelId_3,2,8.0,18.0,11.0,2018.0,88,7,19900,3,0
CustomerId_343,80000.0,4444.444444444444,18,6166.5341798168665,122000,6777.777777777777,10000,0.2777777777777778,0.7222222222222222,2,2,3,0,airtime,ChannelId_3,2,11.88888888888889,18.166666666666668,4.277777777777778,2018.7222222222222,12,18,122000,2,0
CustomerId_3430,66805.0,3181.190476190476,21,6311.973127470107,112095,5337.857142857143,10800,0.2857142857142857,0.7142857142857143,3,3,4,0,financial_services,ChannelId_3,2,13.80952380952381,15.047619047619047,3.9047619047619047,2018.7619047619048,2,21,112095,2,0
CustomerId_3431,8000.0,1000.0,8,1065.9502802663922,8400,1050.0,3000,0.375,0.625,2,2,2,0,airtime,ChannelId_3,4,18.25,12.875,4.0,2018.75,8,8,8400,0,1
CustomerId_3432,109355.67,1115.8741836734694,98,3679.5983901087043,166527,1699.2551020408164,20000,0.46938775510204084,0.5306122448979592,3,3,3,0,financial_services,ChannelId_3,2,9.948979591836734,18.43877551020408,11.622448979591837,2018.0,59,98,166527,3,0
CustomerId_3433,37103.1,1545.9624999999999,24,2484.1292217337927,42802,1783.4166666666667,10000,0.375,0.625,3,2,3,0,financial_services,ChannelId_3,2,14.583333333333334,18.833333333333332,11.958333333333334,2018.0,55,24,42802,3,0
CustomerId_3434,19000.0,3166.6666666666665,6,7626.707459098367,41000,6833.333333333333,10000,0.5,0.5,2,2,3,0,airtime,ChannelId_2,2,11.166666666666666,28.0,12.0,2018.0,47,6,41000,3,0
CustomerId_3435,16800.0,4200.0,4,4415.125517279586,17200,4300.0,10000,0.25,0.75,2,2,3,0,airtime,ChannelId_3,4,11.5,7.0,1.5,2019.0,4,4,17200,2,0
CustomerId_3436,5244.0,749.1428571428571,7,1311.6843406566268,7356,1050.857142857143,3000,0.42857142857142855,0.5714285714285714,4,2,3,0,financial_services,ChannelId_3,2,5.285714285714286,6.857142857142857,11.857142857142858,2018.0,70,7,7356,3,0
CustomerId_3437,19000.0,3166.6666666666665,6,7626.707459098367,41000,6833.333333333333,10000,0.5,0.5,2,2,3,0,airtime,ChannelId_2,2,19.0,28.0,12.0,2018.0,47,6,41000,3,0
CustomerId_3438,40585.0,1159.5714285714287,35,1859.3639691431852,43017,1229.057142857143,5000,0.3142857142857143,0.6857142857142857,2,2,4,0,financial_services,ChannelId_3,2,13.17142857142857,16.885714285714286,6.171428571428572,2018.5142857142857,4,35,43017,2,0
CustomerId_3439,130000.0,3513.5135135135133,37,7198.771583562873,262800,7102.7027027027025,15000,0.4594594594594595,0.5405405405405406,2,2,5,0,airtime,ChannelId_3,2,8.432432432432432,15.864864864864865,6.72972972972973,2018.4594594594594,1,37,262800,2,0
CustomerId_3440,19350.0,879.5454545454545,22,1216.1276455275781,22650,1029.5454545454545,4000,0.4090909090909091,0.5909090909090909,2,2,4,0,airtime,ChannelId_3,2,13.545454545454545,14.318181818181818,1.0,2019.0,14,22,22650,2,0
CustomerId_3441,15999.0,2285.5714285714284,7,3965.4798724804564,19951,2850.1428571428573,10000,0.42857142857142855,0.5714285714285714,4,2,3,0,financial_services,ChannelId_3,2,12.714285714285714,25.0,11.0,2018.0,76,7,19951,3,0
CustomerId_3442,194956.0,1499.6615384615384,130,2485.054444067999,221644,1704.9538461538461,14000,0.33076923076923076,0.6692307692307692,2,2,4,0,financial_services,ChannelId_3,2,8.86923076923077,16.046153846153846,7.1692307692307695,2018.4538461538461,1,130,221644,2,0
CustomerId_3443,1980.0,660.0,3,588.8972745734183,2020,673.3333333333334,1000,0.3333333333333333,0.6666666666666666,2,2,3,0,financial_services,ChannelId_3,2,6.333333333333333,16.0,11.0,2018.0,90,3,2020,3,0
CustomerId_3444,10941.0,377.2758620689655,29,824.3697981121147,20529,707.8965517241379,2000,0.41379310344827586,0.5862068965517241,2,3,3,0,financial_services,ChannelId_3,2,15.241379310344827,21.551724137931036,11.689655172413794,2018.0,51,29,20529,3,0
CustomerId_3445,26460.0,490.0,54,537.8494914673603,28540,528.5185185185185,2000,0.46296296296296297,0.5370370370370371,3,2,4,0,airtime,ChannelId_3,2,14.5,16.01851851851852,7.462962962962963,2018.4259259259259,6,54,28540,2,0
CustomerId_3447,37394.0,1780.6666666666667,21,2895.3927079643845,55046,2621.2380952380954,10000,0.3333333333333333,0.6666666666666666,4,2,5,0,financial_services,ChannelId_3,2,12.380952380952381,18.19047619047619,9.142857142857142,2018.2857142857142,5,21,55046,2,0
CustomerId_3448,1000.0,1000.0,1,0.0,1000,1000.0,1000,0.0,1.0,1,1,1,0,financial_services,ChannelId_3,2,16.0,11.0,12.0,2018.0,64,1,1000,3,0
CustomerId_3449,9755.0,541.9444444444445,18,677.8949660288977,12345,685.8333333333334,1500,0.3888888888888889,0.6111111111111112,2,2,3,0,airtime,ChannelId_3,2,9.833333333333334,16.61111111111111,3.111111111111111,2018.8333333333333,11,18,12345,0,1
CustomerId_345,2950.0,590.0,5,436.4630568559039,3050,610.0,1000,0.2,0.8,2,2,4,0,financial_services,ChannelId_3,2,19.2,2.8,8.0,2018.4,9,5,3050,0,1
CustomerId_3451,30800.0,4400.0,7,8480.566018845677,64394,9199.142857142857,11200,0.2857142857142857,0.7142857142857143,3,3,4,0,financial_services,ChannelId_3,2,17.571428571428573,4.428571428571429,3.4285714285714284,2018.857142857143,1,7,64394,2,0
CustomerId_3452,499238.0,3840.2923076923075,130,6555.222211296522,560312,4310.092307692307,35000,0.36153846153846153,0.6384615384615384,3,2,3,0,financial_services,ChannelId_3,2,10.2,17.2,8.6,2018.2923076923078,2,130,560312,2,0
CustomerId_3453,21945.0,593.1081081081081,37,768.8315009655086,23055,623.1081081081081,3000,0.43243243243243246,0.5675675675675675,2,2,3,0,financial_services,ChannelId_3,2,12.27027027027027,12.162162162162161,7.54054054054054,2018.4324324324325,3,37,23055,2,0
CustomerId_3454,334400.0,3888.3720930232557,86,5508.676548749387,465240,5409.767441860465,11100,0.19767441860465115,0.8023255813953488,2,2,4,0,airtime,ChannelId_3,2,8.325581395348838,14.604651162790697,8.13953488372093,2018.3372093023256,6,86,465240,2,0
CustomerId_3456,1000.0,1000.0,1,0.0,1000,1000.0,1000,0.0,1.0,1,1,1,0,financial_services,ChannelId_3,2,6.0,6.0,12.0,2018.0,70,1,1000,3,0
CustomerId_3457,18356.0,6118.666666666667,3,12022.905028874398,23444,7814.666666666667,21800,0.6666666666666666,0.3333333333333333,2,2,2,0,financial_services,ChannelId_2,2,8.0,3.0,12.0,2018.0,73,3,23444,3,0
CustomerId_3458,3000.0,1500.0,2,707.1067811865476,3000,1500.0,2000,0.0,1.0,1,1,1,0,airtime,ChannelId_3,2,17.0,23.0,11.0,2018.0,82,2,3000,3,0
CustomerId_3459,-3540.0,-354.0,10,3785.904265972809,19170,1917.0,11000,0.3,0.7,4,3,3,0,airtime,ChannelId_3,2,16.4,15.2,1.0,2019.0,21,10,19170,0,1
CustomerId_3461,2390.0,217.27272727272728,11,522.9309879724266,4610,419.09090909090907,1000,0.45454545454545453,0.5454545454545454,3,2,3,0,airtime,ChannelId_3,2,15.636363636363637,18.545454545454547,1.4545454545454546,2019.0,1,11,4610,0,1
CustomerId_3462,5940.0,848.5714285714286,7,1255.8586514337323,8060,1151.4285714285713,3000,0.2857142857142857,0.7142857142857143,2,2,3,0,financial_services,ChannelId_3,2,11.714285714285714,17.0,12.0,2018.0,58,7,8060,3,0
CustomerId_3463,346790.0,2964.017094017094,117,7323.557179289718,359210,3070.17094017094,50000,0.4358974358974359,0.5641025641025641,3,2,3,0,financial_services,ChannelId_3,2,10.786324786324787,5.282051282051282,11.153846153846153,2018.076923076923,24,117,359210,2,0
CustomerId_3464,111825.0,5591.25,20,6747.6276289093685,134975,6748.75,20000,0.35,0.65,2,2,4,0,financial_services,ChannelId_3,2,15.05,19.0,6.15,2018.5,16,20,134975,2,0
CustomerId_3465,20000.0,3333.3333333333335,6,6088.2400303098,32000,5333.333333333333,10000,0.3333333333333333,0.6666666666666666,2,2,3,0,airtime,ChannelId_3,2,13.0,11.0,1.0,2019.0,33,6,32000,2,0
CustomerId_3466,0.0,0.0,3,866.0254037844386,2000,666.6666666666666,1000,0.3333333333333333,0.6666666666666666,2,2,3,0,financial_services,ChannelId_3,2,15.0,5.0,1.0,2019.0,39,3,2000,0,1
CustomerId_3467,1073992.0,23866.48888888889,45,74476.08396587403,1131608,25146.844444444443,500000,0.37777777777777777,0.6222222222222222,4,2,3,1,airtime,ChannelId_3,2,11.488888888888889,13.911111111111111,6.2444444444444445,2018.5333333333333,8,45,1131608,2,1
CustomerId_3468,80000.0,3076.923076923077,26,7831.746047583908,182800,7030.7692307692305,20000,0.5384615384615384,0.46153846153846156,2,2,4,0,financial_services,ChannelId_2,2,12.115384615384615,22.615384615384617,11.192307692307692,2018.0,55,26,182800,3,0
CustomerId_347,6000.0,1000.0,6,0.0,6000,1000.0,1000,0.0,1.0,1,1,1,0,airtime,ChannelId_3,1,16.5,14.5,12.0,2018.0,59,6,6000,3,0
CustomerId_3470,6735.0,748.3333333333334,9,967.0961689511545,7265,807.2222222222222,2000,0.4444444444444444,0.5555555555555556,2,2,4,0,airtime,ChannelId_3,2,13.777777777777779,22.555555555555557,3.6666666666666665,2018.7777777777778,6,9,7265,0,1
CustomerId_3471,212200.0,8161.538461538462,26,10279.74034392219,232490,8941.923076923076,30000,0.3076923076923077,0.6923076923076923,3,2,5,0,financial_services,ChannelId_3,2,11.923076923076923,14.961538461538462,4.8076923076923075,2018.6538461538462,21,26,232490,2,0
CustomerId_3473,22000.0,4400.0,5,5116.150896914593,22000,4400.0,10000,0.0,1.0,1,1,2,0,financial_services,ChannelId_3,2,16.0,19.0,11.0,2018.0,86,5,22000,3,0
CustomerId_3474,40786.0,784.3461538461538,52,2579.772849740734,67714,1302.1923076923076,11200,0.25,0.75,3,2,3,0,airtime,ChannelId_3,2,13.865384615384615,17.557692307692307,7.173076923076923,2018.423076923077,1,52,67714,2,0
CustomerId_3475,85616.0,6115.428571428572,14,8794.617214867509,91384,6527.428571428572,28000,0.35714285714285715,0.6428571428571429,3,2,4,0,financial_services,ChannelId_3,2,18.142857142857142,16.714285714285715,1.0,2019.0,26,14,91384,2,0
CustomerId_3476,619068.2,34392.677777777775,18,54958.510481962185,665815,36989.72222222222,160000,0.3888888888888889,0.6111111111111112,4,2,3,0,financial_services,ChannelId_3,2,8.944444444444445,16.166666666666668,12.0,2018.0,59,18,665815,2,0
CustomerId_3477,194694.25,5562.692857142857,35,7235.215961370336,212766,6079.028571428571,17300,0.2,0.8,4,2,3,0,financial_services,ChannelId_3,2,16.857142857142858,13.4,4.428571428571429,2018.6571428571428,24,35,212766,2,0
CustomerId_3478,4410.0,735.0,6,838.0155129829042,4590,765.0,1500,0.5,0.5,2,2,2,0,airtime,ChannelId_2,2,13.0,26.0,1.0,2019.0,18,6,4590,0,1
CustomerId_3479,1960.0,490.0,4,1296.3024338479042,4040,1010.0,2000,0.5,0.5,3,2,3,0,financial_services,ChannelId_2,2,17.0,20.0,1.25,2019.0,6,4,4040,0,1
CustomerId_348,3900.0,780.0,5,860.6683449505972,4100,820.0,2000,0.4,0.6,2,2,3,0,financial_services,ChannelId_3,2,11.8,9.4,11.8,2018.0,69,5,4100,3,0
CustomerId_3482,39000.0,3545.4545454545455,11,5424.272050029135,51000,4636.363636363636,10000,0.18181818181818182,0.8181818181818182,2,2,3,0,airtime,ChannelId_3,2,15.818181818181818,17.272727272727273,11.454545454545455,2018.0,73,11,51000,3,0
CustomerId_3483,900.0,180.0,5,843.0599029724993,3100,620.0,1000,0.6,0.4,2,2,2,0,financial_services,ChannelId_2,2,3.4,29.0,12.0,2018.0,47,5,3100,0,1
CustomerId_3485,500.0,500.0,1,0.0,500,500.0,500,0.0,1.0,1,1,1,0,financial_services,ChannelId_3,2,14.0,22.0,1.0,2019.0,22,1,500,0,1
CustomerId_3486,3000.0,1500.0,2,707.1067811865476,3000,1500.0,2000,0.0,1.0,1,1,1,0,financial_services,ChannelId_3,2,23.0,17.0,1.0,2019.0,27,2,3000,0,1
CustomerId_3487,83705.0,760.9545454545455,110,929.7986107918884,89295,811.7727272727273,5000,0.35454545454545455,0.6454545454545455,2,2,3,0,financial_services,ChannelId_3,2,11.772727272727273,16.29090909090909,4.3545454545454545,2018.7,6,110,89295,2,0
CustomerId_3488,30000.0,30000.0,1,0.0,32900,32900.0,32900,0.0,1.0,1,1,1,0,utility_bill,ChannelId_3,1,20.0,9.0,1.0,2019.0,35,1,32900,2,0
CustomerId_3489,20000.0,4000.0,5,6745.368781616021,32000,6400.0,10000,0.4,0.6,2,2,3,0,financial_services,ChannelId_3,2,12.0,8.0,2.0,2019.0,5,5,32000,2,0
CustomerId_349,56725.0,1418.125,40,2124.46062159135,63275,1581.875,5000,0.35,0.65,2,2,3,0,airtime,ChannelId_3,2,11.85,14.05,7.425,2018.4,6,40,63275,2,0
CustomerId_3490,1000.0,1000.0,1,0.0,1000,1000.0,1000,0.0,1.0,1,1,1,0,financial_services,ChannelId_3,2,18.0,10.0,1.0,2019.0,34,1,1000,0,1
CustomerId_3491,48026.0,2183.0,22,3100.0181105461766,51504,2341.090909090909,11330,0.36363636363636365,0.6363636363636364,3,2,4,0,financial_services,ChannelId_3,2,13.909090909090908,16.681818181818183,3.090909090909091,2018.8181818181818,7,22,51504,2,0
CustomerId_3492,-11000.0,-2750.0,4,4924.428900898052,13000,3250.0,10000,0.75,0.25,1,2,2,0,airtime,ChannelId_5,4,7.0,10.5,1.0,2019.0,32,4,13000,0,1
CustomerId_3493,15900.0,2650.0,6,6097.04846626628,19750,3291.6666666666665,16650,0.5,0.5,3,2,3,0,financial_services,ChannelId_2,2,11.5,22.333333333333332,10.166666666666666,2018.1666666666667,22,6,19750,0,1
CustomerId_3494,13250.0,1892.857142857143,7,2918.5368154020507,16750,2392.8571428571427,5000,0.5714285714285714,0.42857142857142855,2,2,2,0,financial_services,ChannelId_2,2,17.857142857142858,12.0,6.0,2018.5714285714287,8,7,16750,0,1
CustomerId_3495,1000.0,500.0,2,0.0,1000,500.0,500,0.0,1.0,2,1,1,0,data_bundles,ChannelId_3,2,13.0,6.5,1.0,2019.0,38,2,1000,0,1
CustomerId_3496,99145.6,2542.194871794872,39,8425.157180290738,114455,2934.74358974359,50000,0.4358974358974359,0.5641025641025641,4,2,3,0,financial_services,ChannelId_3,2,13.487179487179487,7.0256410256410255,2.0,2019.0,1,39,114455,2,0
CustomerId_3497,228715.0,3943.362068965517,58,11740.981137008466,237085,4087.6724137931033,50000,0.3103448275862069,0.6896551724137931,2,2,3,0,financial_services,ChannelId_3,2,14.344827586206897,23.344827586206897,10.672413793103448,2018.1206896551723,42,58,237085,2,0
CustomerId_3498,643971.0,71552.33333333333,9,62347.399697180634,652729,72525.44444444444,200000,0.2222222222222222,0.7777777777777778,2,2,4,0,financial_services,ChannelId_3,2,12.333333333333334,10.666666666666666,1.6666666666666667,2019.0,7,9,652729,2,0
CustomerId_350,70000.0,3888.8888888888887,18,7028.420363812734,132000,7333.333333333333,10000,0.3888888888888889,0.6111111111111112,2,2,4,0,airtime,ChannelId_3,2,10.11111111111111,14.11111111111111,1.4444444444444444,2019.0,1,18,132000,2,0
CustomerId_3500,1900.0,475.0,4,1304.7988350699889,4100,1025.0,2000,0.5,0.5,2,2,2,0,airtime,ChannelId_2,2,13.0,21.5,11.75,2018.0,53,4,4100,3,0
CustomerId_3501,708936.0,2395.054054054054,296,9114.993850725472,728064,2459.675675675676,50000,0.47297297297297297,0.527027027027027,2,2,4,0,financial_services,ChannelId_3,2,13.131756756756756,27.324324324324323,12.0,2018.0,46,296,728064,2,0
CustomerId_3503,-510.0,-170.0,3,762.6925986267338,1510,503.3333333333333,1000,0.6666666666666666,0.3333333333333333,2,2,2,0,financial_services,ChannelId_2,2,10.0,28.0,1.0,2019.0,16,3,1510,0,1
CustomerId_3504,87850.0,2440.277777777778,36,2803.946694124563,93150,2587.5,10000,0.3611111111111111,0.6388888888888888,2,2,3,0,airtime,ChannelId_3,2,14.666666666666666,18.5,8.555555555555555,2018.2777777777778,31,36,93150,2,0
CustomerId_3505,1500.0,1500.0,1,0.0,1500,1500.0,1500,0.0,1.0,1,1,1,0,financial_services,ChannelId_3,2,8.0,11.0,2.0,2019.0,3,1,1500,0,1
CustomerId_3506,28135.0,1655.0,17,1955.9812115662053,29555,1738.5294117647059,5000,0.4117647058823529,0.5882352941176471,3,2,3,0,financial_services,ChannelId_3,2,9.882352941176471,21.58823529411765,1.1176470588235294,2019.0,5,17,29555,2,0
CustomerId_3507,6350.0,577.2727272727273,11,780.3696676459293,6650,604.5454545454545,2000,0.45454545454545453,0.5454545454545454,2,2,2,0,airtime,ChannelId_3,4,11.272727272727273,10.636363636363637,9.363636363636363,2018.1818181818182,41,11,6650,0,1
CustomerId_3508,28900.0,2064.285714285714,14,2025.7143632108357,31100,2221.4285714285716,5000,0.2857142857142857,0.7142857142857143,2,2,3,0,financial_services,ChannelId_3,2,9.785714285714286,22.357142857142858,11.0,2018.0,76,14,31100,3,0
CustomerId_3509,32753.15,779.8369047619047,42,2459.921034600638,64838,1543.7619047619048,11000,0.42857142857142855,0.5714285714285714,3,3,3,0,financial_services,ChannelId_3,2,9.761904761904763,13.666666666666666,8.928571428571429,2018.2857142857142,10,42,64838,2,0
CustomerId_351,550.0,275.0,2,14531.044353383551,20550,10275.0,10550,0.5,0.5,2,2,2,0,airtime,ChannelId_3,2,7.5,5.5,1.0,2019.0,34,2,20550,0,1
CustomerId_3510,14860.0,7430.0,2,3436.538956566621,14860,7430.0,9860,0.0,1.0,1,1,1,0,financial_services,ChannelId_3,2,8.5,26.0,1.0,2019.0,19,2,14860,0,1
CustomerId_3511,107890.0,2295.531914893617,47,4548.9029152813255,168900,3593.6170212765956,14000,0.3829787234042553,0.6170212765957447,4,2,3,0,financial_services,ChannelId_3,2,11.76595744680851,18.851063829787233,9.042553191489361,2018.276595744681,3,47,168900,2,0
CustomerId_3512,-20.0,-6.666666666666667,3,1000.0666644445926,2020,673.3333333333334,1000,0.6666666666666666,0.3333333333333333,2,2,2,0,financial_services,ChannelId_2,2,14.0,10.0,12.0,2018.0,65,3,2020,3,0
CustomerId_3513,3870.0,645.0,6,1029.208433700385,5910,985.0,2000,0.3333333333333333,0.6666666666666666,2,2,3,0,airtime,ChannelId_3,2,9.0,9.5,1.0,2019.0,34,6,5910,0,1
CustomerId_3515,216246.9,2514.498837209302,86,5367.588912340529,362076,4210.186046511628,20000,0.32558139534883723,0.6744186046511628,3,3,4,0,financial_services,ChannelId_3,2,11.05813953488372,13.988372093023257,6.558139534883721,2018.5,2,86,362076,2,0
CustomerId_3516,980.0,490.0,2,721.2489168102785,1020,510.0,1000,0.5,0.5,2,2,2,0,data_bundles,ChannelId_2,2,10.0,28.0,11.0,2018.0,77,2,1020,3,0
CustomerId_3517,70650.0,3364.285714285714,21,5881.6346124428455,73350,3492.8571428571427,25000,0.19047619047619047,0.8095238095238095,3,2,3,0,airtime,ChannelId_3,2,13.047619047619047,9.619047619047619,3.619047619047619,2018.7619047619048,31,21,73350,2,0
CustomerId_3519,19995.0,833.125,24,1060.3340454986242,22805,950.2083333333334,3200,0.3333333333333333,0.6666666666666666,2,2,4,0,financial_services,ChannelId_3,2,12.375,12.458333333333334,11.666666666666666,2018.0,60,24,22805,3,0
CustomerId_352,190334.0,3884.3673469387754,49,7051.483268001957,362884,7405.7959183673465,11000,0.40816326530612246,0.5918367346938775,3,2,5,0,airtime,ChannelId_3,2,7.346938775510204,15.53061224489796,6.653061224489796,2018.4897959183672,2,49,362884,2,0
CustomerId_3520,1000.0,1000.0,1,0.0,1000,1000.0,1000,0.0,1.0,1,1,1,0,financial_services,ChannelId_3,2,13.0,28.0,1.0,2019.0,16,1,1000,0,1
CustomerId_3521,23170.0,772.3333333333334,30,850.9738167426829,26030,867.6666666666666,3000,0.3,0.7,3,2,4,0,financial_services,ChannelId_3,2,10.833333333333334,13.933333333333334,12.0,2018.0,51,30,26030,3,0
CustomerId_3522,-20.0,-6.666666666666667,3,1000.0666644445926,2020,673.3333333333334,1000,0.6666666666666666,0.3333333333333333,2,2,2,0,financial_services,ChannelId_2,2,5.0,4.0,12.0,2018.0,72,3,2020,3,0
CustomerId_3523,1000.0,1000.0,1,0.0,1000,1000.0,1000,0.0,1.0,1,1,1,0,airtime,ChannelId_3,2,1.0,16.0,11.0,2018.0,90,1,1000,3,0
CustomerId_3524,31150.0,707.9545454545455,44,1015.5158605369561,35850,814.7727272727273,5000,0.4318181818181818,0.5681818181818182,2,2,3,0,airtime,ChannelId_3,4,17.636363636363637,12.113636363636363,5.068181818181818,2018.659090909091,1,44,35850,2,0
CustomerId_3525,214630.0,1899.3805309734514,113,4450.319367188687,270370,2392.6548672566373,25000,0.35398230088495575,0.6460176991150443,3,2,4,0,airtime,ChannelId_3,2,14.079646017699115,9.575221238938052,1.831858407079646,2019.0,2,113,270370,2,0
CustomerId_3526,22350.0,2235.0,10,3385.6765284881476,25650,2565.0,10000,0.5,0.5,2,2,3,0,financial_services,ChannelId_2,2,12.0,24.8,1.0,2019.0,16,10,25650,2,0
CustomerId_3527,4500.0,4500.0,1,0.0,5235,5235.0,5235,0.0,1.0,1,1,1,0,utility_bill,ChannelId_3,2,18.0,15.0,12.0,2018.0,60,1,5235,3,0
CustomerId_3528,110000.0,55000.0,2,63639.61030678928,110000,55000.0,100000,0.0,1.0,1,1,1,0,financial_services,ChannelId_3,2,12.5,15.0,12.0,2018.0,60,2,110000,3,0
CustomerId_3530,371667.5,3021.6869918699185,123,4176.055605432651,430433,3499.4552845528456,11000,0.3170731707317073,0.6829268292682927,4,2,4,0,airtime,ChannelId_3,4,13.05691056910569,18.024390243902438,8.268292682926829,2018.3170731707316,1,123,430433,2,0
CustomerId_3533,1000.0,1000.0,1,0.0,1000,1000.0,1000,0.0,1.0,1,1,1,0,financial_services,ChannelId_3,2,16.0,8.0,12.0,2018.0,67,1,1000,3,0
CustomerId_3534,58200.0,14550.0,4,38503.80933535451,104200,26050.0,70000,0.5,0.5,2,2,3,0,airtime,ChannelId_3,2,10.0,19.5,11.75,2018.0,52,4,104200,3,0
CustomerId_3535,265434.0,2708.5102040816328,98,6526.163945236205,314266,3206.795918367347,50000,0.3877551020408163,0.6122448979591837,3,2,4,0,financial_services,ChannelId_3,2,13.306122448979592,20.20408163265306,8.214285714285714,2018.357142857143,1,98,314266,2,0
CustomerId_3536,20000.0,3333.3333333333335,6,7814.516406449389,42000,7000.0,11000,0.5,0.5,2,2,3,0,airtime,ChannelId_2,2,15.0,11.0,1.0,2019.0,33,6,42000,2,0
CustomerId_3537,80000.0,80000.0,1,0.0,80000,80000.0,80000,0.0,1.0,1,1,1,0,ticket,ChannelId_3,4,8.0,13.0,12.0,2018.0,63,1,80000,3,0
CustomerId_3540,270000.0,24545.454545454544,11,26313.9264890804,285585,25962.272727272728,60000,0.0,1.0,3,1,2,0,utility_bill,ChannelId_3,2,14.181818181818182,26.09090909090909,8.0,2018.3636363636363,26,11,285585,2,0
CustomerId_3541,17550.0,1253.5714285714287,14,1799.087833588742,20450,1460.7142857142858,5000,0.35714285714285715,0.6428571428571429,2,2,3,0,financial_services,ChannelId_3,2,17.714285714285715,19.428571428571427,6.714285714285714,2018.5,12,14,20450,2,0
CustomerId_3542,317000.0,63400.0,5,67696.38099632801,327000,65400.0,160000,0.2,0.8,3,2,3,0,ticket,ChannelId_3,2,8.2,16.0,12.0,2018.0,56,5,327000,3,0
CustomerId_3543,277626.0,1983.0428571428572,140,3582.0280113936915,333892,2384.942857142857,12530,0.24285714285714285,0.7571428571428571,3,2,4,0,airtime,ChannelId_3,2,12.792857142857143,23.085714285714285,7.7214285714285715,2018.392857142857,10,140,333892,2,0
CustomerId_3545,6800.0,1133.3333333333333,6,1965.6211910402947,9200,1533.3333333333333,4000,0.5,0.5,2,2,3,0,financial_services,ChannelId_2,2,17.666666666666668,14.666666666666666,12.0,2018.0,59,6,9200,3,0
CustomerId_3547,10000.0,5000.0,2,0.0,10000,5000.0,5000,0.0,1.0,1,1,2,0,financial_services,ChannelId_1,2,10.0,8.0,2.0,2019.0,5,2,10000,0,1
CustomerId_3548,6000.0,1500.0,4,4041.4518843273804,18000,4500.0,7000,0.5,0.5,2,2,2,0,financial_services,ChannelId_2,2,11.5,20.5,1.0,2019.0,23,4,18000,0,1
CustomerId_3549,389432.92,7947.610612244897,49,17599.990748468736,412676,8421.959183673469,100000,0.42857142857142855,0.5714285714285714,2,2,3,0,financial_services,ChannelId_3,2,9.448979591836734,16.122448979591837,7.6938775510204085,2018.3877551020407,1,49,412676,2,0
CustomerId_355,39000.0,5571.428571428572,7,6241.184258807054,51000,7285.714285714285,10000,0.2857142857142857,0.7142857142857143,2,2,3,0,financial_services,ChannelId_3,2,20.571428571428573,28.0,12.0,2018.0,47,7,51000,3,0
CustomerId_3550,37900.0,3790.0,10,8668.990714033554,40100,4010.0,28000,0.4,0.6,4,2,3,0,financial_services,ChannelId_3,2,15.9,21.9,1.0,2019.0,14,10,40100,2,0
CustomerId_3551,451634.0,2971.2763157894738,152,5145.392360710746,633196,4165.763157894737,28840,0.375,0.625,4,2,3,0,airtime,ChannelId_3,2,14.342105263157896,17.18421052631579,6.171052631578948,2018.5263157894738,3,152,633196,2,0
CustomerId_3554,10000.0,10000.0,1,0.0,10000,10000.0,10000,0.0,1.0,1,1,1,0,financial_services,ChannelId_3,2,7.0,7.0,1.0,2019.0,38,1,10000,0,1
CustomerId_3555,287806.0,2302.448,125,6158.725574410927,357734,2861.872,50000,0.344,0.656,6,2,4,0,airtime,ChannelId_3,2,13.368,14.264,5.976,2018.56,1,125,357734,2,0
CustomerId_3556,118950.0,3717.1875,32,6630.122601102121,152850,4776.5625,30000,0.34375,0.65625,2,2,4,0,airtime,ChannelId_3,2,9.59375,16.03125,12.0,2018.0,54,32,152850,3,0
CustomerId_3557,39000.0,2294.1176470588234,17,3518.073085553243,71000,4176.470588235294,14000,0.17647058823529413,0.8235294117647058,3,2,3,0,airtime,ChannelId_3,2,12.647058823529411,13.882352941176471,12.0,2018.0,50,17,71000,3,0
CustomerId_3558,46000.0,2000.0,23,2796.444069138194,48501,2108.7391304347825,10000,0.43478260869565216,0.5652173913043478,3,2,3,0,financial_services,ChannelId_3,2,11.521739130434783,18.391304347826086,10.173913043478262,2018.1304347826087,5,23,48501,2,0
CustomerId_3559,20000.0,4000.0,5,6745.368781616021,32000,6400.0,10000,0.4,0.6,2,2,3,0,financial_services,ChannelId_3,2,13.0,25.0,1.0,2019.0,19,5,32000,2,0
CustomerId_356,30850.0,1542.5,20,2076.4161305885727,34370,1718.5,7000,0.35,0.65,2,2,4,0,financial_services,ChannelId_3,2,13.9,21.0,9.25,2018.25,30,20,34370,2,0
CustomerId_3561,25665.0,1069.375,24,1251.8241581093118,27335,1138.9583333333333,3500,0.3333333333333333,0.6666666666666666,2,2,3,0,airtime,ChannelId_3,2,17.791666666666668,19.833333333333332,5.25,2018.625,3,24,27335,2,0
CustomerId_3562,1850.0,264.2857142857143,7,411.76883251233505,2150,307.14285714285717,1000,0.5714285714285714,0.42857142857142855,2,2,2,0,financial_services,ChannelId_2,2,17.428571428571427,20.0,6.714285714285714,2018.4285714285713,26,7,2150,0,1
CustomerId_3564,13000.0,3250.0,4,7889.86691902975,35000,8750.0,14000,0.5,0.5,2,2,2,0,financial_services,ChannelId_2,2,10.5,9.0,12.0,2018.0,61,4,35000,3,0
CustomerId_3566,500.0,500.0,1,0.0,500,500.0,500,0.0,1.0,1,1,1,0,financial_services,ChannelId_3,2,18.0,12.0,1.0,2019.0,32,1,500,0,1
CustomerId_3567,10000.0,10000.0,1,0.0,10000,10000.0,10000,0.0,1.0,1,1,1,0,financial_services,ChannelId_3,2,12.0,19.0,1.0,2019.0,25,1,10000,0,1
CustomerId_3569,2970.0,424.2857142857143,7,840.6715003070888,5030,718.5714285714286,1500,0.42857142857142855,0.5714285714285714,3,2,3,0,financial_services,ChannelId_3,2,12.428571428571429,19.857142857142858,1.4285714285714286,2019.0,3,7,5030,0,1
CustomerId_357,19000.0,3166.6666666666665,6,6104.643041707408,31000,5166.666666666667,10000,0.3333333333333333,0.6666666666666666,2,2,3,0,airtime,ChannelId_3,2,10.0,28.0,12.0,2018.0,47,6,31000,3,0
CustomerId_3570,20500.0,10250.0,2,13788.582233137677,20500,10250.0,20000,0.0,1.0,1,1,1,0,financial_services,ChannelId_3,2,23.0,29.0,12.0,2018.0,46,2,20500,3,0
CustomerId_3571,7430.0,743.0,10,1300.9487990608154,9570,957.0,3000,0.4,0.6,3,2,3,0,financial_services,ChannelId_3,2,8.0,23.5,1.0,2019.0,20,10,9570,0,1
CustomerId_3572,-10.0,-2.5,4,707.1244586351119,2010,502.5,1000,0.5,0.5,2,2,3,0,financial_services,ChannelId_2,2,5.0,23.0,11.0,2018.0,83,4,2010,3,0
CustomerId_3573,9000.0,4500.0,2,7778.174593052023,12200,6100.0,11200,0.5,0.5,2,2,2,0,financial_services,ChannelId_2,2,14.0,4.0,1.0,2019.0,40,2,12200,0,1
CustomerId_3574,1000.0,1000.0,1,0.0,1000,1000.0,1000,0.0,1.0,1,1,1,0,airtime,ChannelId_3,2,8.0,27.0,12.0,2018.0,49,1,1000,0,1
CustomerId_3575,1189000.0,47560.0,25,83004.05612579022,1261000,50440.0,400000,0.32,0.68,3,2,3,0,financial_services,ChannelId_3,2,12.0,13.8,12.0,2018.0,51,25,1261000,2,0
CustomerId_3577,1000.0,1000.0,1,0.0,1000,1000.0,1000,0.0,1.0,1,1,1,0,airtime,ChannelId_3,4,9.0,29.0,1.0,2019.0,16,1,1000,0,1
CustomerId_3578,6600.0,1320.0,5,2493.453929792969,9400,1880.0,4500,0.6,0.4,2,2,2,0,financial_services,ChannelId_2,2,10.0,25.8,11.4,2018.0,49,5,9400,3,0
CustomerId_3579,7700.0,2566.6666666666665,3,2990.5406423142513,8974,2991.3333333333335,6874,0.3333333333333333,0.6666666666666666,3,2,2,0,airtime,ChannelId_3,2,14.666666666666666,28.666666666666668,4.333333333333333,2018.6666666666667,15,3,8974,0,1
CustomerId_3581,2650000.0,88333.33333333333,30,130068.77049265619,2722000,90733.33333333333,480000,0.26666666666666666,0.7333333333333333,3,2,3,0,ticket,ChannelId_3,2,13.5,15.266666666666667,11.266666666666667,2018.0666666666666,32,30,2722000,2,0
CustomerId_3582,66665.0,966.1594202898551,69,1352.4167216199694,70335,1019.3478260869565,6000,0.4057971014492754,0.5942028985507246,3,2,4,0,financial_services,ChannelId_3,2,14.594202898550725,20.579710144927535,1.1884057971014492,2019.0,1,69,70335,2,0
CustomerId_3583,19000.0,3800.0,5,6685.805860178712,31000,6200.0,10000,0.4,0.6,2,2,3,0,financial_services,ChannelId_3,2,12.0,28.0,12.0,2018.0,47,5,31000,3,0
CustomerId_3589,1000.0,1000.0,1,0.0,1000,1000.0,1000,0.0,1.0,1,1,1,0,airtime,ChannelId_3,4,10.0,16.0,12.0,2018.0,59,1,1000,3,0
CustomerId_359,24000.0,2400.0,10,4087.9225911349045,36000,3600.0,10000,0.2,0.8,2,2,3,0,airtime,ChannelId_3,2,19.9,14.0,12.0,2018.0,61,10,36000,3,0
CustomerId_3590,464308.2,7611.609836065574,61,20575.271165630722,485356,7956.6557377049185,100000,0.3770491803278688,0.6229508196721312,6,3,5,0,airtime,ChannelId_3,2,12.459016393442623,14.655737704918034,7.983606557377049,2018.360655737705,1,61,485356,2,0
CustomerId_3592,4000.0,2000.0,2,0.0,4000,2000.0,2000,0.0,1.0,1,1,1,0,financial_services,ChannelId_3,2,10.0,20.0,1.0,2019.0,24,2,4000,0,1
CustomerId_3593,26000.0,13000.0,2,0.0,29180,14590.0,14590,0.0,1.0,1,1,1,0,utility_bill,ChannelId_3,2,18.5,25.0,11.0,2018.0,80,2,29180,3,0
CustomerId_3595,17770.0,772.6086956521739,23,3939.925815396787,69770,3033.478260869565,11200,0.43478260869565216,0.5652173913043478,4,3,5,0,financial_services,ChannelId_3,2,12.869565217391305,12.826086956521738,1.565217391304348,2019.0,1,23,69770,2,0
CustomerId_3597,66520.0,2558.4615384615386,26,3325.9172476869503,69802,2684.6923076923076,10000,0.34615384615384615,0.6538461538461539,4,2,3,0,financial_services,ChannelId_3,2,13.692307692307692,19.23076923076923,6.615384615384615,2018.5,4,26,69802,2,0
CustomerId_3599,31080.0,2072.0,15,1810.3204136284826,31920,2128.0,3500,0.4,0.6,2,2,2,0,tv,ChannelId_3,2,10.266666666666667,17.866666666666667,7.8,2018.4,9,15,31920,2,0
CustomerId_3600,354772.0,4794.216216216216,74,6697.207666479563,560372,7572.594594594595,11200,0.33783783783783783,0.6621621621621622,3,2,5,0,airtime,ChannelId_3,2,7.797297297297297,15.54054054054054,5.905405405405405,2018.5675675675675,2,74,560372,2,0
CustomerId_3601,80000.0,8888.888888888889,9,10373.577546396957,102000,11333.333333333334,20000,0.3333333333333333,0.6666666666666666,2,2,4,0,financial_services,ChannelId_3,2,8.0,8.0,2.0,2019.0,6,9,102000,2,0
CustomerId_3602,269841.34,1237.8043119266056,218,2502.7460410494496,276902,1270.1926605504586,13000,0.3853211009174312,0.6146788990825688,2,2,3,0,financial_services,ChannelId_3,2,13.325688073394495,17.073394495412845,1.2568807339449541,2018.9954128440368,1,218,276902,2,0
CustomerId_3605,273650.0,3648.6666666666665,75,5472.628286331929,388350,5178.0,15000,0.38666666666666666,0.6133333333333333,2,2,3,0,airtime,ChannelId_3,2,11.72,15.0,5.266666666666667,2018.6133333333332,1,75,388350,2,0
CustomerId_3608,29148.4,1534.1263157894737,19,2155.014254359174,31572,1661.6842105263158,5500,0.42105263157894735,0.5789473684210527,4,2,3,0,financial_services,ChannelId_3,2,12.210526315789474,24.210526315789473,11.263157894736842,2018.0,57,19,31572,3,0
CustomerId_3609,11207.2,933.9333333333334,12,1578.3446963848107,15053,1254.4166666666667,5000,0.4166666666666667,0.5833333333333334,4,2,3,0,financial_services,ChannelId_3,2,12.833333333333334,22.666666666666668,12.0,2018.0,47,12,15053,3,0
CustomerId_361,19000.0,3800.0,5,6685.805860178712,31000,6200.0,10000,0.4,0.6,2,2,3,0,financial_services,ChannelId_3,2,12.0,28.0,12.0,2018.0,47,5,31000,3,0
CustomerId_3610,74840.0,2414.1935483870966,31,6410.139766647604,76020,2452.2580645161293,36000,0.2903225806451613,0.7096774193548387,3,2,3,0,airtime,ChannelId_3,2,10.870967741935484,4.129032258064516,1.3548387096774193,2018.967741935484,29,31,76020,2,0
CustomerId_3611,40963.0,1412.5172413793102,29,4209.498889592184,72937,2515.0689655172414,14000,0.3448275862068966,0.6551724137931034,4,3,3,0,airtime,ChannelId_3,2,11.96551724137931,19.24137931034483,7.551724137931035,2018.344827586207,20,29,72937,2,0
CustomerId_3613,364103.15,1542.8099576271188,236,1997.375715409299,383922,1626.7881355932204,8110,0.3432203389830508,0.6567796610169492,4,2,4,0,financial_services,ChannelId_3,2,13.61864406779661,16.96186440677966,4.720338983050848,2018.6694915254238,1,236,383922,2,0
CustomerId_3614,-10.0,-2.5,4,707.1244586351119,2010,502.5,1000,0.5,0.5,2,2,3,0,financial_services,ChannelId_2,2,4.0,10.25,2.0,2019.0,2,4,2010,0,1
CustomerId_3615,9780.0,3260.0,3,6714.372643814164,12220,4073.3333333333335,11000,0.6666666666666666,0.3333333333333333,2,2,2,0,financial_services,ChannelId_2,2,14.0,24.0,12.0,2018.0,51,3,12220,3,0
CustomerId_3616,1000.0,1000.0,1,0.0,1000,1000.0,1000,0.0,1.0,1,1,1,0,airtime,ChannelId_3,1,5.0,8.0,2.0,2019.0,6,1,1000,0,1
CustomerId_3617,89458.0,7454.833333333333,12,9691.00653214415,92712,7726.0,28000,0.25,0.75,4,2,3,0,financial_services,ChannelId_3,2,12.75,16.5,11.333333333333334,2018.0,72,12,92712,3,0
CustomerId_362,28000.0,3500.0,8,3927.9220242478627,46000,5750.0,14000,0.25,0.75,2,2,2,0,movies,ChannelId_3,2,11.875,21.625,12.0,2018.0,49,8,46000,3,0
CustomerId_3621,40000.0,4000.0,10,6164.414002968976,62000,6200.0,10000,0.3,0.7,2,2,3,0,airtime,ChannelId_3,2,9.8,15.4,1.4,2019.0,12,10,62000,2,0
CustomerId_3622,9000.0,3000.0,3,1732.0508075688772,9000,3000.0,5000,0.0,1.0,2,1,1,0,airtime,ChannelId_3,4,11.333333333333334,1.0,2.0,2019.0,12,3,9000,0,1
CustomerId_3623,-510.0,-170.0,3,762.6925986267338,1510,503.3333333333333,1000,0.6666666666666666,0.3333333333333333,2,2,2,0,financial_services,ChannelId_2,2,13.0,5.0,2.0,2019.0,8,3,1510,0,1
CustomerId_3624,20000.0,4000.0,5,6745.368781616021,32000,6400.0,10000,0.4,0.6,2,2,3,0,financial_services,ChannelId_1,2,19.0,11.0,1.0,2019.0,33,5,32000,2,0
CustomerId_3625,40000.0,5000.0,8,7704.358692139331,54000,6750.0,17000,0.5,0.5,2,2,3,0,airtime,ChannelId_2,2,16.75,11.625,1.0,2019.0,30,8,54000,2,0
CustomerId_3626,50000.0,3571.4285714285716,14,8741.715073003834,112000,8000.0,20000,0.5,0.5,2,2,4,0,airtime,ChannelId_2,2,16.357142857142858,13.714285714285714,1.5714285714285714,2019.0,1,14,112000,2,0
CustomerId_3627,1500.0,1500.0,1,0.0,1500,1500.0,1500,0.0,1.0,1,1,1,0,financial_services,ChannelId_3,2,18.0,28.0,12.0,2018.0,47,1,1500,0,1
CustomerId_3628,19000.0,1117.6470588235295,17,1005.5814823509127,21200,1247.0588235294117,3000,0.23529411764705882,0.7647058823529411,2,2,4,0,financial_services,ChannelId_3,2,16.0,21.470588235294116,9.411764705882353,2018.235294117647,28,17,21200,0,1
CustomerId_3629,22000.0,11000.0,2,12727.922061357855,22000,11000.0,20000,0.0,1.0,1,1,1,0,financial_services,ChannelId_3,2,15.0,19.0,12.0,2018.0,56,2,22000,3,0
CustomerId_3630,22000.0,11000.0,2,0.0,22000,11000.0,11000,0.0,1.0,2,1,1,0,financial_services,ChannelId_3,2,14.0,9.0,12.0,2018.0,66,2,22000,3,0
CustomerId_3631,20000.0,4000.0,5,6745.368781616021,32000,6400.0,10000,0.4,0.6,2,2,3,0,financial_services,ChannelId_3,2,13.0,25.0,1.0,2019.0,19,5,32000,2,0
CustomerId_3632,6865.0,326.9047619047619,21,1004.8463019169601,17215,819.7619047619048,2000,0.47619047619047616,0.5238095238095238,2,3,3,0,financial_services,ChannelId_3,2,16.80952380952381,10.952380952380953,1.7619047619047619,2019.0,4,21,17215,2,0
CustomerId_3633,500.0,500.0,1,0.0,500,500.0,500,0.0,1.0,1,1,1,0,airtime,ChannelId_3,2,22.0,5.0,1.0,2019.0,39,1,500,0,1
CustomerId_3634,2628793.0,1260.8119904076739,2085,5388.206927594541,2726207,1307.5333333333333,97650,0.47002398081534774,0.5299760191846523,2,2,4,0,airtime,ChannelId_3,2,14.067625899280575,18.68537170263789,11.978896882494006,2018.0019184652278,34,2085,2726207,1,0
CustomerId_3635,349801.96,6360.0356363636365,55,8861.137664952501,511604,9301.89090909091,20000,0.36363636363636365,0.6363636363636364,2,2,4,0,financial_services,ChannelId_3,2,13.709090909090909,13.89090909090909,6.254545454545455,2018.5272727272727,1,55,511604,2,0
CustomerId_3636,339700.0,6660.78431372549,51,9004.889303736554,492100,9649.019607843138,20000,0.35294117647058826,0.6470588235294118,2,2,4,0,financial_services,ChannelId_3,2,10.666666666666666,15.92156862745098,7.9411764705882355,2018.3529411764705,5,51,492100,2,0
CustomerId_3637,9750.0,696.4285714285714,14,633.8115121761618,10250,732.1428571428571,2000,0.35714285714285715,0.6428571428571429,2,2,2,0,airtime,ChannelId_3,4,9.785714285714286,17.571428571428573,1.3571428571428572,2019.0,10,14,10250,0,1
CustomerId_3638,780466.16,2309.0714792899407,338,3696.508363264668,905015,2677.559171597633,21000,0.33136094674556216,0.6686390532544378,4,2,4,0,financial_services,ChannelId_3,2,13.538461538461538,14.02662721893491,6.893491124260355,2018.473372781065,1,338,905015,2,0
CustomerId_3639,2000.0,2000.0,1,0.0,2000,2000.0,2000,0.0,1.0,1,1,1,0,financial_services,ChannelId_3,2,1.0,7.0,1.0,2019.0,38,1,2000,0,1
CustomerId_3641,40000.0,4444.444444444444,9,6463.573143221772,62000,6888.888888888889,10000,0.3333333333333333,0.6666666666666666,2,2,3,0,financial_services,ChannelId_3,2,11.777777777777779,26.666666666666668,7.111111111111111,2018.4444444444443,20,9,62000,2,0
CustomerId_3642,100000.0,10000.0,10,11566.61863582727,120400,12040.0,30000,0.3,0.7,2,2,3,0,airtime,ChannelId_3,2,18.5,18.1,5.4,2018.6,19,10,120400,2,0
CustomerId_3643,20000.0,4000.0,5,6745.368781616021,32000,6400.0,10000,0.4,0.6,2,2,3,0,financial_services,ChannelId_3,2,19.0,25.0,1.0,2019.0,19,5,32000,2,0
CustomerId_3645,180075.0,16370.454545454546,11,37031.69032764677,196926,17902.363636363636,124850,0.36363636363636365,0.6363636363636364,3,2,4,0,financial_services,ChannelId_3,2,12.090909090909092,20.09090909090909,1.0909090909090908,2019.0,5,11,196926,2,0
CustomerId_3646,74000.0,24666.666666666668,3,47961.7903474561,86000,28666.666666666668,80000,0.6666666666666666,0.3333333333333333,2,2,2,0,financial_services,ChannelId_2,2,11.0,14.0,12.0,2018.0,61,3,86000,3,0
CustomerId_3647,490.0,245.0,2,360.62445840513925,510,255.0,500,0.5,0.5,2,2,2,0,airtime,ChannelId_2,2,15.0,15.0,11.0,2018.0,90,2,510,3,0
CustomerId_3648,157720.0,9277.64705882353,17,17182.499192278377,200680,11804.70588235294,53500,0.5882352941176471,0.4117647058823529,3,2,3,0,financial_services,ChannelId_2,2,13.411764705882353,15.764705882352942,6.529411764705882,2018.4705882352941,7,17,200680,2,0
CustomerId_3649,10000.0,10000.0,1,0.0,10000,10000.0,10000,0.0,1.0,1,1,1,0,financial_services,ChannelId_3,2,11.0,30.0,1.0,2019.0,14,1,10000,0,1
CustomerId_3650,51740.0,1175.909090909091,44,2147.032910116828,58260,1324.090909090909,7000,0.4772727272727273,0.5227272727272727,2,2,2,0,airtime,ChannelId_3,2,11.227272727272727,16.954545454545453,8.636363636363637,2018.3181818181818,2,44,58260,2,0
CustomerId_3651,28654.0,1591.888888888889,18,1951.7643869643236,32036,1779.7777777777778,5000,0.4444444444444444,0.5555555555555556,3,2,3,0,financial_services,ChannelId_3,2,9.88888888888889,15.222222222222221,6.333333333333333,2018.5,7,18,32036,2,0
CustomerId_3653,100000.0,100000.0,1,0.0,100000,100000.0,100000,0.0,1.0,1,1,1,0,airtime,ChannelId_3,4,21.0,5.0,1.0,2019.0,39,1,100000,2,0
CustomerId_3654,60000.0,4285.714285714285,14,6169.759644097497,92000,6571.428571428572,10000,0.2857142857142857,0.7142857142857143,2,2,3,0,airtime,ChannelId_3,2,10.285714285714286,7.285714285714286,1.5714285714285714,2019.0,6,14,92000,2,0
CustomerId_3655,78250.0,2898.1481481481483,27,3822.5917879376,91550,3390.740740740741,10000,0.3333333333333333,0.6666666666666666,2,2,3,0,airtime,ChannelId_3,2,15.148148148148149,19.77777777777778,6.7407407407407405,2018.4814814814815,12,27,91550,2,0
CustomerId_3656,121965.0,1967.1774193548388,62,5099.360324796111,200907,3240.435483870968,21800,0.45161290322580644,0.5483870967741935,5,3,4,0,financial_services,ChannelId_3,2,11.096774193548388,15.451612903225806,1.403225806451613,2019.0,2,62,200907,2,0
CustomerId_3658,142727.0,3036.744680851064,47,9445.832795167642,295810,6293.829787234043,50000,0.3404255319148936,0.6595744680851063,4,3,3,0,financial_services,ChannelId_3,2,15.340425531914894,11.787234042553191,11.914893617021276,2018.0,56,47,295810,3,0
CustomerId_3659,19000.0,3166.6666666666665,6,7626.707459098367,41000,6833.333333333333,10000,0.5,0.5,2,2,3,0,airtime,ChannelId_2,2,12.0,28.0,12.0,2018.0,47,6,41000,3,0
CustomerId_366,6000.0,750.0,8,1306.8500843085035,8400,1050.0,3000,0.5,0.5,2,2,3,0,financial_services,ChannelId_2,2,15.5,16.375,1.0,2019.0,19,8,8400,0,1
CustomerId_3660,500.0,500.0,1,0.0,500,500.0,500,0.0,1.0,1,1,1,0,financial_services,ChannelId_3,2,19.0,1.0,1.0,2019.0,43,1,500,0,1
CustomerId_3663,169800.0,15436.363636363636,11,10479.148126376755,192410,17491.81818181818,25000,0.18181818181818182,0.8181818181818182,2,2,4,0,utility_bill,ChannelId_3,2,9.636363636363637,1.0,2.0,2019.0,12,11,192410,2,0
CustomerId_3664,1000000.0,1000000.0,1,0.0,1000000,1000000.0,1000000,0.0,1.0,1,1,1,0,financial_services,ChannelId_3,2,16.0,24.0,1.0,2019.0,20,1,1000000,2,0
CustomerId_3665,10000.0,5000.0,2,0.0,14000,7000.0,7000,0.0,1.0,1,1,1,0,movies,ChannelId_3,2,18.0,5.0,12.0,2018.0,70,2,14000,3,0
CustomerId_3666,20000.0,3333.3333333333335,6,7814.516406449389,42000,7000.0,11000,0.5,0.5,2,2,3,0,airtime,ChannelId_2,2,16.0,11.0,1.0,2019.0,33,6,42000,2,0
CustomerId_3667,6450.0,1075.0,6,2159.5346720995244,8550,1425.0,5000,0.5,0.5,3,2,2,0,financial_services,ChannelId_2,2,10.166666666666666,26.0,1.0,2019.0,18,6,8550,0,1
CustomerId_3668,30000.0,5000.0,6,6511.528238439882,42000,7000.0,10000,0.3333333333333333,0.6666666666666666,2,2,3,0,financial_services,ChannelId_3,2,18.0,8.0,2.0,2019.0,5,6,42000,2,0
CustomerId_3670,79916.0,6147.384615384615,13,10220.080442756323,89074,6851.846153846154,33990,0.46153846153846156,0.5384615384615384,5,2,3,0,financial_services,ChannelId_3,2,10.538461538461538,8.0,2.0,2019.0,1,13,89074,2,0
CustomerId_3671,10000.0,10000.0,1,0.0,10000,10000.0,10000,0.0,1.0,1,1,1,0,financial_services,ChannelId_3,2,18.0,4.0,2.0,2019.0,9,1,10000,0,1
CustomerId_3672,100631.0,949.3490566037735,106,1936.4220763954029,114359,1078.8584905660377,14590,0.41509433962264153,0.5849056603773585,3,2,4,0,airtime,ChannelId_3,4,13.283018867924529,16.367924528301888,6.2075471698113205,2018.5471698113208,3,106,114359,2,0
CustomerId_3673,10000.0,10000.0,1,0.0,10000,10000.0,10000,0.0,1.0,1,1,1,0,financial_services,ChannelId_3,2,11.0,18.0,12.0,2018.0,57,1,10000,3,0
CustomerId_3678,98041.0,2042.5208333333333,48,5493.825151697957,105820,2204.5833333333335,28000,0.4375,0.5625,4,2,3,0,financial_services,ChannelId_3,2,13.458333333333334,18.041666666666668,1.0,2019.0,20,48,105820,2,0
CustomerId_368,25000.0,12500.0,2,10606.601717798212,25000,12500.0,20000,0.0,1.0,1,1,2,0,financial_services,ChannelId_3,2,9.5,20.0,1.0,2019.0,24,2,25000,2,0
CustomerId_3680,80000.0,4210.526315789473,19,5779.193978483131,112400,5915.789473684211,10180,0.3157894736842105,0.6842105263157895,2,2,3,0,financial_services,ChannelId_3,2,12.842105263157896,19.36842105263158,4.105263157894737,2018.7368421052631,12,19,112400,2,0
CustomerId_3681,5000.0,5000.0,1,0.0,5000,5000.0,5000,0.0,1.0,1,1,1,0,financial_services,ChannelId_3,2,20.0,7.0,12.0,2018.0,68,1,5000,3,0
CustomerId_3682,475.0,237.5,2,371.23106012293744,525,262.5,500,0.5,0.5,2,2,2,0,airtime,ChannelId_2,2,7.0,18.5,11.0,2018.0,86,2,525,3,0
CustomerId_3683,11875.0,494.7916666666667,24,604.6908645470565,13125,546.875,2000,0.5,0.5,2,2,2,0,airtime,ChannelId_2,2,11.416666666666666,12.333333333333334,10.0,2018.1666666666667,7,24,13125,0,1
CustomerId_3684,1980.0,396.0,5,896.7050797224247,4020,804.0,1000,0.4,0.6,2,2,4,0,financial_services,ChannelId_3,2,14.2,27.0,1.0,2019.0,13,5,4020,0,1
CustomerId_3685,20000.0,4000.0,5,6745.368781616021,32000,6400.0,10000,0.4,0.6,2,2,3,0,financial_services,ChannelId_3,2,7.0,25.0,1.0,2019.0,20,5,32000,2,0
CustomerId_3686,1370.0,456.6666666666667,3,433.16663460305125,1430,476.6666666666667,800,0.3333333333333333,0.6666666666666666,2,2,2,0,airtime,ChannelId_1,4,7.0,16.0,11.0,2018.0,90,3,1430,3,0
CustomerId_3687,1500.0,1500.0,1,0.0,1500,1500.0,1500,0.0,1.0,1,1,1,0,airtime,ChannelId_3,2,7.0,18.0,1.0,2019.0,27,1,1500,0,1
CustomerId_3688,120000.0,4800.0,25,6278.269400612454,182000,7280.0,11000,0.28,0.72,2,2,3,0,financial_services,ChannelId_3,2,10.28,17.48,5.12,2018.64,12,25,182000,2,0
CustomerId_3689,40000.0,4444.444444444444,9,6559.556218051475,62000,6888.888888888889,11000,0.3333333333333333,0.6666666666666666,2,2,3,0,financial_services,ChannelId_3,2,16.333333333333332,16.0,7.555555555555555,2018.4444444444443,12,9,62000,2,0
CustomerId_369,80000.0,5000.0,16,8132.240363721016,132000,8250.0,21000,0.375,0.625,2,2,4,0,airtime,ChannelId_3,2,10.25,14.875,1.5,2019.0,1,16,132000,2,0
CustomerId_3690,416215.0,10405.375,40,20076.58801674803,477335,11933.375,100000,0.325,0.675,2,4,5,0,financial_services,ChannelId_3,2,10.375,10.025,8.15,2018.35,29,40,477335,2,0
CustomerId_3691,10000.0,10000.0,1,0.0,10000,10000.0,10000,0.0,1.0,1,1,1,0,financial_services,ChannelId_3,2,19.0,24.0,11.0,2018.0,81,1,10000,3,0
CustomerId_3693,980.0,490.0,2,721.2489168102785,1020,510.0,1000,0.5,0.5,2,2,2,0,airtime,ChannelId_1,2,10.0,12.0,1.0,2019.0,32,2,1020,0,1
CustomerId_3694,42840.0,486.8181818181818,88,498.3975366042733,46360,526.8181818181819,1500,0.4318181818181818,0.5681818181818182,2,2,3,0,airtime,ChannelId_3,4,15.272727272727273,17.238636363636363,5.306818181818182,2018.6022727272727,9,88,46360,2,0
CustomerId_3696,10000.0,1428.5714285714287,7,534.5224838248488,10000,1428.5714285714287,2000,0.0,1.0,2,1,1,0,airtime,ChannelId_3,1,11.714285714285714,18.428571428571427,11.428571428571429,2018.0,60,7,10000,3,0
CustomerId_3697,22010.0,2751.25,8,3609.572343089968,22390,2798.75,10000,0.25,0.75,2,2,3,0,financial_services,ChannelId_3,2,10.0,16.375,8.875,2018.25,11,8,22390,2,0
CustomerId_3698,20000.0,4000.0,5,6745.368781616021,32000,6400.0,10000,0.4,0.6,2,2,3,0,financial_services,ChannelId_3,2,14.0,1.0,2.0,2019.0,12,5,32000,2,0
CustomerId_3700,5000.0,5000.0,1,0.0,5000,5000.0,5000,0.0,1.0,1,1,1,0,financial_services,ChannelId_3,2,18.0,24.0,11.0,2018.0,81,1,5000,3,0
CustomerId_3701,1062500.0,26562.5,40,49028.79681031003,1114500,27862.5,240000,0.15,0.85,4,2,4,0,airtime,ChannelId_3,2,11.4,15.4,9.8,2018.2,27,40,1114500,2,0
CustomerId_3703,211975.0,4608.152173913043,46,5578.1469801255735,252825,5496.195652173913,21800,0.34782608695652173,0.6521739130434783,3,2,3,0,financial_services,ChannelId_3,2,15.521739130434783,19.804347826086957,2.260869565217391,2018.9130434782608,1,46,252825,2,0
CustomerId_3706,237590.0,2066.0,115,7717.821600889585,244010,2121.8260869565215,50000,0.4782608695652174,0.5217391304347826,2,2,4,0,financial_services,ChannelId_3,2,13.660869565217391,16.47826086956522,1.0,2019.0,25,115,244010,2,0
CustomerId_3707,120000.0,3428.5714285714284,35,5476.128485826215,182000,5200.0,10000,0.2,0.8,2,2,3,0,airtime,ChannelId_3,2,9.285714285714286,18.0,4.914285714285715,2018.6571428571428,12,35,182000,2,0
CustomerId_3708,20000.0,20000.0,1,0.0,20000,20000.0,20000,0.0,1.0,1,1,1,0,financial_services,ChannelId_3,2,17.0,18.0,11.0,2018.0,87,1,20000,3,0
CustomerId_3711,93432.0,1153.4814814814815,81,2157.521373654912,105690,1304.8148148148148,12700,0.3333333333333333,0.6666666666666666,4,2,3,0,financial_services,ChannelId_3,2,12.666666666666666,18.308641975308642,6.209876543209877,2018.5185185185185,7,81,105690,2,0
CustomerId_3712,288260.8,7391.302564102564,39,9863.598138276635,362412,9292.615384615385,50000,0.2564102564102564,0.7435897435897436,3,2,3,0,financial_services,ChannelId_3,2,7.0256410256410255,16.23076923076923,4.0256410256410255,2018.7435897435898,6,39,362412,2,0
CustomerId_3714,26000.0,3714.285714285714,7,6872.997543873796,39560,5651.428571428572,14000,0.2857142857142857,0.7142857142857143,3,2,3,0,airtime,ChannelId_3,2,14.428571428571429,1.8571428571428572,2.0,2019.0,9,7,39560,2,0
CustomerId_3715,33770.0,993.2352941176471,34,1092.3861027605835,38030,1118.5294117647059,3000,0.4117647058823529,0.5882352941176471,2,2,3,0,airtime,ChannelId_3,4,12.735294117647058,19.941176470588236,4.911764705882353,2018.6470588235295,4,34,38030,2,0
CustomerId_3716,67291.0,2803.7916666666665,24,5767.3763455519265,98501,4104.208333333333,12000,0.4166666666666667,0.5833333333333334,4,3,4,0,financial_services,ChannelId_3,2,10.958333333333334,21.25,8.791666666666666,2018.2916666666667,15,24,98501,2,0
CustomerId_3717,14840.0,3710.0,4,4965.5211206881395,17160,4290.0,8000,0.5,0.5,2,2,3,0,financial_services,ChannelId_2,2,9.25,9.0,1.75,2019.0,10,4,17160,0,1
CustomerId_3719,500.0,500.0,1,0.0,500,500.0,500,0.0,1.0,1,1,1,0,airtime,ChannelId_3,4,8.0,17.0,1.0,2019.0,28,1,500,0,1
CustomerId_3720,36494.0,729.88,50,733.4466478934391,39106,782.12,2000,0.4,0.6,2,2,3,0,airtime,ChannelId_3,4,12.96,15.26,6.06,2018.54,13,50,39106,2,0
CustomerId_3721,28575.0,1190.625,24,1726.3547374012753,31425,1309.375,7000,0.3333333333333333,0.6666666666666666,3,2,4,0,financial_services,ChannelId_3,2,12.416666666666666,18.458333333333332,7.875,2018.375,25,24,31425,2,0
CustomerId_3722,10950.0,2190.0,5,4444.715963928404,13050,2610.0,10000,0.4,0.6,2,2,2,0,airtime,ChannelId_3,4,11.4,11.6,7.6,2018.4,39,5,13050,0,1
CustomerId_3723,107000.0,21400.0,5,26159.12842584783,107000,21400.0,50000,0.0,1.0,2,1,2,0,financial_services,ChannelId_3,2,7.2,29.0,1.0,2019.0,16,5,107000,2,0
CustomerId_3724,80000.0,80000.0,1,0.0,80000,80000.0,80000,0.0,1.0,1,1,1,0,ticket,ChannelId_3,2,13.0,12.0,12.0,2018.0,63,1,80000,3,0
CustomerId_3725,1000.0,1000.0,1,0.0,1000,1000.0,1000,0.0,1.0,1,1,1,0,airtime,ChannelId_3,2,8.0,16.0,12.0,2018.0,60,1,1000,3,0
CustomerId_3727,25000.0,5000.0,5,0.0,35000,7000.0,7000,0.0,1.0,1,1,1,0,movies,ChannelId_3,2,15.4,14.2,12.0,2018.0,60,5,35000,3,0
CustomerId_3729,73085.0,936.9871794871794,78,1038.8625709842188,79244,1015.9487179487179,5029,0.34615384615384615,0.6538461538461539,4,2,4,0,financial_services,ChannelId_3,2,15.833333333333334,16.41025641025641,1.3846153846153846,2019.0,2,78,79244,2,0
CustomerId_373,1000.0,1000.0,1,0.0,1000,1000.0,1000,0.0,1.0,1,1,1,0,airtime,ChannelId_3,2,22.0,10.0,1.0,2019.0,34,1,1000,0,1
CustomerId_3730,449877.0,1757.33203125,256,3149.477382589143,477658,1865.8515625,16135,0.40625,0.59375,4,2,5,0,financial_services,ChannelId_3,2,13.38671875,20.5859375,1.48046875,2018.9609375,2,256,477658,2,0
CustomerId_3732,4000.0,1333.3333333333333,3,7767.453465154029,16000,5333.333333333333,10000,0.6666666666666666,0.3333333333333333,2,2,2,0,financial_services,ChannelId_2,2,15.0,1.0,2.0,2019.0,12,3,16000,0,1
CustomerId_3733,5000.0,5000.0,1,0.0,5000,5000.0,5000,0.0,1.0,1,1,1,0,airtime,ChannelId_3,4,21.0,11.0,12.0,2018.0,64,1,5000,3,0
CustomerId_3734,1600.0,800.0,2,282.842712474619,1600,800.0,1000,0.0,1.0,2,1,1,0,airtime,ChannelId_3,2,21.0,23.0,1.0,2019.0,21,2,1600,0,1
CustomerId_3735,13930.0,995.0,14,1512.9111011556495,16270,1162.142857142857,5000,0.42857142857142855,0.5714285714285714,3,2,3,0,financial_services,ChannelId_3,2,10.857142857142858,22.714285714285715,11.0,2018.0,81,14,16270,3,0
CustomerId_3736,50000.0,3846.153846153846,13,8060.667402539258,102000,7846.153846153846,15000,0.46153846153846156,0.5384615384615384,2,2,4,0,airtime,ChannelId_3,2,13.461538461538462,14.153846153846153,1.5384615384615385,2019.0,1,13,102000,2,0
CustomerId_3737,273190.0,4077.4626865671644,67,8756.292695400605,379497,5664.134328358209,41500,0.3283582089552239,0.6716417910447762,5,3,4,0,financial_services,ChannelId_3,2,10.91044776119403,13.865671641791044,8.925373134328359,2018.2835820895523,2,67,379497,2,0
CustomerId_3738,3000.0,1000.0,3,1732.0508075688772,5000,1666.6666666666667,2000,0.3333333333333333,0.6666666666666666,2,2,3,0,financial_services,ChannelId_3,2,8.0,4.0,1.0,2019.0,41,3,5000,0,1
CustomerId_3739,500.0,500.0,1,0.0,500,500.0,500,0.0,1.0,1,1,1,0,airtime,ChannelId_3,2,17.0,20.0,11.0,2018.0,85,1,500,3,0
CustomerId_374,20000.0,4000.0,5,6745.368781616021,32000,6400.0,10000,0.4,0.6,2,2,3,0,financial_services,ChannelId_3,2,13.0,11.0,1.0,2019.0,33,5,32000,2,0
CustomerId_3741,500.0,500.0,1,0.0,500,500.0,500,0.0,1.0,1,1,1,0,airtime,ChannelId_3,2,15.0,2.0,12.0,2018.0,73,1,500,3,0
CustomerId_3742,12000.0,12000.0,1,0.0,12000,12000.0,12000,0.0,1.0,1,1,1,0,tv,ChannelId_3,2,18.0,31.0,12.0,2018.0,44,1,12000,3,0
CustomerId_3743,2000.0,1000.0,2,0.0,2000,1000.0,1000,0.0,1.0,2,1,2,0,airtime,ChannelId_3,2,6.0,11.0,12.0,2018.0,65,2,2000,3,0
CustomerId_3745,44499.0,1435.4516129032259,31,2863.3964661884747,60451,1950.032258064516,11200,0.4838709677419355,0.5161290322580645,3,2,2,0,financial_services,ChannelId_3,2,9.258064516129032,19.258064516129032,8.258064516129032,2018.2903225806451,1,31,60451,2,0
CustomerId_3746,34045.0,1791.842105263158,19,3610.188210901013,44555,2345.0,11000,0.3684210526315789,0.631578947368421,2,2,3,0,airtime,ChannelId_1,2,9.105263157894736,13.210526315789474,10.421052631578947,2018.157894736842,2,19,44555,2,0
CustomerId_3749,190000.0,95000.0,2,0.0,190000,95000.0,95000,0.0,1.0,1,1,2,0,financial_services,ChannelId_1,2,7.0,7.0,2.0,2019.0,7,2,190000,2,0
CustomerId_3752,-14500.0,-7250.0,2,8131.727983645296,14500,7250.0,13000,1.0,0.0,1,1,1,0,airtime,ChannelId_5,4,14.0,23.0,11.0,2018.0,82,2,14500,3,0
CustomerId_3756,7500.0,3750.0,2,4596.194077712559,7500,3750.0,7000,0.0,1.0,2,1,1,0,airtime,ChannelId_3,4,3.0,4.0,1.0,2019.0,41,2,7500,0,1
CustomerId_3758,92738.0,1973.1489361702127,47,5605.46202563304,100252,2133.021276595745,33990,0.46808510638297873,0.5319148936170213,3,2,4,0,airtime,ChannelId_3,2,14.46808510638298,18.27659574468085,8.170212765957446,2018.3617021276596,1,47,100252,2,0
CustomerId_3759,-25.0,-6.25,4,707.2172579907818,2025,506.25,1000,0.5,0.5,2,2,2,0,airtime,ChannelId_2,2,11.0,5.0,2.0,2019.0,8,4,2025,0,1
CustomerId_3760,360403.8,2002.2433333333333,180,3935.282334381623,368287,2046.0388888888888,20000,0.37222222222222223,0.6277777777777778,3,2,3,0,financial_services,ChannelId_3,2,13.63888888888889,5.816666666666666,2.0,2019.0,1,180,368287,2,0
CustomerId_3762,30000.0,30000.0,1,0.0,30000,30000.0,30000,0.0,1.0,1,1,1,0,financial_services,ChannelId_3,2,10.0,14.0,1.0,2019.0,31,1,30000,2,0
CustomerId_3763,27225.0,972.3214285714286,28,1750.2833009538435,30375,1084.8214285714287,8000,0.4642857142857143,0.5357142857142857,3,2,3,0,financial_services,ChannelId_3,2,7.392857142857143,13.75,12.0,2018.0,57,28,30375,3,0
CustomerId_3764,500.0,500.0,1,0.0,500,500.0,500,0.0,1.0,1,1,1,0,financial_services,ChannelId_3,2,22.0,4.0,1.0,2019.0,40,1,500,0,1
CustomerId_3765,106579.5,4633.891304347826,23,5565.447115005312,116471,5063.95652173913,20000,0.2608695652173913,0.7391304347826086,3,2,3,0,financial_services,ChannelId_3,2,10.521739130434783,20.08695652173913,3.391304347826087,2018.7826086956522,15,23,116471,2,0
CustomerId_3766,190002.0,1472.8837209302326,129,2828.8020753820942,197198,1528.6666666666667,11000,0.37209302325581395,0.627906976744186,3,2,4,0,airtime,ChannelId_3,2,11.224806201550388,15.906976744186046,9.953488372093023,2018.1860465116279,33,129,197198,2,0
CustomerId_3767,144925.8,1341.9055555555553,108,2500.352954293376,154615,1431.6203703703704,11200,0.42592592592592593,0.5740740740740741,5,2,3,0,financial_services,ChannelId_3,2,12.12962962962963,15.75925925925926,10.583333333333334,2018.111111111111,5,108,154615,2,0
CustomerId_3768,3295000.0,183055.55555555556,18,185002.5348704626,3395300,188627.77777777778,521000,0.16666666666666666,0.8333333333333334,3,2,2,6,airtime,ChannelId_3,1,11.11111111111111,11.555555555555555,4.111111111111111,2018.7777777777778,9,18,3395300,2,1
CustomerId_3771,80000.0,3809.5238095238096,21,5784.626587940207,122000,5809.523809523809,10000,0.23809523809523808,0.7619047619047619,2,2,3,0,airtime,ChannelId_3,2,10.19047619047619,19.333333333333332,6.9523809523809526,2018.4761904761904,12,21,122000,2,0
CustomerId_3774,74000.0,4111.111111111111,18,6047.740354768284,106000,5888.888888888889,14000,0.2222222222222222,0.7777777777777778,2,2,3,0,airtime,ChannelId_3,2,11.277777777777779,22.72222222222222,4.055555555555555,2018.7222222222222,19,18,106000,2,0
CustomerId_3777,20000.0,4000.0,5,6745.368781616021,32000,6400.0,10000,0.4,0.6,2,2,3,0,financial_services,ChannelId_3,2,15.0,1.0,2.0,2019.0,12,5,32000,2,0
CustomerId_3778,46151.0,2097.7727272727275,22,3467.305334005181,49179,2235.409090909091,11330,0.36363636363636365,0.6363636363636364,4,2,3,0,airtime,ChannelId_3,1,15.090909090909092,17.772727272727273,1.2727272727272727,2019.0,2,22,49179,2,0
CustomerId_3779,11000.0,1222.2222222222222,9,1578.0191521158558,13120,1457.7777777777778,4000,0.3333333333333333,0.6666666666666666,3,2,3,0,airtime,ChannelId_3,2,16.77777777777778,29.11111111111111,9.555555555555555,2018.2222222222222,18,9,13120,0,1
CustomerId_378,40000.0,5714.285714285715,7,9516.902257112266,62000,8857.142857142857,20000,0.42857142857142855,0.5714285714285714,2,2,3,0,financial_services,ChannelId_3,2,9.0,8.0,2.0,2019.0,6,7,62000,2,0
CustomerId_3780,2000.0,2000.0,1,0.0,2000,2000.0,2000,0.0,1.0,1,1,1,0,financial_services,ChannelId_3,2,8.0,10.0,2.0,2019.0,4,1,2000,0,1
CustomerId_3781,249940.0,5433.478260869565,46,9272.614929611294,323260,7027.391304347826,50000,0.2826086956521739,0.717391304347826,2,2,3,0,airtime,ChannelId_3,2,12.565217391304348,18.934782608695652,8.26086956521739,2018.3478260869565,12,46,323260,2,0
CustomerId_3782,40000.0,4444.444444444444,9,6463.573143221772,62000,6888.888888888889,10000,0.3333333333333333,0.6666666666666666,2,2,3,0,financial_services,ChannelId_3,2,18.666666666666668,14.333333333333334,1.4444444444444444,2019.0,12,9,62000,2,0
CustomerId_3785,20000.0,4000.0,5,6745.368781616021,32000,6400.0,10000,0.4,0.6,2,2,3,0,financial_services,ChannelId_3,2,18.2,8.0,2.0,2019.0,5,5,32000,2,0
CustomerId_3786,13000.0,2600.0,5,2190.8902300206646,13000,2600.0,5000,0.0,1.0,2,1,1,0,airtime,ChannelId_3,1,9.0,24.4,1.2,2019.0,10,5,13000,0,1
CustomerId_3787,130753.0,5448.041666666667,24,12065.36904957889,135287,5636.958333333333,40000,0.3333333333333333,0.6666666666666666,3,2,3,0,financial_services,ChannelId_3,2,13.708333333333334,11.208333333333334,6.625,2018.5,1,24,135287,2,0
CustomerId_3788,128379.5,1458.8579545454545,88,2268.311376267842,136741,1553.875,12000,0.3977272727272727,0.6022727272727273,2,2,3,0,financial_services,ChannelId_3,2,15.272727272727273,16.602272727272727,8.352272727272727,2018.340909090909,2,88,136741,2,0
CustomerId_379,35075.0,1846.0526315789473,19,3170.28590497738,49325,2596.0526315789475,10000,0.42105263157894735,0.5789473684210527,2,2,3,0,airtime,ChannelId_3,2,10.736842105263158,8.263157894736842,2.0,2019.0,1,19,49325,2,0
CustomerId_3790,900.0,180.0,5,843.0599029724993,3100,620.0,1000,0.6,0.4,2,2,2,0,financial_services,ChannelId_2,2,7.0,6.0,2.0,2019.0,8,5,3100,0,1
CustomerId_3793,105000.0,35000.0,3,25980.76211353316,105000,35000.0,50000,0.0,1.0,1,1,1,0,airtime,ChannelId_3,4,19.0,25.0,12.0,2018.0,50,3,105000,3,0
CustomerId_3794,162276.0,2704.6,60,9296.65708681516,176924,2948.733333333333,50000,0.4166666666666667,0.5833333333333334,4,2,5,0,airtime,ChannelId_3,2,12.233333333333333,7.783333333333333,3.1333333333333333,2018.8666666666666,1,60,176924,2,0
CustomerId_3795,834542.0,8345.42,100,27427.285124794384,916755,9167.55,180000,0.3,0.7,3,2,4,0,financial_services,ChannelId_3,2,14.22,17.53,5.47,2018.6,1,100,916755,2,0
CustomerId_3796,500.0,500.0,1,0.0,500,500.0,500,0.0,1.0,1,1,1,0,airtime,ChannelId_3,4,16.0,30.0,12.0,2018.0,45,1,500,0,1
CustomerId_3797,19750.0,1161.764705882353,17,1501.4617265106929,22250,1308.8235294117646,5000,0.35294117647058826,0.6470588235294118,2,2,3,0,financial_services,ChannelId_3,2,11.0,8.294117647058824,2.0,2019.0,4,17,22250,2,0
CustomerId_3799,121500.0,9346.153846153846,13,18368.83344983269,123900,9530.76923076923,50000,0.23076923076923078,0.7692307692307693,2,2,4,0,financial_services,ChannelId_3,2,17.23076923076923,15.076923076923077,1.0769230769230769,2019.0,2,13,123900,2,0
CustomerId_3802,261000.0,3954.5454545454545,66,5610.325146704802,371800,5633.333333333333,10200,0.19696969696969696,0.803030303030303,2,2,4,0,airtime,ChannelId_3,2,11.242424242424242,15.242424242424242,8.227272727272727,2018.3333333333333,5,66,371800,2,0
CustomerId_3803,125244.0,2664.7659574468084,47,4331.2625492020525,132066,2809.9148936170213,14000,0.3191489361702128,0.6808510638297872,3,2,3,0,financial_services,ChannelId_3,2,14.27659574468085,7.25531914893617,1.9361702127659575,2019.0,1,47,132066,2,0
CustomerId_3805,1980.0,396.0,5,896.7050797224247,4020,804.0,1000,0.4,0.6,2,2,3,0,financial_services,ChannelId_3,2,14.2,16.2,12.0,2018.0,58,5,4020,3,0
CustomerId_3806,19800.0,2475.0,8,2772.5697208804067,22800,2850.0,5000,0.375,0.625,2,2,3,0,financial_services,ChannelId_3,2,5.5,12.0,2.0,2019.0,1,8,22800,2,0
CustomerId_3807,48000.0,6857.142857142857,7,4140.393356054125,50000,7142.857142857143,10000,0.14285714285714285,0.8571428571428571,2,2,3,0,airtime,ChannelId_3,2,6.285714285714286,9.142857142857142,1.0,2019.0,34,7,50000,2,0
CustomerId_3808,122361.0,2845.6046511627906,43,5542.766049801759,142539,3314.860465116279,21800,0.4186046511627907,0.5813953488372093,3,2,4,0,financial_services,ChannelId_3,2,15.279069767441861,17.511627906976745,8.325581395348838,2018.3023255813953,23,43,142539,2,0
CustomerId_3809,88117.6,1798.3183673469389,49,2766.4022318161324,103343,2109.0408163265306,11200,0.2857142857142857,0.7142857142857143,4,2,3,0,financial_services,ChannelId_3,2,15.26530612244898,17.040816326530614,6.26530612244898,2018.5102040816328,6,49,103343,2,0
CustomerId_381,201387.0,20138.7,10,14377.801354480067,203613,20361.3,35000,0.3,0.7,2,2,3,0,financial_services,ChannelId_3,2,12.5,25.9,8.3,2018.3,15,10,203613,2,0
CustomerId_3810,6850.0,761.1111111111111,9,1214.4385991523454,9150,1016.6666666666666,3000,0.3333333333333333,0.6666666666666666,2,2,3,0,financial_services,ChannelId_3,2,17.77777777777778,14.11111111111111,1.0,2019.0,27,9,9150,0,1
CustomerId_3811,6140.0,472.3076923076923,13,4370.170007841331,40640,3126.153846153846,10000,0.46153846153846156,0.5384615384615384,2,4,3,0,financial_services,ChannelId_3,2,15.23076923076923,19.76923076923077,4.076923076923077,2018.6923076923076,19,13,40640,2,0
CustomerId_3812,20000.0,4000.0,5,6745.368781616021,32000,6400.0,10000,0.4,0.6,2,2,3,0,financial_services,ChannelId_3,2,17.0,1.0,2.0,2019.0,12,5,32000,2,0
CustomerId_3814,-1000.0,-1000.0,1,0.0,1000,1000.0,1000,1.0,0.0,1,1,1,0,financial_services,ChannelId_2,2,15.0,5.0,1.0,2019.0,39,1,1000,0,1
CustomerId_3815,50400.61,950.9549056603773,53,1356.4906780586762,55782,1052.4905660377358,7000,0.37735849056603776,0.6226415094339622,4,2,4,0,financial_services,ChannelId_3,2,10.641509433962264,16.81132075471698,1.3962264150943395,2019.0,3,53,55782,2,0
CustomerId_3816,2000.0,1000.0,2,0.0,2000,1000.0,1000,0.0,1.0,1,1,1,0,financial_services,ChannelId_3,2,6.0,18.0,11.0,2018.0,88,2,2000,3,0
CustomerId_3817,16530.0,1180.7142857142858,14,1445.5047789385085,17270,1233.5714285714287,5000,0.42857142857142855,0.5714285714285714,2,2,3,0,financial_services,ChannelId_3,2,15.357142857142858,20.214285714285715,7.785714285714286,2018.357142857143,3,14,17270,2,0
CustomerId_3818,63060.0,985.3125,64,1930.389358496577,66340,1036.5625,15000,0.375,0.625,3,2,3,0,airtime,ChannelId_3,4,13.21875,17.484375,8.1875,2018.328125,1,64,66340,2,0
CustomerId_3819,159000.0,4818.181818181818,33,6212.158166926296,241000,7303.030303030303,10000,0.2727272727272727,0.7272727272727273,2,2,3,0,financial_services,ChannelId_3,2,13.333333333333334,15.696969696969697,5.575757575757576,2018.6060606060605,6,33,241000,2,0
CustomerId_382,1000.0,1000.0,1,0.0,1000,1000.0,1000,0.0,1.0,1,1,1,0,airtime,ChannelId_3,4,9.0,13.0,12.0,2018.0,63,1,1000,3,0
CustomerId_3820,91493.0,1345.485294117647,68,3690.7279597546653,149666,2200.970588235294,12824,0.35294117647058826,0.6470588235294118,5,3,4,0,financial_services,ChannelId_3,2,14.5,18.485294117647058,7.147058823529412,2018.4411764705883,8,68,149666,2,0
CustomerId_3824,42400.0,3261.5384615384614,13,3767.6890489039524,45600,3507.6923076923076,10000,0.38461538461538464,0.6153846153846154,2,2,3,0,airtime,ChannelId_3,4,11.384615384615385,17.692307692307693,10.923076923076923,2018.076923076923,39,13,45600,2,0
CustomerId_3825,64908.0,1442.4,45,2749.1638596621933,68722,1527.1555555555556,16480,0.4,0.6,4,2,3,0,financial_services,ChannelId_3,2,11.622222222222222,25.866666666666667,1.0,2019.0,13,45,68722,2,0
CustomerId_3826,190000.0,95000.0,2,0.0,190000,95000.0,95000,0.0,1.0,1,1,1,0,financial_services,ChannelId_1,2,6.0,5.0,2.0,2019.0,9,2,190000,2,0
CustomerId_3827,30780.0,603.5294117647059,51,936.6623159483078,38470,754.3137254901961,4500,0.43137254901960786,0.5686274509803921,3,3,4,0,airtime,ChannelId_3,2,12.0,11.823529411764707,1.2941176470588236,2019.0,1,51,38470,2,0
CustomerId_3828,10000.0,10000.0,1,0.0,10000,10000.0,10000,0.0,1.0,1,1,1,0,financial_services,ChannelId_3,2,1.0,8.0,2.0,2019.0,6,1,10000,0,1
CustomerId_3829,16900.0,2816.6666666666665,6,3206.5038073681853,19100,3183.3333333333335,6000,0.3333333333333333,0.6666666666666666,2,2,2,0,financial_services,ChannelId_3,2,14.0,10.0,12.0,2018.0,65,6,19100,3,0
CustomerId_383,2000.0,2000.0,1,0.0,2000,2000.0,2000,0.0,1.0,1,1,1,0,financial_services,ChannelId_3,2,18.0,2.0,1.0,2019.0,42,1,2000,0,1
CustomerId_3830,1940.0,388.0,5,1145.5653626048581,4060,812.0,2000,0.6,0.4,3,2,2,0,financial_services,ChannelId_2,2,13.6,25.4,12.0,2018.0,46,5,4060,0,1
CustomerId_3831,216935.0,2971.7123287671234,73,5517.810255284075,226065,3096.780821917808,26000,0.4520547945205479,0.547945205479452,3,2,3,0,financial_services,ChannelId_3,2,13.219178082191782,16.972602739726028,10.89041095890411,2018.0821917808219,42,73,226065,2,0
CustomerId_3834,38740.0,1047.027027027027,37,1245.6053077048855,39860,1077.2972972972973,5000,0.32432432432432434,0.6756756756756757,2,2,4,0,financial_services,ChannelId_3,2,9.432432432432432,16.56756756756757,9.243243243243244,2018.2162162162163,33,37,39860,2,0
CustomerId_3835,13555.0,753.0555555555555,18,934.0584105820603,14245,791.3888888888889,2600,0.3888888888888889,0.6111111111111112,3,2,3,0,financial_services,ChannelId_3,2,13.444444444444445,21.444444444444443,8.38888888888889,2018.2777777777778,19,18,14245,0,1
CustomerId_3836,950.0,237.5,4,962.0940702446928,3050,762.5,1000,0.5,0.5,2,2,3,0,financial_services,ChannelId_2,2,6.0,16.25,12.0,2018.0,59,4,3050,3,0
CustomerId_3838,21230.0,2653.75,8,3688.8594346452705,22170,2771.25,10000,0.375,0.625,2,2,3,0,airtime,ChannelId_3,2,16.125,27.625,12.0,2018.0,47,8,22170,3,0
CustomerId_3839,19000.0,3800.0,5,6685.805860178712,31000,6200.0,10000,0.4,0.6,2,2,3,0,financial_services,ChannelId_3,2,17.0,1.0,2.0,2019.0,12,5,31000,2,0
CustomerId_384,10000.0,10000.0,1,0.0,10000,10000.0,10000,0.0,1.0,1,1,1,0,financial_services,ChannelId_3,2,10.0,23.0,11.0,2018.0,82,1,10000,3,0
CustomerId_3840,-50.0,-10.0,5,612.5255096728625,2050,410.0,1000,0.6,0.4,2,2,2,0,financial_services,ChannelId_2,2,12.4,12.0,1.0,2019.0,32,5,2050,0,1
CustomerId_3841,1980.0,396.0,5,896.7050797224247,4020,804.0,1000,0.4,0.6,2,2,3,0,airtime,ChannelId_3,2,18.6,26.6,7.6,2018.4,24,5,4020,0,1
CustomerId_3842,648860.8,24031.881481481483,27,42910.19976302063,676120,25041.48148148148,150000,0.2222222222222222,0.7777777777777778,4,3,5,0,financial_services,ChannelId_1,2,17.074074074074073,17.814814814814813,3.925925925925926,2018.7407407407406,1,27,676120,2,0
CustomerId_3843,20000.0,4000.0,5,6745.368781616021,32000,6400.0,10000,0.4,0.6,2,2,3,0,financial_services,ChannelId_3,2,9.0,8.0,2.0,2019.0,6,5,32000,2,0
CustomerId_3844,20000.0,4000.0,5,6745.368781616021,32000,6400.0,10000,0.4,0.6,2,2,3,0,financial_services,ChannelId_3,2,13.0,8.0,2.0,2019.0,5,5,32000,2,0
CustomerId_3845,60871.0,1242.265306122449,49,2660.3940401714162,67379,1375.0816326530612,16650,0.3877551020408163,0.6122448979591837,4,2,5,0,airtime,ChannelId_3,4,12.510204081632653,18.53061224489796,6.979591836734694,2018.469387755102,6,49,67379,2,0
CustomerId_3846,5000.0,5000.0,1,0.0,5000,5000.0,5000,0.0,1.0,1,1,1,0,financial_services,ChannelId_3,2,11.0,4.0,2.0,2019.0,9,1,5000,0,1
CustomerId_3847,29000.0,4833.333333333333,6,6493.586579592719,41000,6833.333333333333,10000,0.3333333333333333,0.6666666666666666,2,2,3,0,financial_services,ChannelId_3,2,19.0,28.0,12.0,2018.0,47,6,41000,3,0
CustomerId_3848,101000.0,50500.0,2,70003.57133746821,101000,50500.0,100000,0.0,1.0,1,1,1,0,financial_services,ChannelId_3,2,23.0,21.0,1.0,2019.0,23,2,101000,2,0
CustomerId_3850,20000.0,3333.3333333333335,6,7814.516406449389,42000,7000.0,11000,0.5,0.5,2,2,3,0,airtime,ChannelId_2,2,17.0,11.0,1.0,2019.0,33,6,42000,2,0
CustomerId_3855,20000.0,4000.0,5,6745.368781616021,32000,6400.0,10000,0.4,0.6,2,2,3,0,financial_services,ChannelId_3,2,15.0,8.0,2.0,2019.0,5,5,32000,2,0
CustomerId_3856,70741.0,3723.2105263157896,19,6109.1189815712505,77179,4062.0526315789475,16650,0.3684210526315789,0.631578947368421,4,2,3,0,financial_services,ChannelId_3,2,18.736842105263158,21.57894736842105,1.263157894736842,2019.0,11,19,77179,2,0
CustomerId_3858,2000.0,2000.0,1,0.0,2000,2000.0,2000,0.0,1.0,1,1,1,0,financial_services,ChannelId_3,2,18.0,22.0,12.0,2018.0,53,1,2000,0,1
CustomerId_3859,11310.0,870.0,13,1335.9952594726276,11690,899.2307692307693,5000,0.38461538461538464,0.6153846153846154,2,2,3,0,airtime,ChannelId_3,2,11.076923076923077,17.076923076923077,12.0,2018.0,53,13,11690,3,0
CustomerId_3860,2000.0,1000.0,2,0.0,2000,1000.0,1000,0.0,1.0,1,1,1,0,airtime,ChannelId_3,4,19.0,6.0,12.0,2018.0,69,2,2000,3,0
CustomerId_3862,915.0,130.71428571428572,7,630.293771264827,3085,440.7142857142857,1000,0.5714285714285714,0.42857142857142855,2,2,2,0,financial_services,ChannelId_2,2,11.285714285714286,10.571428571428571,2.0,2019.0,1,7,3085,0,1
CustomerId_3863,1000.0,1000.0,1,0.0,1000,1000.0,1000,0.0,1.0,1,1,1,0,airtime,ChannelId_3,4,12.0,4.0,12.0,2018.0,71,1,1000,3,0
CustomerId_3864,50000.0,4545.454545454545,11,9026.224419585815,92000,8363.636363636364,21000,0.45454545454545453,0.5454545454545454,2,2,4,0,airtime,ChannelId_3,2,12.454545454545455,15.272727272727273,1.4545454545454546,2019.0,1,11,92000,2,0
CustomerId_3866,40000.0,5000.0,8,8880.154438811458,62000,7750.0,20000,0.375,0.625,2,2,3,0,airtime,ChannelId_3,2,13.0,1.0,2.0,2019.0,12,8,62000,2,0
CustomerId_3867,870735.0,3189.5054945054944,273,10814.400430784846,940979,3446.809523809524,100000,0.3956043956043956,0.6043956043956044,4,2,3,0,airtime,ChannelId_3,2,13.336996336996338,6.809523809523809,2.0,2019.0,1,273,940979,2,0
CustomerId_3868,9855.0,447.95454545454544,22,1093.0349394177108,12145,552.0454545454545,5000,0.45454545454545453,0.5454545454545454,3,2,3,0,financial_services,ChannelId_3,2,15.090909090909092,22.954545454545453,1.0,2019.0,18,22,12145,0,1
CustomerId_3869,10000.0,10000.0,1,0.0,10000,10000.0,10000,0.0,1.0,1,1,1,0,airtime,ChannelId_3,4,15.0,1.0,2.0,2019.0,12,1,10000,0,1
CustomerId_3870,210400.0,6575.0,32,8372.420161150461,300800,9400.0,20000,0.3125,0.6875,2,2,4,0,financial_services,ChannelId_3,2,14.71875,15.0,9.71875,2018.1875,6,32,300800,2,0
CustomerId_3871,25000.0,8333.333333333334,3,2886.751345948129,25000,8333.333333333334,10000,0.0,1.0,2,1,2,0,airtime,ChannelId_3,2,8.333333333333334,19.666666666666668,8.333333333333334,2018.3333333333333,42,3,25000,3,0
CustomerId_3872,100000.0,9090.90909090909,11,10212.29205863743,122000,11090.90909090909,20000,0.2727272727272727,0.7272727272727273,2,2,3,0,financial_services,ChannelId_3,2,19.0,11.0,1.0,2019.0,33,11,122000,2,0
CustomerId_3873,391656.0,35605.09090909091,11,43054.566831997145,412244,37476.72727272727,100000,0.2727272727272727,0.7272727272727273,4,2,4,0,financial_services,ChannelId_3,2,12.090909090909092,13.909090909090908,9.0,2018.2727272727273,35,11,412244,2,0
CustomerId_3874,58499.6,1360.4558139534884,43,2274.756581566929,63117,1467.8372093023256,11200,0.37209302325581395,0.627906976744186,3,2,4,0,financial_services,ChannelId_3,2,13.883720930232558,16.906976744186046,1.558139534883721,2019.0,1,43,63117,2,0
CustomerId_3875,97923.0,6994.5,14,7909.959571519752,107117,7651.214285714285,25690,0.2857142857142857,0.7142857142857143,3,2,3,0,financial_services,ChannelId_1,2,9.0,17.142857142857142,1.5,2019.0,9,14,107117,2,0
CustomerId_3876,474891.0,1246.4330708661416,381,3409.446665841721,492309,1292.1496062992126,27500,0.4435695538057743,0.5564304461942258,5,2,4,0,financial_services,ChannelId_3,2,12.217847769028872,16.79265091863517,10.385826771653543,2018.1286089238845,29,381,492309,2,0
CustomerId_3877,15000.0,7500.0,2,3535.5339059327375,15000,7500.0,10000,0.0,1.0,1,1,2,0,financial_services,ChannelId_3,2,10.0,4.5,1.5,2019.0,6,2,15000,0,1
CustomerId_3878,128126.0,3559.0555555555557,36,5608.044053955989,154074,4279.833333333333,20000,0.3611111111111111,0.6388888888888888,3,2,3,0,financial_services,ChannelId_3,2,12.25,20.25,10.86111111111111,2018.0833333333333,30,36,154074,2,0
CustomerId_3879,30000.0,15000.0,2,7071.067811865475,30000,15000.0,20000,0.0,1.0,1,1,1,0,financial_services,ChannelId_3,2,14.0,9.0,1.0,2019.0,35,2,30000,2,0
CustomerId_388,294371.0,11774.84,25,27110.005237427256,331929,13277.16,106300,0.44,0.56,3,2,3,0,airtime,ChannelId_3,2,10.68,13.92,4.72,2018.68,6,25,331929,2,0
CustomerId_3880,13890.0,555.6,25,3345.807177149733,43110,1724.4,10000,0.56,0.44,3,3,3,0,airtime,ChannelId_3,2,13.48,15.4,11.64,2018.0,45,25,43110,3,0
CustomerId_3882,406860.0,1518.134328358209,268,4454.264274723641,446922,1667.6194029850747,50000,0.417910447761194,0.582089552238806,5,3,5,0,financial_services,ChannelId_3,2,10.705223880597014,15.272388059701493,6.514925373134329,2018.4962686567164,1,268,446922,2,0
CustomerId_3883,174400.0,24914.285714285714,7,41398.97054160601,186800,26685.714285714286,90000,0.42857142857142855,0.5714285714285714,3,3,3,0,financial_services,ChannelId_2,2,14.142857142857142,21.0,12.0,2018.0,46,7,186800,2,0
CustomerId_3885,-50.0,-16.666666666666668,3,1000.4165798972613,2050,683.3333333333334,1000,0.6666666666666666,0.3333333333333333,2,2,2,0,financial_services,ChannelId_2,2,16.0,4.0,2.0,2019.0,9,3,2050,0,1
CustomerId_3888,500.0,500.0,1,0.0,500,500.0,500,0.0,1.0,1,1,1,0,financial_services,ChannelId_3,2,5.0,24.0,1.0,2019.0,21,1,500,0,1
CustomerId_389,99000.0,4950.0,20,6223.681428729766,135000,6750.0,10000,0.4,0.6,2,2,3,0,airtime,ChannelId_3,2,12.6,14.0,12.0,2018.0,61,20,135000,3,0
CustomerId_3890,85477.0,1473.7413793103449,58,2199.9667346794836,91003,1569.0172413793102,10170,0.27586206896551724,0.7241379310344828,3,2,3,0,financial_services,ChannelId_3,2,12.137931034482758,15.741379310344827,6.844827586206897,2018.4310344827586,26,58,91003,2,0
CustomerId_3891,19000.0,3166.6666666666665,6,6104.643041707408,31000,5166.666666666667,10000,0.3333333333333333,0.6666666666666666,2,2,3,0,airtime,ChannelId_3,2,13.0,28.0,12.0,2018.0,47,6,31000,3,0
CustomerId_3892,20000.0,4000.0,5,6745.368781616021,32000,6400.0,10000,0.4,0.6,2,2,3,0,financial_services,ChannelId_3,2,9.0,8.0,2.0,2019.0,6,5,32000,2,0
CustomerId_3893,-510.0,-170.0,3,762.6925986267338,1510,503.3333333333333,1000,0.6666666666666666,0.3333333333333333,2,2,2,0,financial_services,ChannelId_2,2,18.0,16.0,12.0,2018.0,59,3,1510,3,0
CustomerId_3894,129220.0,6153.333333333333,21,13230.546977858978,132780,6322.857142857143,50000,0.42857142857142855,0.5714285714285714,2,2,3,0,financial_services,ChannelId_3,2,13.428571428571429,15.428571428571429,2.2857142857142856,2018.904761904762,1,21,132780,2,0
CustomerId_3897,104000.0,3586.206896551724,29,7203.755178374036,216000,7448.275862068966,10000,0.41379310344827586,0.5862068965517241,2,2,5,0,airtime,ChannelId_3,2,8.827586206896552,16.03448275862069,7.344827586206897,2018.448275862069,1,29,216000,2,0
CustomerId_3898,1000.0,1000.0,1,0.0,1000,1000.0,1000,0.0,1.0,1,1,1,0,financial_services,ChannelId_3,2,10.0,20.0,11.0,2018.0,85,1,1000,3,0
CustomerId_390,41524.0,2306.8888888888887,18,2515.3881442711518,49646,2758.1111111111113,5750,0.3333333333333333,0.6666666666666666,4,2,3,0,financial_services,ChannelId_3,2,10.833333333333334,17.11111111111111,1.4444444444444444,2019.0,7,18,49646,2,0
CustomerId_3900,54960.0,1374.0,40,1719.0509456808295,61040,1526.0,5000,0.475,0.525,2,2,2,0,airtime,ChannelId_3,4,11.95,19.6,10.275,2018.15,4,40,61040,2,0
CustomerId_3904,2000.0,2000.0,1,0.0,2000,2000.0,2000,0.0,1.0,1,1,1,0,airtime,ChannelId_3,4,23.0,11.0,12.0,2018.0,64,1,2000,3,0
CustomerId_3905,31000.0,6200.0,5,7224.956747275377,45000,9000.0,14000,0.4,0.6,2,2,3,0,financial_services,ChannelId_3,2,13.8,19.4,11.0,2018.0,79,5,45000,3,0
CustomerId_3906,42000.0,4666.666666666667,9,5598.401557587666,54440,6048.888888888889,11000,0.3333333333333333,0.6666666666666666,3,2,3,0,financial_services,ChannelId_3,2,18.0,22.77777777777778,1.0,2019.0,20,9,54440,2,0
CustomerId_3907,1000.0,1000.0,1,0.0,1000,1000.0,1000,0.0,1.0,1,1,1,0,financial_services,ChannelId_3,2,6.0,1.0,1.0,2019.0,44,1,1000,0,1
CustomerId_3909,54856.0,4986.909090909091,11,5423.125029990466,62824,5711.272727272727,13560,0.18181818181818182,0.8181818181818182,4,2,3,0,financial_services,ChannelId_3,2,16.272727272727273,15.090909090909092,1.0909090909090908,2019.0,3,11,62824,2,0
CustomerId_391,143431.0,6830.047619047619,21,14709.002007193385,148769,7084.238095238095,50000,0.3333333333333333,0.6666666666666666,3,2,3,0,financial_services,ChannelId_3,2,15.333333333333334,17.285714285714285,11.476190476190476,2018.0,70,21,148769,3,0
CustomerId_3910,284060.0,4438.4375,64,6042.753818443828,424740,6636.5625,11000,0.25,0.75,3,2,4,0,airtime,ChannelId_3,2,11.359375,16.671875,7.5,2018.390625,6,64,424740,2,0
CustomerId_3911,5500.0,2750.0,2,3181.9805153394636,5500,2750.0,5000,0.0,1.0,2,1,1,0,airtime,ChannelId_3,2,20.0,28.0,12.0,2018.0,47,2,5500,3,0
CustomerId_3912,2578665.74,6067.4488,425,97013.23184145708,2709163,6374.501176470589,2000000,0.36941176470588233,0.6305882352941177,3,3,3,0,financial_services,ChannelId_3,2,11.362352941176471,18.209411764705884,1.4,2019.0,1,425,2709163,2,0
CustomerId_3913,85625.0,3171.296296296296,27,3642.053412935903,101175,3747.222222222222,12000,0.25925925925925924,0.7407407407407407,3,2,4,0,financial_services,ChannelId_3,2,14.851851851851851,10.62962962962963,1.3333333333333333,2019.0,1,27,101175,2,0
CustomerId_3914,132295.0,1837.4305555555557,72,6109.581484079127,148705,2065.347222222222,50000,0.4166666666666667,0.5833333333333334,3,2,3,0,airtime,ChannelId_3,2,12.833333333333334,12.458333333333334,6.180555555555555,2018.5555555555557,2,72,148705,2,0
CustomerId_3916,50000.0,50000.0,1,0.0,50000,50000.0,50000,0.0,1.0,1,1,1,0,financial_services,ChannelId_3,2,4.0,28.0,12.0,2018.0,48,1,50000,3,0
CustomerId_3917,941890.0,6495.793103448276,145,22315.28125115182,967310,6671.103448275862,185000,0.3724137931034483,0.6275862068965518,3,2,3,0,financial_services,ChannelId_3,2,8.931034482758621,16.979310344827585,8.862068965517242,2018.2620689655173,26,145,967310,2,0
CustomerId_3919,94539.0,3049.6451612903224,31,5571.885489062548,128211,4135.8387096774195,12000,0.3225806451612903,0.6774193548387096,5,2,3,0,financial_services,ChannelId_3,2,11.0,17.967741935483872,5.806451612903226,2018.5483870967741,4,31,128211,2,0
CustomerId_392,40000.0,5714.285714285715,7,9516.902257112266,62000,8857.142857142857,20000,0.42857142857142855,0.5714285714285714,2,2,3,0,financial_services,ChannelId_3,2,7.0,8.0,2.0,2019.0,6,7,62000,2,0
CustomerId_3923,1455.0,363.75,4,490.499320420868,1545,386.25,1000,0.5,0.5,2,2,2,0,airtime,ChannelId_2,2,16.0,8.0,12.0,2018.0,65,4,1545,3,0
CustomerId_3925,22454.0,2494.8888888888887,9,3263.9753539374515,24236,2692.8888888888887,10000,0.2222222222222222,0.7777777777777778,3,2,4,0,airtime,ChannelId_3,2,12.11111111111111,18.11111111111111,7.111111111111111,2018.4444444444443,31,9,24236,0,1
CustomerId_3930,1000.0,1000.0,1,0.0,1000,1000.0,1000,0.0,1.0,1,1,1,0,airtime,ChannelId_3,4,12.0,7.0,1.0,2019.0,37,1,1000,0,1
CustomerId_3931,11375.0,1421.875,8,2107.3611418413448,13625,1703.125,5000,0.375,0.625,2,2,3,0,financial_services,ChannelId_3,2,15.25,13.375,2.25,2018.875,21,8,13625,0,1
CustomerId_3933,1500.0,500.0,3,0.0,1500,500.0,500,0.0,1.0,2,1,2,0,financial_services,ChannelId_3,2,12.666666666666666,25.0,1.0,2019.0,19,3,1500,0,1
CustomerId_3934,1000.0,1000.0,1,0.0,1000,1000.0,1000,0.0,1.0,1,1,1,0,airtime,ChannelId_3,4,18.0,2.0,1.0,2019.0,42,1,1000,0,1
CustomerId_3935,489251.6,15289.1125,32,34603.0176178764,522974,16342.9375,102695,0.3125,0.6875,4,2,4,0,financial_services,ChannelId_3,2,14.125,23.9375,1.1875,2019.0,2,32,522974,2,0
CustomerId_3940,5000.0,5000.0,1,0.0,5000,5000.0,5000,0.0,1.0,1,1,1,0,financial_services,ChannelId_3,2,6.0,27.0,12.0,2018.0,49,1,5000,3,0
CustomerId_3941,210000.0,70000.0,3,112583.30249197703,210000,70000.0,200000,0.0,1.0,2,1,2,0,airtime,ChannelId_3,2,13.333333333333334,4.333333333333333,1.0,2019.0,37,3,210000,2,0
CustomerId_3942,40000.0,5000.0,8,8982.363672378064,61400,7675.0,20000,0.5,0.5,2,2,3,0,financial_services,ChannelId_2,2,11.0,16.0,11.0,2018.0,89,8,61400,3,0
CustomerId_3943,1000.0,1000.0,1,0.0,1000,1000.0,1000,0.0,1.0,1,1,1,0,airtime,ChannelId_3,2,17.0,2.0,12.0,2018.0,73,1,1000,3,0
CustomerId_3944,847437.0,1754.527950310559,483,5950.263410671401,887563,1837.6045548654245,50000,0.4575569358178054,0.5424430641821946,4,2,3,0,financial_services,ChannelId_3,2,12.803312629399587,13.300207039337474,11.120082815734989,2018.047619047619,8,483,887563,2,0
CustomerId_3946,2000.0,2000.0,1,0.0,2000,2000.0,2000,0.0,1.0,1,1,1,0,financial_services,ChannelId_3,2,21.0,25.0,1.0,2019.0,19,1,2000,0,1
CustomerId_3947,19000.0,3166.6666666666665,6,7626.707459098367,41000,6833.333333333333,10000,0.5,0.5,2,2,3,0,airtime,ChannelId_2,2,19.0,28.0,12.0,2018.0,47,6,41000,3,0
CustomerId_3948,-525.0,-175.0,3,761.1668673819164,1525,508.3333333333333,1000,0.6666666666666666,0.3333333333333333,2,2,2,0,financial_services,ChannelId_2,2,7.0,30.0,11.0,2018.0,76,3,1525,3,0
CustomerId_3949,1000.0,500.0,2,0.0,1000,500.0,500,0.0,1.0,2,1,1,0,airtime,ChannelId_3,4,7.0,17.0,11.0,2018.0,89,2,1000,3,0
CustomerId_395,960.0,320.0,3,1532.0574401764445,3040,1013.3333333333334,2000,0.6666666666666666,0.3333333333333333,2,2,2,0,financial_services,ChannelId_2,2,11.0,3.0,2.0,2019.0,10,3,3040,0,1
CustomerId_3951,1048837.0,12948.604938271605,81,25210.530785605748,1098963,13567.444444444445,100000,0.43209876543209874,0.5679012345679012,4,2,4,0,financial_services,ChannelId_3,2,9.382716049382717,15.148148148148149,1.4814814814814814,2019.0,1,81,1098963,2,0
CustomerId_3952,169570.0,3686.304347826087,46,5275.593429998879,208630,4535.434782608696,20000,0.3695652173913043,0.6304347826086957,3,2,4,0,financial_services,ChannelId_3,2,10.23913043478261,15.76086956521739,8.478260869565217,2018.3260869565217,1,46,208630,2,0
CustomerId_3953,2000.0,2000.0,1,0.0,2000,2000.0,2000,0.0,1.0,1,1,1,0,financial_services,ChannelId_3,2,5.0,20.0,12.0,2018.0,56,1,2000,3,0
CustomerId_3954,20000.0,4000.0,5,6558.963332722634,30400,6080.0,10000,0.4,0.6,2,2,3,0,financial_services,ChannelId_3,2,11.2,16.0,11.0,2018.0,89,5,30400,3,0
CustomerId_3955,1000.0,1000.0,1,0.0,1000,1000.0,1000,0.0,1.0,1,1,1,0,financial_services,ChannelId_3,2,17.0,10.0,1.0,2019.0,34,1,1000,0,1
CustomerId_3956,2000000.0,2000000.0,1,0.0,2000000,2000000.0,2000000,0.0,1.0,1,1,1,1,financial_services,ChannelId_3,2,10.0,8.0,1.0,2019.0,36,1,2000000,2,1
CustomerId_3957,348704.0,6226.857142857143,56,12648.849543702416,372692,6655.214285714285,59000,0.35714285714285715,0.6428571428571429,3,2,4,0,financial_services,ChannelId_3,2,12.482142857142858,20.5,1.1964285714285714,2019.0,1,56,372692,2,0
CustomerId_396,70000.0,4375.0,16,8429.116205154607,132000,8250.0,20000,0.4375,0.5625,2,2,4,0,airtime,ChannelId_3,2,15.75,12.5625,1.625,2019.0,2,16,132000,2,0
CustomerId_3960,24000.0,4000.0,6,6000.0,36000,6000.0,10000,0.3333333333333333,0.6666666666666666,2,2,3,0,airtime,ChannelId_3,2,14.333333333333334,13.333333333333334,12.0,2018.0,58,6,36000,3,0
CustomerId_3961,20000.0,20000.0,1,0.0,20000,20000.0,20000,0.0,1.0,1,1,1,0,financial_services,ChannelId_3,2,19.0,12.0,2.0,2019.0,1,1,20000,2,0
CustomerId_3964,50277.5,2394.1666666666665,21,4000.7004990792966,62349,2969.0,11200,0.2857142857142857,0.7142857142857143,4,2,3,0,financial_services,ChannelId_3,2,9.285714285714286,26.095238095238095,1.0,2019.0,13,21,62349,2,0
CustomerId_3967,20844.75,1042.2375,20,5236.985899573869,49436,2471.8,20000,0.5,0.5,2,3,4,0,financial_services,ChannelId_3,2,12.3,19.5,10.9,2018.1,43,20,49436,3,0
CustomerId_3968,13190.0,1648.75,8,2452.2027269958153,15810,1976.25,6000,0.375,0.625,2,2,4,0,financial_services,ChannelId_3,2,15.125,2.75,1.0,2019.0,41,8,15810,3,0
CustomerId_3969,20000.0,4000.0,5,6745.368781616021,32000,6400.0,10000,0.4,0.6,2,2,3,0,financial_services,ChannelId_3,2,13.2,18.0,1.0,2019.0,26,5,32000,2,0
CustomerId_397,3900.0,300.0,13,526.9803917920792,6100,469.2307692307692,1000,0.38461538461538464,0.6153846153846154,2,2,3,0,financial_services,ChannelId_3,2,12.461538461538462,23.384615384615383,10.307692307692308,2018.1538461538462,41,13,6100,0,1
CustomerId_3970,113650.0,1993.859649122807,57,2746.8382827131354,116350,2041.2280701754387,10000,0.3333333333333333,0.6666666666666666,3,2,4,0,financial_services,ChannelId_3,2,11.140350877192983,17.42105263157895,8.210526315789474,2018.3508771929824,3,57,116350,2,0
CustomerId_3971,54800.0,4981.818181818182,11,6511.80745750643,77200,7018.181818181818,11000,0.36363636363636365,0.6363636363636364,2,2,3,0,financial_services,ChannelId_3,2,12.090909090909092,10.090909090909092,6.545454545454546,2018.5454545454545,12,11,77200,2,0
CustomerId_3973,20000.0,4000.0,5,6745.368781616021,32000,6400.0,10000,0.4,0.6,2,2,3,0,financial_services,ChannelId_3,2,13.0,18.0,1.0,2019.0,26,5,32000,2,0
CustomerId_3975,7550.0,1510.0,5,3700.0675669506363,10450,2090.0,8000,0.6,0.4,2,2,2,0,financial_services,ChannelId_2,2,20.6,2.4,1.0,2019.0,41,5,10450,0,1
CustomerId_3977,20000.0,3333.3333333333335,6,6088.2400303098,32000,5333.333333333333,10000,0.3333333333333333,0.6666666666666666,2,2,3,0,airtime,ChannelId_3,2,10.166666666666666,1.0,2.0,2019.0,12,6,32000,2,0
CustomerId_3982,159000.0,4818.181818181818,33,6212.158166926296,241000,7303.030303030303,10000,0.2727272727272727,0.7272727272727273,2,2,3,0,financial_services,ChannelId_3,2,13.06060606060606,15.696969696969697,5.575757575757576,2018.6060606060605,5,33,241000,2,0
CustomerId_3984,240188.0,7505.875,32,8203.981801736629,251612,7862.875,33000,0.34375,0.65625,3,2,3,0,financial_services,ChannelId_3,2,9.5625,14.3125,1.53125,2019.0,8,32,251612,2,0
CustomerId_3985,20000.0,4000.0,5,6745.368781616021,32000,6400.0,10000,0.4,0.6,2,2,3,0,financial_services,ChannelId_3,2,13.0,8.0,2.0,2019.0,5,5,32000,2,0
CustomerId_3987,20000.0,4000.0,5,6745.368781616021,32000,6400.0,10000,0.4,0.6,2,2,3,0,financial_services,ChannelId_3,2,8.0,8.0,2.0,2019.0,6,5,32000,2,0
CustomerId_3988,31925.0,1773.611111111111,18,4613.785865895801,34075,1893.0555555555557,20000,0.2222222222222222,0.7777777777777778,3,2,3,0,airtime,ChannelId_3,2,11.222222222222221,13.555555555555555,1.0,2019.0,26,18,34075,2,0
CustomerId_3989,110050.5,956.9608695652174,115,1400.616023848933,117450,1021.304347826087,7000,0.4,0.6,3,2,3,0,financial_services,ChannelId_3,2,13.565217391304348,16.53913043478261,7.547826086956522,2018.3826086956522,1,115,117450,2,0
CustomerId_399,20000.0,3333.3333333333335,6,6088.2400303098,32000,5333.333333333333,10000,0.3333333333333333,0.6666666666666666,2,2,3,0,airtime,ChannelId_3,2,5.0,25.0,1.0,2019.0,20,6,32000,2,0
CustomerId_3990,7653.0,1093.2857142857142,7,1926.967108721692,9747,1392.4285714285713,5000,0.42857142857142855,0.5714285714285714,2,2,4,0,financial_services,ChannelId_3,2,11.142857142857142,19.571428571428573,12.0,2018.0,44,7,9747,3,0
CustomerId_3993,60000.0,4285.714285714285,14,6244.118111391791,92000,6571.428571428572,11000,0.2857142857142857,0.7142857142857143,2,2,3,0,airtime,ChannelId_3,2,15.785714285714286,19.214285714285715,5.214285714285714,2018.642857142857,12,14,92000,2,0
CustomerId_3994,3000.0,1000.0,3,0.0,3000,1000.0,1000,0.0,1.0,1,1,2,0,financial_services,ChannelId_3,2,14.0,28.333333333333332,11.0,2018.0,77,3,3000,3,0
CustomerId_3995,10000.0,10000.0,1,0.0,10000,10000.0,10000,0.0,1.0,1,1,1,0,financial_services,ChannelId_3,2,7.0,10.0,12.0,2018.0,66,1,10000,3,0
CustomerId_3998,1900.0,475.0,4,606.2177826491071,2100,525.0,1000,0.5,0.5,2,2,2,0,airtime,ChannelId_2,2,11.75,18.5,11.0,2018.0,86,4,2100,3,0
CustomerId_4,-10000.0,-10000.0,1,0.0,10000,10000.0,10000,1.0,0.0,1,1,1,0,airtime,ChannelId_2,4,16.0,21.0,11.0,2018.0,84,1,10000,3,0
CustomerId_400,2000.0,1000.0,2,0.0,2000,1000.0,1000,0.0,1.0,1,1,1,0,financial_services,ChannelId_3,2,19.0,18.0,11.0,2018.0,87,2,2000,3,0
CustomerId_4000,184450.0,4729.48717948718,39,10015.3989196421,206550,5296.153846153846,50000,0.3333333333333333,0.6666666666666666,4,2,4,0,airtime,ChannelId_3,2,16.71794871794872,15.743589743589743,7.051282051282051,2018.4615384615386,3,39,206550,2,0
CustomerId_4001,14930.0,1658.888888888889,9,3292.690558055997,17070,1896.6666666666667,10000,0.4444444444444444,0.5555555555555556,3,2,3,0,financial_services,ChannelId_3,2,10.88888888888889,10.0,12.0,2018.0,45,9,17070,3,0
CustomerId_4002,14910.0,1863.75,8,2623.9443455552614,15690,1961.25,6000,0.375,0.625,2,2,3,0,airtime,ChannelId_3,4,10.875,11.75,7.875,2018.375,11,8,15690,0,1
CustomerId_4003,20000.0,3333.3333333333335,6,6088.2400303098,32000,5333.333333333333,10000,0.3333333333333333,0.6666666666666666,2,2,3,0,airtime,ChannelId_3,2,12.0,8.0,2.0,2019.0,5,6,32000,2,0
CustomerId_4005,1000.0,500.0,2,0.0,1000,500.0,500,0.0,1.0,1,1,1,0,financial_services,ChannelId_3,2,9.5,21.0,11.0,2018.0,84,2,1000,3,0
CustomerId_4006,50000.0,50000.0,1,0.0,50000,50000.0,50000,0.0,1.0,1,1,1,0,financial_services,ChannelId_3,2,10.0,19.0,11.0,2018.0,86,1,50000,3,0
CustomerId_4007,251233.0,6790.081081081081,37,8518.77346537366,346667,9369.378378378378,20000,0.2972972972972973,0.7027027027027027,3,2,5,0,financial_services,ChannelId_3,2,10.864864864864865,13.297297297297296,1.3783783783783783,2019.0,5,37,346667,2,0
CustomerId_4008,60000.0,2400.0,25,5471.517157059822,114400,4576.0,11200,0.24,0.76,4,2,4,0,airtime,ChannelId_3,2,14.4,17.48,12.0,2018.0,48,25,114400,3,0
CustomerId_4009,2000.0,2000.0,1,0.0,2000,2000.0,2000,0.0,1.0,1,1,1,0,airtime,ChannelId_3,2,7.0,6.0,12.0,2018.0,70,1,2000,3,0
CustomerId_401,25378.4,906.3714285714286,28,813.8876138892446,25822,922.2142857142857,2880,0.2857142857142857,0.7142857142857143,3,2,4,0,financial_services,ChannelId_3,2,15.142857142857142,14.392857142857142,7.892857142857143,2018.357142857143,9,28,25822,2,0
CustomerId_4011,351840.0,6172.631578947368,57,20570.709936904725,359152,6300.912280701755,150000,0.38596491228070173,0.6140350877192983,5,2,3,0,financial_services,ChannelId_3,2,9.964912280701755,19.649122807017545,6.087719298245614,2018.5438596491229,3,57,359152,2,0
CustomerId_4012,1000.0,1000.0,1,0.0,1000,1000.0,1000,0.0,1.0,1,1,1,0,airtime,ChannelId_3,2,10.0,18.0,11.0,2018.0,87,1,1000,3,0
CustomerId_4013,14000.0,3500.0,4,7681.145747868608,26000,6500.0,10000,0.5,0.5,2,2,3,0,financial_services,ChannelId_2,2,6.0,7.0,12.0,2018.0,69,4,26000,3,0
CustomerId_4014,284286.0,1920.8513513513512,148,5091.28306585529,292114,1973.7432432432433,29000,0.44594594594594594,0.5540540540540541,3,2,4,0,financial_services,ChannelId_3,2,12.567567567567568,26.56081081081081,1.0,2019.0,14,148,292114,2,0
CustomerId_4015,19000.0,3800.0,5,6685.805860178712,31000,6200.0,10000,0.4,0.6,2,2,3,0,financial_services,ChannelId_3,2,11.2,28.0,12.0,2018.0,47,5,31000,3,0
CustomerId_4016,19000.0,3800.0,5,6685.805860178712,31000,6200.0,10000,0.4,0.6,2,2,3,0,financial_services,ChannelId_3,2,16.0,8.0,2.0,2019.0,5,5,31000,2,0
CustomerId_4017,36560.0,3046.6666666666665,12,5982.692208413037,45440,3786.6666666666665,20000,0.4166666666666667,0.5833333333333334,3,2,3,0,financial_services,ChannelId_3,2,17.333333333333332,10.25,11.916666666666666,2018.0,53,12,45440,3,0
CustomerId_4019,28912.0,1314.1818181818182,22,1556.2674404871248,31288,1422.1818181818182,5800,0.3181818181818182,0.6818181818181818,3,2,3,0,financial_services,ChannelId_3,2,12.090909090909092,23.863636363636363,1.0,2019.0,16,22,31288,2,0
CustomerId_402,726000.0,55846.153846153844,13,72637.91038872901,729450,56111.53846153846,180000,0.0,1.0,4,1,1,0,financial_services,ChannelId_3,2,15.461538461538462,19.0,12.0,2018.0,54,13,729450,2,0
CustomerId_4020,26608.0,8869.333333333334,3,16570.43214081435,30232,10077.333333333334,28840,0.6666666666666666,0.3333333333333333,2,2,2,0,financial_services,ChannelId_2,2,19.0,3.0,2.0,2019.0,10,3,30232,2,0
CustomerId_4022,-510.0,-170.0,3,762.6925986267338,1510,503.3333333333333,1000,0.6666666666666666,0.3333333333333333,2,2,2,0,financial_services,ChannelId_2,2,16.0,20.0,1.0,2019.0,24,3,1510,0,1
CustomerId_4023,1000.0,1000.0,1,0.0,1000,1000.0,1000,0.0,1.0,1,1,1,0,airtime,ChannelId_3,4,9.0,7.0,12.0,2018.0,69,1,1000,3,0
CustomerId_4025,-5500.0,-1375.0,4,249.99999999999997,5500,1375.0,1500,1.0,0.0,1,1,1,0,airtime,ChannelId_5,4,12.25,20.5,11.25,2018.0,70,4,5500,3,0
CustomerId_4026,200000.0,200000.0,1,0.0,200000,200000.0,200000,0.0,1.0,1,1,1,0,financial_services,ChannelId_3,2,17.0,24.0,1.0,2019.0,20,1,200000,2,0
CustomerId_4027,1950.0,390.0,5,900.2777349240622,4050,810.0,1000,0.4,0.6,2,2,3,0,financial_services,ChannelId_3,2,7.4,12.6,12.0,2018.0,63,5,4050,3,0
CustomerId_4029,63400.0,2536.0,25,3892.0463769076546,78470,3138.8,11200,0.32,0.68,3,2,4,0,financial_services,ChannelId_3,2,13.52,14.8,1.52,2019.0,5,25,78470,2,0
CustomerId_403,102250.0,1573.076923076923,65,3779.673193163052,105950,1630.0,19000,0.4,0.6,2,2,3,0,financial_services,ChannelId_3,2,12.276923076923078,10.415384615384616,2.0,2019.0,1,65,105950,2,0
CustomerId_4030,6000.0,3000.0,2,2828.42712474619,6000,3000.0,5000,0.0,1.0,2,1,1,0,airtime,ChannelId_3,2,8.5,3.0,12.0,2018.0,73,2,6000,3,0
CustomerId_4031,23500.0,2350.0,10,4927.5303708405045,33500,3350.0,11000,0.1,0.9,3,2,3,0,airtime,ChannelId_3,2,13.0,26.3,1.0,2019.0,16,10,33500,2,0
CustomerId_4033,1768355.5,2272.9505141388177,778,10382.687289481062,1927834,2477.935732647815,200000,0.4023136246786632,0.5976863753213367,5,3,4,0,airtime,ChannelId_3,2,11.303341902313624,16.822622107969153,7.67866323907455,2018.3843187660668,12,778,1927834,2,0
CustomerId_4034,4940.0,548.8888888888889,9,921.2687507514358,7060,784.4444444444445,2000,0.4444444444444444,0.5555555555555556,3,2,3,0,financial_services,ChannelId_3,2,11.777777777777779,24.22222222222222,11.0,2018.0,79,9,7060,3,0
CustomerId_4035,40000.0,4444.444444444444,9,6463.573143221772,62000,6888.888888888889,10000,0.3333333333333333,0.6666666666666666,2,2,3,0,financial_services,ChannelId_3,2,12.666666666666666,19.333333333333332,1.3333333333333333,2019.0,6,9,62000,2,0
CustomerId_4036,90000.0,5000.0,18,6650.9618941659155,132000,7333.333333333333,15000,0.2777777777777778,0.7222222222222222,2,2,3,0,airtime,ChannelId_3,2,9.555555555555555,13.61111111111111,1.4444444444444444,2019.0,5,18,132000,2,0
CustomerId_4038,46302.0,1852.08,25,3092.67761440902,68578,2743.12,10000,0.24,0.76,4,3,4,0,airtime,ChannelId_3,2,15.08,14.4,1.28,2019.0,5,25,68578,2,0
CustomerId_4039,219000.0,5918.918918918919,37,5903.757646986735,291000,7864.864864864865,10000,0.21621621621621623,0.7837837837837838,2,2,3,0,airtime,ChannelId_3,2,12.405405405405405,16.0,7.081081081081081,2018.4594594594594,5,37,291000,2,0
CustomerId_404,20000.0,4000.0,5,6745.368781616021,32000,6400.0,10000,0.4,0.6,2,2,3,0,financial_services,ChannelId_3,2,12.0,8.0,2.0,2019.0,5,5,32000,2,0
CustomerId_4040,29000.0,4142.857142857143,7,7425.823667638301,51000,7285.714285714285,10000,0.42857142857142855,0.5714285714285714,2,2,3,0,airtime,ChannelId_3,2,11.0,21.0,12.0,2018.0,54,7,51000,3,0
CustomerId_4041,5940.0,742.5,8,1286.7872507028615,8060,1007.5,3000,0.5,0.5,2,2,3,0,financial_services,ChannelId_2,2,11.375,15.25,11.0,2018.0,90,8,8060,3,0
CustomerId_4042,74000.0,24666.666666666668,3,47961.7903474561,86000,28666.666666666668,80000,0.6666666666666666,0.3333333333333333,2,2,2,0,financial_services,ChannelId_2,2,11.0,14.0,12.0,2018.0,61,3,86000,3,0
CustomerId_4043,132036.0,1389.8526315789475,95,4090.5665761874266,179778,1892.4,18500,0.45263157894736844,0.5473684210526316,3,3,3,0,financial_services,ChannelId_3,2,12.926315789473684,21.010526315789473,1.2210526315789474,2019.0,1,95,179778,2,0
CustomerId_4044,80000.0,4705.882352941177,17,6302.427170169769,122000,7176.470588235294,10000,0.29411764705882354,0.7058823529411765,2,2,3,0,financial_services,ChannelId_3,2,15.235294117647058,13.294117647058824,1.4705882352941178,2019.0,5,17,122000,2,0
CustomerId_4045,1000.0,1000.0,1,0.0,1000,1000.0,1000,0.0,1.0,1,1,1,0,airtime,ChannelId_3,2,17.0,14.0,12.0,2018.0,61,1,1000,3,0
CustomerId_4046,1980.0,396.0,5,896.7050797224247,4020,804.0,1000,0.4,0.6,2,2,3,0,financial_services,ChannelId_3,2,10.2,23.6,1.0,2019.0,19,5,4020,0,1
CustomerId_4048,40000.0,4444.444444444444,9,6463.573143221772,62000,6888.888888888889,10000,0.3333333333333333,0.6666666666666666,2,2,3,0,financial_services,ChannelId_3,2,13.777777777777779,4.111111111111111,2.0,2019.0,5,9,62000,2,0
CustomerId_4049,14925.0,995.0,15,1587.2595430939634,17725,1181.6666666666667,4000,0.4666666666666667,0.5333333333333333,2,2,3,0,financial_services,ChannelId_3,2,13.466666666666667,7.733333333333333,12.0,2018.0,64,15,17725,3,0
CustomerId_405,1000.0,1000.0,1,0.0,1000,1000.0,1000,0.0,1.0,1,1,1,0,airtime,ChannelId_3,4,21.0,19.0,1.0,2019.0,25,1,1000,0,1
CustomerId_4050,5000.0,5000.0,1,0.0,5000,5000.0,5000,0.0,1.0,1,1,1,0,financial_services,ChannelId_3,2,10.0,20.0,12.0,2018.0,55,1,5000,3,0
CustomerId_4051,35910.0,1710.0,21,2655.7691917785323,38490,1832.857142857143,10000,0.2857142857142857,0.7142857142857143,2,2,4,0,airtime,ChannelId_3,2,14.380952380952381,8.714285714285714,2.0,2019.0,1,21,38490,2,0
CustomerId_4053,19000.0,3166.6666666666665,6,7626.707459098367,41000,6833.333333333333,10000,0.5,0.5,2,2,3,0,airtime,ChannelId_2,2,18.0,21.0,12.0,2018.0,54,6,41000,3,0
CustomerId_4055,210750.0,4484.04255319149,47,11600.450264794723,260650,5545.744680851064,50000,0.3191489361702128,0.6808510638297872,2,2,3,0,airtime,ChannelId_3,2,11.595744680851064,19.80851063829787,9.02127659574468,2018.212765957447,2,47,260650,2,0
CustomerId_4056,40000.0,4444.444444444444,9,6463.573143221772,62000,6888.888888888889,10000,0.3333333333333333,0.6666666666666666,2,2,3,0,financial_services,ChannelId_3,2,18.555555555555557,14.333333333333334,1.4444444444444444,2019.0,12,9,62000,2,0
CustomerId_4058,980.0,245.0,4,959.218431849597,3020,755.0,1000,0.5,0.5,2,2,3,0,financial_services,ChannelId_2,2,16.25,20.5,1.0,2019.0,23,4,3020,0,1
CustomerId_4059,12595.0,1259.5,10,814.972562592004,13005,1300.5,2100,0.2,0.8,2,2,3,0,airtime,ChannelId_1,2,14.3,13.8,7.4,2018.4,23,10,13005,0,1
CustomerId_4061,70000.0,5000.0,14,6275.716324421889,102000,7285.714285714285,10000,0.2857142857142857,0.7142857142857143,2,2,3,0,financial_services,ChannelId_3,2,13.857142857142858,15.142857142857142,1.2857142857142858,2019.0,12,14,102000,2,0
CustomerId_4064,2000.0,666.6666666666666,3,3785.9388972001825,10000,3333.3333333333335,7000,0.6666666666666666,0.3333333333333333,2,2,2,0,financial_services,ChannelId_2,2,21.0,14.0,12.0,2018.0,61,3,10000,3,0
CustomerId_4065,50000.0,5000.0,10,6429.100507328637,72000,7200.0,11000,0.3,0.7,2,2,3,0,airtime,ChannelId_3,2,12.4,19.5,6.5,2018.5,34,10,72000,2,0
CustomerId_4066,2000.0,1000.0,2,0.0,2000,1000.0,1000,0.0,1.0,2,1,2,0,airtime,ChannelId_3,2,12.0,7.0,1.0,2019.0,37,2,2000,0,1
CustomerId_4067,50000.0,5000.0,10,6342.099196813483,72000,7200.0,10000,0.3,0.7,2,2,3,0,airtime,ChannelId_3,2,15.6,15.4,1.4,2019.0,12,10,72000,2,0
CustomerId_4068,1000.0,1000.0,1,0.0,1000,1000.0,1000,0.0,1.0,1,1,1,0,airtime,ChannelId_3,2,6.0,19.0,11.0,2018.0,87,1,1000,3,0
CustomerId_4069,26274.0,1194.2727272727273,22,5597.746963282198,73302,3331.909090909091,13560,0.3181818181818182,0.6818181818181818,3,3,3,0,financial_services,ChannelId_3,2,9.045454545454545,18.0,10.772727272727273,2018.0454545454545,43,22,73302,2,0
CustomerId_407,10000.0,10000.0,1,0.0,10000,10000.0,10000,0.0,1.0,1,1,1,0,airtime,ChannelId_3,4,16.0,1.0,2.0,2019.0,12,1,10000,0,1
CustomerId_4070,6890.0,1148.3333333333333,6,1954.1792821199049,9110,1518.3333333333333,4000,0.5,0.5,2,2,3,0,financial_services,ChannelId_2,2,11.333333333333334,30.0,12.0,2018.0,45,6,9110,3,0
CustomerId_4071,-50.0,-16.666666666666668,3,1000.4165798972613,2050,683.3333333333334,1000,0.6666666666666666,0.3333333333333333,2,2,2,0,financial_services,ChannelId_2,2,13.0,4.0,2.0,2019.0,9,3,2050,0,1
CustomerId_4072,500.0,500.0,1,0.0,500,500.0,500,0.0,1.0,1,1,1,0,financial_services,ChannelId_3,2,15.0,13.0,1.0,2019.0,31,1,500,0,1
CustomerId_4073,15480.0,774.0,20,1299.268620173835,18520,926.0,5000,0.45,0.55,2,2,3,0,financial_services,ChannelId_3,2,14.15,8.5,2.0,2019.0,2,20,18520,2,0
CustomerId_4074,500.0,500.0,1,0.0,500,500.0,500,0.0,1.0,1,1,1,0,financial_services,ChannelId_3,2,14.0,21.0,11.0,2018.0,84,1,500,3,0
CustomerId_4075,576000.0,192000.0,3,267005.61791842506,576000,192000.0,500000,0.0,1.0,3,1,1,1,airtime,ChannelId_3,2,6.0,1.0,1.0,2019.0,44,3,576000,2,1
CustomerId_4077,20000.0,3333.3333333333335,6,6088.2400303098,32000,5333.333333333333,10000,0.3333333333333333,0.6666666666666666,2,2,3,0,airtime,ChannelId_3,2,9.833333333333334,8.0,2.0,2019.0,5,6,32000,2,0
CustomerId_4079,1000.0,1000.0,1,0.0,1000,1000.0,1000,0.0,1.0,1,1,1,0,airtime,ChannelId_3,4,8.0,30.0,11.0,2018.0,76,1,1000,3,0
CustomerId_408,-14000.0,-4666.666666666667,3,5507.570547286102,14000,4666.666666666667,11000,1.0,0.0,2,1,1,0,airtime,ChannelId_5,4,6.0,15.0,1.0,2019.0,30,3,14000,0,1
CustomerId_4085,86163.0,5068.411764705882,17,7231.318094396964,92837,5461.0,21800,0.35294117647058826,0.6470588235294118,4,2,3,0,financial_services,ChannelId_3,2,11.647058823529411,14.529411764705882,9.352941176470589,2018.235294117647,37,17,92837,2,0
CustomerId_4086,80000.0,5000.0,16,6985.699678629192,122000,7625.0,16000,0.3125,0.6875,2,2,3,0,financial_services,ChannelId_3,2,13.125,17.375,7.1875,2018.4375,33,16,122000,2,0
CustomerId_4087,74000.0,24666.666666666668,3,47961.7903474561,86000,28666.666666666668,80000,0.6666666666666666,0.3333333333333333,2,2,2,0,financial_services,ChannelId_2,2,8.0,14.0,12.0,2018.0,62,3,86000,3,0
CustomerId_4089,108499.0,1095.949494949495,99,2400.8627971820047,142371,1438.090909090909,10000,0.3434343434343434,0.6565656565656566,3,3,4,0,financial_services,ChannelId_3,2,13.181818181818182,15.767676767676768,8.474747474747474,2018.3333333333333,4,99,142371,2,0
CustomerId_4090,80000.0,4705.882352941177,17,6302.427170169769,122000,7176.470588235294,10000,0.29411764705882354,0.7058823529411765,2,2,3,0,financial_services,ChannelId_3,2,11.588235294117647,13.588235294117647,1.2352941176470589,2019.0,12,17,122000,2,0
CustomerId_4092,20000.0,4000.0,5,6745.368781616021,32000,6400.0,10000,0.4,0.6,2,2,3,0,financial_services,ChannelId_3,2,19.0,1.0,2.0,2019.0,12,5,32000,2,0
CustomerId_4095,62060.0,4432.857142857143,14,8773.752314165797,64940,4638.571428571428,25000,0.2857142857142857,0.7142857142857143,2,2,3,0,airtime,ChannelId_3,2,13.142857142857142,7.428571428571429,9.642857142857142,2018.2142857142858,37,14,64940,2,0
CustomerId_4097,96529.0,1440.7313432835822,67,2494.0100518745303,101941,1521.5074626865671,10000,0.417910447761194,0.582089552238806,3,2,3,0,financial_services,ChannelId_3,2,11.164179104477611,20.880597014925375,10.850746268656716,2018.1044776119404,41,67,101941,2,0
CustomerId_4098,475.0,237.5,2,371.23106012293744,525,262.5,500,0.5,0.5,2,2,2,0,airtime,ChannelId_2,2,11.0,28.0,11.0,2018.0,77,2,525,3,0
CustomerId_4101,5000.0,5000.0,1,0.0,5000,5000.0,5000,0.0,1.0,1,1,1,0,financial_services,ChannelId_3,2,20.0,28.0,1.0,2019.0,16,1,5000,0,1
CustomerId_4102,12280.0,2456.0,5,7986.496603642927,24860,4972.0,16480,0.6,0.4,3,2,2,0,financial_services,ChannelId_2,2,15.0,19.4,11.0,2018.0,83,5,24860,3,0
CustomerId_4103,2000.0,1000.0,2,0.0,2000,1000.0,1000,0.0,1.0,1,1,1,0,airtime,ChannelId_1,4,9.0,16.0,11.0,2018.0,90,2,2000,3,0
CustomerId_4104,10000.0,10000.0,1,0.0,10000,10000.0,10000,0.0,1.0,1,1,1,0,financial_services,ChannelId_3,2,10.0,29.0,1.0,2019.0,15,1,10000,0,1
CustomerId_4106,20000.0,4000.0,5,6745.368781616021,32000,6400.0,10000,0.4,0.6,2,2,3,0,financial_services,ChannelId_3,2,13.0,11.0,1.0,2019.0,33,5,32000,2,0
CustomerId_4107,2400.0,1200.0,2,282.842712474619,2400,1200.0,1400,0.0,1.0,1,1,1,0,airtime,ChannelId_3,4,13.0,4.0,1.0,2019.0,40,2,2400,0,1
CustomerId_4108,4000.0,2000.0,2,0.0,4000,2000.0,2000,0.0,1.0,1,1,1,0,airtime,ChannelId_3,1,3.0,20.0,11.0,2018.0,86,2,4000,3,0
CustomerId_4109,59015.5,1439.4024390243903,41,2411.975101497506,63085,1538.658536585366,12000,0.24390243902439024,0.7560975609756098,2,2,3,0,financial_services,ChannelId_3,2,9.341463414634147,16.463414634146343,4.902439024390244,2018.658536585366,2,41,63085,2,0
CustomerId_411,81500.0,13583.333333333334,6,1772.4747294860558,81500,13583.333333333334,14500,0.0,1.0,1,1,1,0,financial_services,ChannelId_3,2,8.333333333333334,24.0,12.0,2018.0,52,6,81500,3,0
CustomerId_4112,2021000.0,404200.0,5,543900.9100930059,2021000,404200.0,1000000,0.0,1.0,1,1,1,0,financial_services,ChannelId_3,0,11.0,10.0,12.0,2018.0,65,5,2021000,2,0
CustomerId_4113,122958.0,3152.769230769231,39,6959.2988548134135,196413,5036.2307692307695,28606,0.2564102564102564,0.7435897435897436,5,3,5,0,financial_services,ChannelId_3,2,10.179487179487179,15.384615384615385,5.102564102564102,2018.6153846153845,16,39,196413,2,0
CustomerId_4115,56660.0,1089.6153846153845,52,1875.7191682632144,60340,1160.3846153846155,12000,0.38461538461538464,0.6153846153846154,2,2,4,0,airtime,ChannelId_3,4,12.153846153846153,15.173076923076923,9.961538461538462,2018.1538461538462,40,52,60340,2,0
CustomerId_4117,5000.0,5000.0,1,0.0,5000,5000.0,5000,0.0,1.0,1,1,1,0,financial_services,ChannelId_3,2,7.0,10.0,1.0,2019.0,35,1,5000,0,1
CustomerId_4118,19000.0,3800.0,5,6685.805860178712,31000,6200.0,10000,0.4,0.6,2,2,3,0,financial_services,ChannelId_3,2,10.0,28.0,12.0,2018.0,47,5,31000,3,0
CustomerId_4119,7400.0,740.0,10,1625.4025142509572,9600,960.0,5000,0.5,0.5,3,2,3,0,financial_services,ChannelId_2,2,13.4,26.0,12.0,2018.0,45,10,9600,3,0
CustomerId_412,14470.0,1607.7777777777778,9,1704.8150763189667,14930,1658.888888888889,5000,0.3333333333333333,0.6666666666666666,2,2,3,0,financial_services,ChannelId_3,2,6.444444444444445,12.555555555555555,10.777777777777779,2018.111111111111,32,9,14930,0,1
CustomerId_4120,70000.0,3181.818181818182,22,6099.776448958824,122400,5563.636363636364,11000,0.3181818181818182,0.6818181818181818,2,2,4,0,airtime,ChannelId_3,2,13.409090909090908,9.863636363636363,1.7272727272727273,2019.0,1,22,122400,2,0
CustomerId_4123,11555.0,1650.7142857142858,7,1990.834055890957,12245,1749.2857142857142,5000,0.42857142857142855,0.5714285714285714,2,2,3,0,financial_services,ChannelId_3,2,12.428571428571429,20.428571428571427,11.0,2018.0,82,7,12245,3,0
CustomerId_4124,137110.0,3808.6111111111113,36,11323.66955989035,164890,4580.277777777777,50000,0.3888888888888889,0.6111111111111112,3,3,3,0,financial_services,ChannelId_3,2,11.61111111111111,21.083333333333332,8.944444444444445,2018.2777777777778,32,36,164890,2,0
CustomerId_4125,401455.0,6690.916666666667,60,28949.71451941538,424495,7074.916666666667,200000,0.45,0.55,4,2,3,0,financial_services,ChannelId_3,2,12.983333333333333,15.216666666666667,2.283333333333333,2018.8833333333334,25,60,424495,2,0
CustomerId_4127,20800.0,3466.6666666666665,6,5982.195806446549,31200,5200.0,10000,0.3333333333333333,0.6666666666666666,2,2,3,0,airtime,ChannelId_3,2,9.666666666666666,22.166666666666668,11.333333333333334,2018.0,68,6,31200,3,0
CustomerId_4128,800000.0,800000.0,1,0.0,800000,800000.0,800000,0.0,1.0,1,1,1,1,financial_services,ChannelId_3,2,19.0,26.0,12.0,2018.0,49,1,800000,2,1
CustomerId_4130,1900.0,380.0,5,1094.074951728628,4100,820.0,2000,0.4,0.6,2,2,3,0,financial_services,ChannelId_3,2,9.6,27.2,1.0,2019.0,16,5,4100,0,1
CustomerId_4131,127408.5,7078.25,18,11618.757317182772,149002,8277.888888888889,30840,0.3333333333333333,0.6666666666666666,3,2,3,0,financial_services,ChannelId_3,2,11.944444444444445,17.444444444444443,1.4444444444444444,2019.0,9,18,149002,2,0
CustomerId_4132,180142.0,2251.775,80,4405.473037360618,184658,2308.225,18000,0.3375,0.6625,4,2,4,0,financial_services,ChannelId_3,2,13.7,10.45,1.8625,2019.0,1,80,184658,2,0
CustomerId_4133,20000.0,10000.0,2,0.0,20000,10000.0,10000,0.0,1.0,1,1,1,0,financial_services,ChannelId_3,2,17.0,17.0,11.0,2018.0,88,2,20000,3,0
CustomerId_4134,700000.0,700000.0,1,0.0,700000,700000.0,700000,0.0,1.0,1,1,1,1,financial_services,ChannelId_3,0,9.0,17.0,11.0,2018.0,89,1,700000,3,1
CustomerId_4135,69466.0,1177.3898305084747,59,1646.455252090435,76069,1289.3050847457628,6000,0.3898305084745763,0.6101694915254238,4,2,3,0,financial_services,ChannelId_3,2,12.152542372881356,25.406779661016948,11.05084745762712,2018.0,54,59,76069,3,0
CustomerId_4136,8490.0,943.3333333333334,9,1254.1506089780446,10910,1212.2222222222222,2500,0.3333333333333333,0.6666666666666666,2,2,3,0,financial_services,ChannelId_3,2,19.88888888888889,8.777777777777779,2.0,2019.0,1,9,10910,0,1
CustomerId_4137,20000.0,2500.0,8,6803.36051416609,44000,5500.0,11000,0.5,0.5,2,2,3,0,airtime,ChannelId_2,2,16.0,11.0,1.0,2019.0,33,8,44000,2,0
CustomerId_4138,2000.0,2000.0,1,0.0,2000,2000.0,2000,0.0,1.0,1,1,1,0,airtime,ChannelId_3,4,11.0,20.0,12.0,2018.0,55,1,2000,3,0
CustomerId_4139,5980.0,1993.3333333333333,3,2653.324958110735,6020,2006.6666666666667,5000,0.3333333333333333,0.6666666666666666,3,2,2,0,airtime,ChannelId_3,4,10.333333333333334,20.0,1.0,2019.0,18,3,6020,0,1
CustomerId_414,26717.0,1406.157894736842,19,2671.2538933192213,33003,1737.0,10000,0.47368421052631576,0.5263157894736842,4,2,3,0,financial_services,ChannelId_3,2,12.105263157894736,13.526315789473685,12.0,2018.0,62,19,33003,3,0
CustomerId_4141,25504.0,4250.666666666667,6,8852.536510326669,39606,6601.0,20000,0.5,0.5,3,2,3,0,financial_services,ChannelId_2,2,11.5,26.666666666666668,1.0,2019.0,14,6,39606,2,0
CustomerId_4142,600.0,300.0,2,282.842712474619,600,300.0,500,0.0,1.0,1,1,1,0,airtime,ChannelId_3,4,5.0,14.5,1.0,2019.0,23,2,600,0,1
CustomerId_4143,1500.0,750.0,2,353.5533905932738,1500,750.0,1000,0.0,1.0,1,1,2,0,airtime,ChannelId_3,4,10.0,3.0,12.0,2018.0,72,2,1500,3,0
CustomerId_4144,75000.0,37500.0,2,17677.66952966369,75000,37500.0,50000,0.0,1.0,1,1,1,0,financial_services,ChannelId_3,2,23.0,6.0,2.0,2019.0,7,2,75000,2,0
CustomerId_4145,80000.0,3636.3636363636365,22,8109.638325241993,172000,7818.181818181818,20000,0.45454545454545453,0.5454545454545454,2,2,4,0,airtime,ChannelId_3,2,11.590909090909092,14.409090909090908,1.4090909090909092,2019.0,1,22,172000,2,0
CustomerId_4146,662090.0,9881.940298507463,67,26637.929737944247,675260,10078.507462686568,150000,0.2537313432835821,0.746268656716418,4,2,4,0,financial_services,ChannelId_3,2,12.970149253731343,11.328358208955224,1.0597014925373134,2019.0,2,67,675260,2,0
CustomerId_4148,11000.0,5500.0,2,707.1067811865476,11000,5500.0,6000,0.0,1.0,1,1,2,0,airtime,ChannelId_3,1,9.0,5.0,1.0,2019.0,40,2,11000,0,1
CustomerId_4149,35970.0,3270.0,11,3533.8222932117,52030,4730.0,14000,0.2727272727272727,0.7272727272727273,3,2,3,0,financial_services,ChannelId_3,2,10.272727272727273,25.545454545454547,11.090909090909092,2018.0,62,11,52030,3,0
CustomerId_415,473750.0,11279.761904761905,42,17366.35428948119,532291,12673.595238095239,50470,0.35714285714285715,0.6428571428571429,4,2,3,0,financial_services,ChannelId_1,2,12.0,16.023809523809526,7.690476190476191,2018.3809523809523,7,42,532291,2,0
CustomerId_4150,26000.0,4333.333333333333,6,6088.2400303098,38000,6333.333333333333,10000,0.3333333333333333,0.6666666666666666,2,2,3,0,airtime,ChannelId_3,2,8.0,8.0,2.0,2019.0,6,6,38000,2,0
CustomerId_4151,30000.0,1363.6363636363637,22,4152.399817265221,62000,2818.181818181818,10000,0.18181818181818182,0.8181818181818182,2,2,4,0,airtime,ChannelId_3,2,8.363636363636363,16.90909090909091,6.5,2018.5,30,22,62000,2,0
CustomerId_4152,153066.3,654.1294871794871,234,2944.7281654180924,409857,1751.525641025641,11400,0.452991452991453,0.5470085470085471,2,3,4,0,airtime,ChannelId_3,2,8.35897435897436,15.679487179487179,7.478632478632479,2018.3931623931624,6,234,409857,2,0
CustomerId_4153,49000.0,4454.545454545455,11,7559.247798076689,72030,6548.181818181818,16000,0.2727272727272727,0.7272727272727273,3,3,3,0,financial_services,ChannelId_3,2,12.454545454545455,19.0,9.272727272727273,2018.2727272727273,8,11,72030,2,0
CustomerId_4154,-10.0,-2.5,4,707.1244586351119,2010,502.5,1000,0.5,0.5,2,2,3,0,airtime,ChannelId_2,2,17.75,25.0,1.0,2019.0,19,4,2010,0,1
CustomerId_4155,11415.0,878.0769230769231,13,840.0583770923762,11785,906.5384615384615,2300,0.3076923076923077,0.6923076923076923,2,2,3,0,financial_services,ChannelId_3,2,14.076923076923077,21.384615384615383,11.923076923076923,2018.0,47,13,11785,3,0
CustomerId_4156,171630.0,3991.3953488372094,43,10607.33990741347,186370,4334.186046511628,50000,0.3953488372093023,0.6046511627906976,2,2,3,0,financial_services,ChannelId_3,2,10.488372093023257,8.255813953488373,2.0,2019.0,3,43,186370,2,0
CustomerId_4157,71578.0,3767.2631578947367,19,4848.102272964424,87122,4585.368421052632,15000,0.3157894736842105,0.6842105263157895,4,2,3,0,airtime,ChannelId_3,4,11.157894736842104,13.0,6.157894736842105,2018.5263157894738,20,19,87122,2,0
CustomerId_4158,-10.0,-2.5,4,707.1244586351119,2010,502.5,1000,0.5,0.5,2,2,3,0,financial_services,ChannelId_2,2,19.0,29.0,12.0,2018.0,46,4,2010,0,1
CustomerId_4159,40000.0,4000.0,10,6164.414002968976,62000,6200.0,10000,0.3,0.7,2,2,3,0,airtime,ChannelId_3,2,8.9,15.4,1.4,2019.0,12,10,62000,2,0
CustomerId_416,1000.0,1000.0,1,0.0,1000,1000.0,1000,0.0,1.0,1,1,1,0,airtime,ChannelId_3,2,16.0,8.0,2.0,2019.0,5,1,1000,0,1
CustomerId_4160,110200.0,13775.0,8,34916.86043814854,119100,14887.5,106300,0.375,0.625,4,2,2,0,financial_services,ChannelId_3,2,15.625,19.875,10.625,2018.125,27,8,119100,2,0
CustomerId_4161,3960.0,360.0,11,598.7820972607648,6060,550.9090909090909,1000,0.36363636363636365,0.6363636363636364,2,2,3,0,financial_services,ChannelId_3,2,18.181818181818183,14.909090909090908,1.4545454545454546,2019.0,8,11,6060,0,1
CustomerId_4163,57000.0,9500.0,6,9628.083921528727,71000,11833.333333333334,20000,0.3333333333333333,0.6666666666666666,2,2,3,0,financial_services,ChannelId_3,2,12.0,21.0,11.833333333333334,2018.0,53,6,71000,3,0
CustomerId_4164,57508.0,7188.5,8,9507.646591785251,62532,7816.5,28840,0.375,0.625,4,2,3,0,financial_services,ChannelId_3,2,16.875,15.5,1.0,2019.0,25,8,62532,2,0
CustomerId_4165,21350.0,1940.909090909091,11,2931.5403955785923,21850,1986.3636363636363,10000,0.36363636363636365,0.6363636363636364,2,2,3,0,airtime,ChannelId_3,2,7.545454545454546,19.818181818181817,10.0,2018.1818181818182,35,11,21850,0,1
CustomerId_4167,515700.0,32231.25,16,23666.98033829693,547700,34231.25,50000,0.25,0.75,3,2,2,0,airtime,ChannelId_3,4,16.4375,17.5,12.0,2018.0,57,16,547700,2,0
CustomerId_4168,54450.0,3630.0,15,3957.082258432342,58750,3916.6666666666665,10000,0.4,0.6,2,2,4,0,financial_services,ChannelId_3,2,15.866666666666667,18.2,8.333333333333334,2018.3333333333333,26,15,58750,2,0
CustomerId_4169,7990.0,1598.0,5,2045.2432618150829,8010,1602.0,5000,0.2,0.8,2,2,4,0,financial_services,ChannelId_3,2,8.0,7.6,1.8,2019.0,10,5,8010,0,1
CustomerId_4170,2000.0,666.6666666666666,3,288.6751345948129,2000,666.6666666666666,1000,0.0,1.0,2,1,1,0,other,ChannelId_3,1,8.0,13.0,12.0,2018.0,63,3,2000,3,0
CustomerId_4171,15000.0,5000.0,3,8660.254037844386,33000,11000.0,14000,0.3333333333333333,0.6666666666666666,2,2,2,0,movies,ChannelId_3,2,17.0,16.0,11.0,2018.0,89,3,33000,3,0
CustomerId_4173,53079.0,1516.5428571428572,35,5007.305435666016,56181,1605.1714285714286,30000,0.4,0.6,3,2,4,0,financial_services,ChannelId_3,2,12.142857142857142,17.82857142857143,1.4,2019.0,3,35,56181,2,0
CustomerId_4174,54130.0,1546.5714285714287,35,3201.8181350207733,56870,1624.857142857143,15000,0.4,0.6,3,2,3,0,financial_services,ChannelId_3,2,15.114285714285714,21.257142857142856,11.371428571428572,2018.057142857143,26,35,56870,2,0
CustomerId_4175,500.0,500.0,1,0.0,500,500.0,500,0.0,1.0,1,1,1,0,airtime,ChannelId_3,4,11.0,12.0,2.0,2019.0,1,1,500,0,1
CustomerId_4176,20200.0,4040.0,5,6789.918998044086,32200,6440.0,10100,0.4,0.6,2,2,3,0,financial_services,ChannelId_3,2,14.0,28.0,12.0,2018.0,47,5,32200,3,0
CustomerId_4177,500.0,500.0,1,0.0,500,500.0,500,0.0,1.0,1,1,1,0,airtime,ChannelId_3,4,10.0,13.0,1.0,2019.0,31,1,500,0,1
CustomerId_4179,23750.0,2638.8888888888887,9,4291.690938442692,26250,2916.6666666666665,10000,0.4444444444444444,0.5555555555555556,2,2,3,0,airtime,ChannelId_3,2,8.88888888888889,15.666666666666666,4.888888888888889,2018.6666666666667,11,9,26250,2,0
CustomerId_4180,1000.0,1000.0,1,0.0,1000,1000.0,1000,0.0,1.0,1,1,1,0,financial_services,ChannelId_3,0,7.0,3.0,12.0,2018.0,73,1,1000,3,0
CustomerId_4181,57440.0,1196.6666666666667,48,2800.7533814218805,103590,2158.125,6850,0.4166666666666667,0.5833333333333334,3,3,3,0,financial_services,ChannelId_3,2,13.270833333333334,13.208333333333334,7.020833333333333,2018.4583333333333,5,48,103590,2,0
CustomerId_4182,19758.0,1234.875,16,1529.94273857989,24372,1523.25,5750,0.375,0.625,3,2,4,0,airtime,ChannelId_3,2,11.6875,15.0625,7.0,2018.4375,10,16,24372,2,0
CustomerId_4183,215594.25,3593.2375,60,11968.481799440042,259672,4327.866666666667,70000,0.4,0.6,6,2,3,0,financial_services,ChannelId_3,2,13.25,17.883333333333333,9.383333333333333,2018.2166666666667,34,60,259672,2,0
CustomerId_4184,42570.0,946.0,45,1353.8638309399037,45830,1018.4444444444445,5000,0.4444444444444444,0.5555555555555556,2,2,3,0,airtime,ChannelId_3,4,14.133333333333333,12.533333333333333,11.777777777777779,2018.0,57,45,45830,3,0
CustomerId_4185,3930.0,561.4285714285714,7,982.8941715062473,6070,867.1428571428571,2000,0.42857142857142855,0.5714285714285714,2,2,3,0,financial_services,ChannelId_3,2,11.428571428571429,22.857142857142858,10.428571428571429,2018.142857142857,30,7,6070,0,1
CustomerId_4186,10000.0,2000.0,5,5744.562646538028,22000,4400.0,10000,0.4,0.6,2,2,3,0,airtime,ChannelId_3,2,16.0,1.0,2.0,2019.0,12,5,22000,2,0
CustomerId_4187,61775.0,1314.3617021276596,47,4387.031235582857,65825,1400.531914893617,30000,0.48936170212765956,0.5106382978723404,2,2,4,0,financial_services,ChannelId_3,2,11.914893617021276,8.872340425531915,11.76595744680851,2018.0212765957447,14,47,65825,2,0
CustomerId_4188,578670.0,8636.865671641792,67,12727.71956638228,703459,10499.388059701492,30000,0.3880597014925373,0.6119402985074627,4,2,3,0,financial_services,ChannelId_3,2,11.298507462686567,16.388059701492537,6.1940298507462686,2018.5223880597016,3,67,703459,2,0
CustomerId_4189,126039.0,5251.625,24,8499.47909305393,144081,6003.375,32900,0.3333333333333333,0.6666666666666666,3,2,3,0,airtime,ChannelId_3,2,9.916666666666666,22.916666666666668,4.166666666666667,2018.7083333333333,6,24,144081,2,0
CustomerId_4190,23750.0,5937.5,4,7848.500387547505,26250,6562.5,15000,0.5,0.5,2,2,2,0,airtime,ChannelId_2,2,6.5,12.5,12.0,2018.0,56,4,26250,3,0
CustomerId_4191,55695.0,3094.1666666666665,18,3741.7981875657842,68505,3805.8333333333335,10000,0.3888888888888889,0.6111111111111112,2,2,4,0,financial_services,ChannelId_3,2,14.5,19.555555555555557,4.777777777777778,2018.6666666666667,12,18,68505,2,0
CustomerId_4192,-8050.0,-894.4444444444445,9,2756.8601302528527,20050,2227.777777777778,5000,0.5555555555555556,0.4444444444444444,2,3,4,0,airtime,ChannelId_3,2,11.222222222222221,11.0,1.5555555555555556,2019.0,1,9,20050,2,0
CustomerId_4193,1865757.0,19038.336734693876,98,32756.3420357929,1984143,20246.35714285714,125000,0.3673469387755102,0.6326530612244898,3,2,3,0,financial_services,ChannelId_3,2,10.510204081632653,14.744897959183673,7.86734693877551,2018.3877551020407,1,98,1984143,2,0
CustomerId_4194,500.0,500.0,1,0.0,500,500.0,500,0.0,1.0,1,1,1,0,data_bundles,ChannelId_3,4,18.0,11.0,12.0,2018.0,64,1,500,3,0
CustomerId_4196,15900.0,3975.0,4,7456.708389095017,18100,4525.0,15000,0.5,0.5,2,2,3,0,financial_services,ChannelId_2,2,15.75,20.0,11.0,2018.0,84,4,18100,3,0
CustomerId_4197,39500.0,5642.857142857143,7,10110.696834352739,51500,7357.142857142857,20000,0.2857142857142857,0.7142857142857143,2,3,3,0,airtime,ChannelId_3,2,15.714285714285714,18.142857142857142,7.285714285714286,2018.4285714285713,15,7,51500,2,0
CustomerId_4198,89306.0,1941.4347826086957,46,4025.251438121179,96894,2106.391304347826,20000,0.41304347826086957,0.5869565217391305,3,2,3,0,financial_services,ChannelId_3,2,13.565217391304348,20.717391304347824,4.891304347826087,2018.6521739130435,1,46,96894,2,0
CustomerId_4199,65940.0,1198.909090909091,55,1542.657546702218,71460,1299.2727272727273,5500,0.4727272727272727,0.5272727272727272,2,2,3,0,airtime,ChannelId_3,4,11.036363636363637,14.290909090909091,11.781818181818181,2018.0,53,55,71460,3,0
CustomerId_420,18923.0,860.1363636363636,22,1210.1009617640743,21424,973.8181818181819,3000,0.4090909090909091,0.5909090909090909,2,2,3,0,financial_services,ChannelId_3,2,13.409090909090908,9.954545454545455,1.6818181818181819,2019.0,2,22,21424,2,0
CustomerId_4200,1000.0,500.0,2,0.0,1000,500.0,500,0.0,1.0,1,1,2,0,financial_services,ChannelId_3,2,13.0,21.0,12.0,2018.0,54,2,1000,0,1
CustomerId_4201,23925.0,1495.3125,16,2574.80126660292,24425,1526.5625,10000,0.3125,0.6875,2,2,3,0,airtime,ChannelId_3,2,13.375,17.25,5.625,2018.5625,9,16,24425,2,0
CustomerId_4202,164644.7,7840.22380952381,21,13033.876492889778,176391,8399.57142857143,50000,0.2857142857142857,0.7142857142857143,3,2,4,0,financial_services,ChannelId_3,2,13.19047619047619,16.428571428571427,4.857142857142857,2018.6666666666667,6,21,176391,2,0
CustomerId_4203,60000.0,3750.0,16,7827.302643099132,122000,7625.0,16000,0.4375,0.5625,2,2,4,0,airtime,ChannelId_3,2,13.25,13.8125,1.5625,2019.0,2,16,122000,2,0
CustomerId_4204,341976.5,3599.7526315789473,95,8357.693753481739,411837,4335.126315789474,53500,0.3157894736842105,0.6842105263157895,5,2,3,0,financial_services,ChannelId_3,2,10.263157894736842,14.778947368421052,4.71578947368421,2018.6842105263158,4,95,411837,2,0
CustomerId_4205,65500.0,5038.461538461538,13,1941.450686788302,65500,5038.461538461538,10000,0.0,1.0,2,1,2,0,financial_services,ChannelId_3,2,4.3076923076923075,26.0,1.0,2019.0,19,13,65500,2,0
CustomerId_4206,60000.0,3333.3333333333335,18,6444.331754705517,112000,6222.222222222223,11000,0.3333333333333333,0.6666666666666666,2,2,4,0,airtime,ChannelId_3,2,14.222222222222221,11.777777777777779,1.6666666666666667,2019.0,1,18,112000,2,0
CustomerId_4207,10000.0,10000.0,1,0.0,10000,10000.0,10000,0.0,1.0,1,1,1,0,financial_services,ChannelId_3,2,8.0,20.0,12.0,2018.0,56,1,10000,3,0
CustomerId_4209,-510.0,-170.0,3,762.6925986267338,1510,503.3333333333333,1000,0.6666666666666666,0.3333333333333333,2,2,2,0,financial_services,ChannelId_2,2,22.0,27.0,12.0,2018.0,48,3,1510,0,1
CustomerId_4211,48800.0,3050.0,16,3646.5508817694194,53200,3325.0,10000,0.375,0.625,2,2,3,0,airtime,ChannelId_3,2,13.5625,20.4375,8.5625,2018.3125,39,16,53200,2,0
CustomerId_4212,2960.0,740.0,4,1506.784656146989,5040,1260.0,2000,0.5,0.5,2,2,3,0,financial_services,ChannelId_2,2,6.0,1.0,1.0,2019.0,44,4,5040,0,1
CustomerId_4213,303601.8,4600.027272727272,66,5703.304466158745,414579,6281.5,11000,0.21212121212121213,0.7878787878787878,3,2,4,0,airtime,ChannelId_3,2,8.287878787878787,15.424242424242424,7.545454545454546,2018.3939393939395,5,66,414579,2,0
CustomerId_4214,34000.0,5666.666666666667,6,7527.72652709081,46000,7666.666666666667,15000,0.3333333333333333,0.6666666666666666,2,2,3,0,airtime,ChannelId_3,2,15.5,28.333333333333332,12.0,2018.0,46,6,46000,3,0
CustomerId_4215,21440.0,1649.2307692307693,13,3914.642302813165,34730,2671.5384615384614,10170,0.3076923076923077,0.6923076923076923,3,2,3,0,airtime,ChannelId_3,2,14.0,16.692307692307693,12.0,2018.0,56,13,34730,3,0
CustomerId_4216,66730.0,1213.2727272727273,55,1376.2025778763586,71270,1295.8181818181818,5000,0.45454545454545453,0.5454545454545454,2,2,4,0,airtime,ChannelId_3,4,11.690909090909091,14.581818181818182,6.509090909090909,2018.509090909091,1,55,71270,2,0
CustomerId_4218,14920.0,785.2631578947369,19,1005.7756455208124,16280,856.8421052631579,3100,0.47368421052631576,0.5263157894736842,2,2,2,0,airtime,ChannelId_3,2,12.263157894736842,13.105263157894736,10.842105263157896,2018.1052631578948,3,19,16280,2,0
CustomerId_4219,20000.0,3333.3333333333335,6,6088.2400303098,32000,5333.333333333333,10000,0.3333333333333333,0.6666666666666666,2,2,3,0,airtime,ChannelId_3,2,8.666666666666666,2.0,2.0,2019.0,7,6,32000,2,0
CustomerId_422,180000.0,90000.0,2,14142.13562373095,180000,90000.0,100000,0.0,1.0,1,1,1,0,airtime,ChannelId_3,4,16.0,6.0,1.0,2019.0,38,2,180000,2,0
CustomerId_4220,500.0,500.0,1,0.0,500,500.0,500,0.0,1.0,1,1,1,0,financial_services,ChannelId_3,2,13.0,29.0,11.0,2018.0,76,1,500,3,0
CustomerId_4221,80000.0,80000.0,1,0.0,80000,80000.0,80000,0.0,1.0,1,1,1,0,financial_services,ChannelId_3,2,6.0,19.0,1.0,2019.0,26,1,80000,2,0
CustomerId_4224,8985.0,691.1538461538462,13,954.8257996578789,11615,893.4615384615385,2000,0.46153846153846156,0.5384615384615384,2,2,3,0,financial_services,ChannelId_3,2,12.076923076923077,6.3076923076923075,2.0,2019.0,2,13,11615,0,1
CustomerId_4225,500.0,500.0,1,0.0,500,500.0,500,0.0,1.0,1,1,1,0,financial_services,ChannelId_3,2,18.0,18.0,12.0,2018.0,57,1,500,0,1
CustomerId_4226,799000.0,79900.0,10,75571.0850053702,811000,81100.0,160000,0.2,0.8,3,2,3,0,ticket,ChannelId_3,2,9.5,14.4,12.0,2018.0,58,10,811000,2,0
CustomerId_4227,950.0,237.5,4,962.0940702446928,3050,762.5,1000,0.5,0.5,2,2,3,0,financial_services,ChannelId_2,2,20.0,24.75,12.0,2018.0,50,4,3050,0,1
CustomerId_4228,-3500.0,-875.0,4,2015.5644370746375,7500,1875.0,2500,0.75,0.25,2,2,2,0,airtime,ChannelId_5,4,8.0,10.5,2.0,2019.0,2,4,7500,0,1
CustomerId_4229,39430.0,788.6,50,945.055359570571,41970,839.4,5000,0.4,0.6,2,2,3,0,airtime,ChannelId_3,2,11.72,14.34,3.16,2018.82,2,50,41970,2,0
CustomerId_423,5500.0,2750.0,2,353.5533905932738,5500,2750.0,3000,0.0,1.0,1,1,1,0,financial_services,ChannelId_3,2,9.0,25.0,12.0,2018.0,51,2,5500,3,0
CustomerId_4230,17000.0,4250.0,4,1500.0,17000,4250.0,5000,0.0,1.0,3,1,1,0,airtime,ChannelId_3,4,13.5,29.5,11.0,2018.0,75,4,17000,3,0
CustomerId_4233,39000.0,13000.0,3,12124.355652982142,42800,14266.666666666666,21800,0.3333333333333333,0.6666666666666666,2,2,2,0,financial_services,ChannelId_3,2,7.0,9.0,1.0,2019.0,36,3,42800,2,0
CustomerId_4234,44900.0,3741.6666666666665,12,4636.261882424702,49100,4091.6666666666665,11000,0.4166666666666667,0.5833333333333334,2,2,3,0,financial_services,ChannelId_3,2,11.75,18.166666666666668,1.25,2019.0,3,12,49100,2,0
CustomerId_4235,22880.0,1089.5238095238096,21,2793.5344569030754,43870,2089.0476190476193,10000,0.19047619047619047,0.8095238095238095,4,3,3,0,financial_services,ChannelId_3,2,12.571428571428571,18.047619047619047,11.047619047619047,2018.0,65,21,43870,3,0
CustomerId_4237,69631.0,1740.775,40,2584.514133652838,73969,1849.225,10000,0.4,0.6,3,2,4,0,financial_services,ChannelId_3,2,12.25,17.8,10.875,2018.1,31,40,73969,2,0
CustomerId_4238,906257.0,6427.354609929078,141,12808.541690235328,1049738,7444.9503546099295,50410,0.3333333333333333,0.6666666666666666,4,2,3,0,financial_services,ChannelId_3,2,14.297872340425531,17.05673758865248,6.48936170212766,2018.4964539007092,3,141,1049738,2,0
CustomerId_4239,215000.0,23888.88888888889,9,31600.808709764235,215000,23888.88888888889,100000,0.0,1.0,1,1,1,0,financial_services,ChannelId_3,2,17.555555555555557,23.666666666666668,1.2222222222222223,2019.0,10,9,215000,2,0
CustomerId_424,10000.0,10000.0,1,0.0,10000,10000.0,10000,0.0,1.0,1,1,1,0,financial_services,ChannelId_3,2,18.0,9.0,12.0,2018.0,66,1,10000,3,0
CustomerId_4240,2611500.0,261150.0,10,391309.6280440848,2611500,261150.0,1000000,0.0,1.0,2,1,1,0,financial_services,ChannelId_3,2,10.2,9.1,5.9,2018.6,1,10,2611500,2,0
CustomerId_4241,18900.0,3780.0,5,4460.044842823892,21100,4220.0,10000,0.4,0.6,2,2,3,0,financial_services,ChannelId_3,2,19.8,25.8,9.8,2018.2,39,5,21100,3,0
CustomerId_4242,10000.0,5000.0,2,0.0,10000,5000.0,5000,0.0,1.0,1,1,1,0,financial_services,ChannelId_3,2,18.0,23.0,12.0,2018.0,52,2,10000,3,0
CustomerId_4243,6000.0,3000.0,2,2828.42712474619,6000,3000.0,5000,0.0,1.0,1,1,2,0,financial_services,ChannelId_3,2,17.0,15.0,1.0,2019.0,29,2,6000,0,1
CustomerId_4244,8880.0,888.0,10,1457.492519515776,11120,1112.0,4000,0.5,0.5,2,2,3,0,financial_services,ChannelId_2,2,9.7,20.1,1.0,2019.0,23,10,11120,0,1
CustomerId_4245,82000.0,4315.789473684211,19,5910.584964272407,112300,5910.526315789473,15000,0.2631578947368421,0.7368421052631579,2,2,4,0,financial_services,ChannelId_3,2,19.842105263157894,14.631578947368421,1.4210526315789473,2019.0,6,19,112300,2,0
CustomerId_4246,5900.0,737.5,8,1174.2687694293597,8100,1012.5,2000,0.5,0.5,2,2,2,0,airtime,ChannelId_2,2,6.625,20.25,12.0,2018.0,54,8,8100,3,0
CustomerId_4247,17250.0,862.5,20,951.1592649858492,18750,937.5,2000,0.45,0.55,2,2,2,0,airtime,ChannelId_3,4,9.75,15.05,7.35,2018.4,12,20,18750,2,0
CustomerId_4250,46964.0,11741.0,4,14527.721500634572,51676,12919.0,28840,0.5,0.5,3,2,2,0,financial_services,ChannelId_2,2,11.5,18.0,11.0,2018.0,86,4,51676,3,0
CustomerId_4252,588199.75,3179.4581081081083,185,7776.817634764906,983583,5316.664864864865,72100,0.34594594594594597,0.654054054054054,5,3,5,0,airtime,ChannelId_3,2,14.691891891891892,15.2,6.162162162162162,2018.535135135135,1,185,983583,2,0
CustomerId_4253,328000.0,4555.555555555556,72,7148.653549748714,531360,7380.0,20000,0.3472222222222222,0.6527777777777778,3,2,5,0,airtime,ChannelId_3,2,9.402777777777779,16.916666666666668,6.680555555555555,2018.4722222222222,1,72,531360,2,0
CustomerId_4254,140010.0,6087.391304347826,23,8660.213212466278,210410,9148.260869565218,20000,0.34782608695652173,0.6521739130434783,2,2,4,0,financial_services,ChannelId_3,2,10.91304347826087,15.217391304347826,8.91304347826087,2018.2608695652175,5,23,210410,2,0
CustomerId_4255,7350.0,490.0,15,642.0391621344338,9850,656.6666666666666,1000,0.4,0.6,2,2,2,0,airtime,ChannelId_3,4,10.133333333333333,17.6,7.6,2018.4,35,15,9850,0,1
CustomerId_4256,12425.0,591.6666666666666,21,929.1788489485399,15175,722.6190476190476,3500,0.42857142857142855,0.5714285714285714,3,2,3,0,financial_services,ChannelId_3,2,13.380952380952381,15.428571428571429,2.7142857142857144,2018.857142857143,5,21,15175,2,0
CustomerId_4257,4900.0,2450.0,2,3606.2445840513924,5100,2550.0,5000,0.5,0.5,2,2,2,0,airtime,ChannelId_2,2,6.0,22.0,11.0,2018.0,84,2,5100,3,0
CustomerId_4258,19000.0,3800.0,5,6685.805860178712,31000,6200.0,10000,0.4,0.6,2,2,3,0,financial_services,ChannelId_3,2,18.8,28.0,12.0,2018.0,47,5,31000,3,0
CustomerId_4260,1000.0,1000.0,1,0.0,1000,1000.0,1000,0.0,1.0,1,1,1,0,financial_services,ChannelId_3,2,4.0,6.0,2.0,2019.0,8,1,1000,0,1
CustomerId_4261,20000.0,4000.0,5,6745.368781616021,32000,6400.0,10000,0.4,0.6,2,2,3,0,financial_services,ChannelId_3,2,10.0,8.0,2.0,2019.0,5,5,32000,2,0
CustomerId_4262,5845.0,730.625,8,334.9033709253206,5885,735.625,1000,0.125,0.875,2,2,3,0,financial_services,ChannelId_3,2,10.5,24.5,6.5,2018.5,20,8,5885,0,1
CustomerId_4265,500.0,500.0,1,0.0,500,500.0,500,0.0,1.0,1,1,1,0,financial_services,ChannelId_3,2,18.0,27.0,1.0,2019.0,17,1,500,0,1
CustomerId_4266,480000.0,160000.0,3,103923.04845413264,488400,162800.0,288400,0.0,1.0,2,1,1,0,financial_services,ChannelId_1,2,20.666666666666668,22.333333333333332,1.0,2019.0,17,3,488400,2,0
CustomerId_4267,3000.0,1000.0,3,0.0,3000,1000.0,1000,0.0,1.0,1,1,1,0,financial_services,ChannelId_3,2,17.0,18.0,11.0,2018.0,87,3,3000,3,0
CustomerId_427,1000.0,1000.0,1,0.0,1000,1000.0,1000,0.0,1.0,1,1,1,0,financial_services,ChannelId_3,2,15.0,4.0,1.0,2019.0,40,1,1000,0,1
CustomerId_4270,9000.0,9000.0,1,0.0,10170,10170.0,10170,0.0,1.0,1,1,1,0,utility_bill,ChannelId_3,2,18.0,3.0,1.0,2019.0,41,1,10170,0,1
CustomerId_4272,1000.0,1000.0,1,0.0,1000,1000.0,1000,0.0,1.0,1,1,1,0,financial_services,ChannelId_3,2,14.0,11.0,12.0,2018.0,64,1,1000,3,0
CustomerId_4273,207451.0,3400.8360655737706,61,23422.769655601027,902893,14801.524590163934,100000,0.47540983606557374,0.5245901639344263,5,3,3,0,financial_services,ChannelId_3,2,10.967213114754099,15.59016393442623,3.8360655737704916,2018.7540983606557,1,61,902893,2,0
CustomerId_4274,95800.0,3421.4285714285716,28,4349.080545046457,98580,3520.714285714286,11500,0.2857142857142857,0.7142857142857143,2,2,3,0,financial_services,ChannelId_3,2,11.785714285714286,14.107142857142858,1.3214285714285714,2019.0,3,28,98580,2,0
CustomerId_4275,2595000.0,370714.28571428574,7,325197.74204101023,2595000,370714.28571428574,700000,0.0,1.0,1,1,1,3,financial_services,ChannelId_3,0,10.714285714285714,17.142857142857142,11.0,2018.0,86,7,2595000,3,1
CustomerId_4276,1500.0,750.0,2,353.5533905932738,1500,750.0,1000,0.0,1.0,2,1,2,0,airtime,ChannelId_3,2,12.0,17.5,11.0,2018.0,88,2,1500,3,0
CustomerId_4277,20000.0,2857.1428571428573,7,5490.251100164467,32000,4571.428571428572,10000,0.2857142857142857,0.7142857142857143,2,2,3,0,airtime,ChannelId_3,2,16.0,1.0,2.0,2019.0,12,7,32000,2,0
CustomerId_4279,24450.0,1358.3333333333333,18,1822.8936273053862,25750,1430.5555555555557,5000,0.3888888888888889,0.6111111111111112,2,2,3,0,airtime,ChannelId_3,2,8.055555555555555,17.555555555555557,8.222222222222221,2018.3333333333333,23,18,25750,2,0
CustomerId_428,293200.0,16288.888888888889,18,24596.027629749457,314800,17488.88888888889,60000,0.2777777777777778,0.7222222222222222,2,2,4,0,financial_services,ChannelId_3,2,9.88888888888889,17.666666666666668,5.444444444444445,2018.611111111111,7,18,314800,2,0
CustomerId_4280,4000.0,571.4285714285714,7,1105.236453908221,6200,885.7142857142857,2500,0.42857142857142855,0.5714285714285714,2,2,3,0,financial_services,ChannelId_3,2,8.571428571428571,8.857142857142858,2.0,2019.0,1,7,6200,0,1
CustomerId_4281,39000.0,4875.0,8,8542.958671159708,61000,7625.0,20000,0.375,0.625,2,2,3,0,airtime,ChannelId_3,2,10.0,10.5,6.5,2018.5,18,8,61000,2,0
CustomerId_4282,1500.0,750.0,2,353.5533905932738,1500,750.0,1000,0.0,1.0,2,1,2,0,airtime,ChannelId_3,2,16.5,7.5,2.0,2019.0,5,2,1500,0,1
CustomerId_4283,36000.0,5142.857142857143,7,5956.189257922424,48000,6857.142857142857,10000,0.2857142857142857,0.7142857142857143,2,2,3,0,financial_services,ChannelId_3,2,8.714285714285714,23.0,1.0,2019.0,20,7,48000,2,0
CustomerId_4287,10000.0,10000.0,1,0.0,10000,10000.0,10000,0.0,1.0,1,1,1,0,financial_services,ChannelId_3,2,20.0,19.0,11.0,2018.0,86,1,10000,3,0
CustomerId_4288,1900.0,950.0,2,1484.9242404917497,2100,1050.0,2000,0.5,0.5,2,2,2,0,airtime,ChannelId_2,2,4.0,21.0,11.0,2018.0,85,2,2100,3,0
CustomerId_4289,70000.0,3500.0,20,8101.3319242806265,152000,7600.0,21000,0.45,0.55,2,2,4,0,airtime,ChannelId_3,2,12.8,14.6,1.4,2019.0,1,20,152000,2,0
CustomerId_429,1000.0,1000.0,1,0.0,1000,1000.0,1000,0.0,1.0,1,1,1,0,airtime,ChannelId_3,4,5.0,15.0,1.0,2019.0,30,1,1000,0,1
CustomerId_4290,1000.0,1000.0,1,0.0,1000,1000.0,1000,0.0,1.0,1,1,1,0,financial_services,ChannelId_3,2,19.0,15.0,1.0,2019.0,29,1,1000,0,1
CustomerId_4291,20000.0,3333.3333333333335,6,6088.2400303098,32000,5333.333333333333,10000,0.3333333333333333,0.6666666666666666,2,2,3,0,airtime,ChannelId_3,2,13.0,11.0,1.0,2019.0,33,6,32000,2,0
CustomerId_4294,94508.0,1783.1698113207547,53,3440.557735063007,137008,2585.056603773585,10000,0.20754716981132076,0.7924528301886793,2,2,3,0,airtime,ChannelId_3,2,12.415094339622641,19.528301886792452,4.830188679245283,2018.6415094339623,20,53,137008,2,0
CustomerId_4297,1000.0,1000.0,1,0.0,1000,1000.0,1000,0.0,1.0,1,1,1,0,financial_services,ChannelId_3,2,6.0,21.0,1.0,2019.0,24,1,1000,0,1
CustomerId_4298,1430.0,238.33333333333334,6,763.1622806891512,3570,595.0,1000,0.5,0.5,3,2,2,0,financial_services,ChannelId_2,2,6.0,20.666666666666668,8.333333333333334,2018.3333333333333,15,6,3570,0,1
CustomerId_4299,19000.0,3800.0,5,6685.805860178712,31000,6200.0,10000,0.4,0.6,2,2,3,0,financial_services,ChannelId_3,2,20.0,28.0,12.0,2018.0,47,5,31000,3,0
CustomerId_4300,20000.0,2857.1428571428573,7,5580.578567035604,32000,4571.428571428572,10000,0.2857142857142857,0.7142857142857143,2,2,3,0,airtime,ChannelId_3,2,11.571428571428571,25.571428571428573,10.428571428571429,2018.142857142857,34,7,32000,2,0
CustomerId_4301,500.0,166.66666666666666,3,1040.8329997330663,2500,833.3333333333334,1000,0.3333333333333333,0.6666666666666666,2,2,3,0,financial_services,ChannelId_3,2,9.0,5.0,1.0,2019.0,40,3,2500,0,1
CustomerId_4302,74000.0,24666.666666666668,3,47961.7903474561,86000,28666.666666666668,80000,0.6666666666666666,0.3333333333333333,2,2,2,0,financial_services,ChannelId_2,2,10.0,15.0,12.0,2018.0,60,3,86000,3,0
CustomerId_4304,29000.0,3625.0,8,4565.006649971687,41000,5125.0,10000,0.25,0.75,2,2,3,0,financial_services,ChannelId_3,2,17.875,30.0,11.0,2018.0,75,8,41000,3,0
CustomerId_4305,43593.0,1210.9166666666667,36,1833.3351244579994,48157,1337.6944444444443,5750,0.3611111111111111,0.6388888888888888,3,2,3,0,financial_services,ChannelId_3,2,13.666666666666666,15.36111111111111,1.4166666666666667,2019.0,3,36,48157,2,0
CustomerId_4308,500.0,500.0,1,0.0,500,500.0,500,0.0,1.0,1,1,1,0,airtime,ChannelId_3,2,13.0,26.0,1.0,2019.0,18,1,500,0,1
CustomerId_4309,69950.0,2057.3529411764707,34,2228.0964954125916,76550,2251.470588235294,5000,0.38235294117647056,0.6176470588235294,2,2,4,0,airtime,ChannelId_3,2,15.970588235294118,18.176470588235293,8.117647058823529,2018.3529411764705,30,34,76550,2,0
CustomerId_431,4800.0,533.3333333333334,9,553.3985905294663,5200,577.7777777777778,1000,0.4444444444444444,0.5555555555555556,2,2,3,0,airtime,ChannelId_3,2,15.11111111111111,20.77777777777778,11.0,2018.0,78,9,5200,3,0
CustomerId_4310,4000.0,800.0,5,1646.5873800075112,6300,1260.0,3000,0.4,0.6,2,2,2,0,airtime,ChannelId_3,4,16.2,19.0,12.0,2018.0,50,5,6300,3,0
CustomerId_4311,254690.0,4897.884615384615,52,9075.444803346125,331590,6376.7307692307695,40000,0.4423076923076923,0.5576923076923077,3,3,3,0,airtime,ChannelId_3,2,13.057692307692308,20.0,5.634615384615385,2018.5961538461538,1,52,331590,2,0
CustomerId_4312,179655.0,1414.6062992125985,127,2322.868677172383,191165,1505.236220472441,14000,0.33070866141732286,0.6692913385826772,3,2,3,0,financial_services,ChannelId_3,2,12.850393700787402,17.086614173228348,1.1811023622047243,2019.0,1,127,191165,2,0
CustomerId_4313,10000.0,10000.0,1,0.0,10000,10000.0,10000,0.0,1.0,1,1,1,0,financial_services,ChannelId_3,2,16.0,30.0,11.0,2018.0,75,1,10000,3,0
CustomerId_4314,129738.5,1380.1968085106382,94,5101.819481057864,197322,2099.1702127659573,30000,0.425531914893617,0.574468085106383,4,3,4,0,financial_services,ChannelId_3,2,10.659574468085106,16.861702127659573,10.595744680851064,2018.127659574468,20,94,197322,2,0
CustomerId_4315,434447.0,3367.8062015503874,129,23994.411614698663,1410117,10931.139534883721,118450,0.3798449612403101,0.6201550387596899,5,3,4,0,financial_services,ChannelId_3,2,11.674418604651162,16.372093023255815,6.147286821705427,2018.5271317829458,1,129,1410117,2,0
CustomerId_4317,260000.0,130000.0,2,169705.6274847714,260000,130000.0,250000,0.0,1.0,1,1,1,0,financial_services,ChannelId_3,2,17.5,19.0,12.0,2018.0,56,2,260000,3,0
CustomerId_4318,217050.0,7235.0,30,16576.240526729816,233700,7790.0,80000,0.3,0.7,4,2,3,0,financial_services,ChannelId_3,2,11.966666666666667,24.333333333333332,5.4,2018.6,13,30,233700,2,0
CustomerId_4319,460717.0,2047.631111111111,225,3658.246241603529,475283,2112.3688888888887,20000,0.40444444444444444,0.5955555555555555,3,2,3,0,financial_services,ChannelId_3,2,13.511111111111111,9.648888888888889,2.0,2019.0,1,225,475283,2,0
CustomerId_432,-20.0,-6.666666666666667,3,1000.0666644445926,2020,673.3333333333334,1000,0.6666666666666666,0.3333333333333333,2,2,2,0,financial_services,ChannelId_2,2,19.0,22.0,1.0,2019.0,22,3,2020,0,1
CustomerId_4321,10000.0,10000.0,1,0.0,10000,10000.0,10000,0.0,1.0,1,1,1,0,airtime,ChannelId_3,4,9.0,11.0,1.0,2019.0,34,1,10000,0,1
CustomerId_4322,51464.0,3027.294117647059,17,5074.882705106418,78013,4589.0,11200,0.29411764705882354,0.7058823529411765,3,2,4,0,financial_services,ChannelId_3,2,13.470588235294118,13.235294117647058,1.4705882352941178,2019.0,5,17,78013,2,0
CustomerId_4323,10930.0,496.8181818181818,22,689.2707420485478,13870,630.4545454545455,1500,0.45454545454545453,0.5454545454545454,2,2,3,0,financial_services,ChannelId_3,2,13.272727272727273,18.0,1.0909090909090908,2019.0,6,22,13870,0,1
CustomerId_4324,34625.0,641.2037037037037,54,3310.9529402901844,85975,1592.1296296296296,11250,0.3148148148148148,0.6851851851851852,3,3,3,0,airtime,ChannelId_3,2,11.314814814814815,12.296296296296296,4.703703703703703,2018.6666666666667,10,54,85975,2,0
CustomerId_4325,44000.0,7333.333333333333,6,8981.462390204986,61400,10233.333333333334,21800,0.3333333333333333,0.6666666666666666,2,2,2,0,utility_bill,ChannelId_3,2,10.833333333333334,23.0,11.0,2018.0,75,6,61400,3,0
CustomerId_4326,4620.0,385.0,12,5882.985482033606,48820,4068.3333333333335,12000,0.3333333333333333,0.6666666666666666,2,3,3,0,financial_services,ChannelId_3,2,18.583333333333332,15.166666666666666,7.25,2018.4166666666667,8,12,48820,2,0
CustomerId_4327,2500.0,500.0,5,0.0,2500,500.0,500,0.0,1.0,2,1,1,0,airtime,ChannelId_3,4,16.0,8.0,1.0,2019.0,30,5,2500,0,1
CustomerId_4328,55134.0,3938.1428571428573,14,9659.730382104102,107976,7712.571428571428,32900,0.5,0.5,2,2,4,0,financial_services,ChannelId_2,2,15.5,12.0,10.857142857142858,2018.0714285714287,36,14,107976,2,0
CustomerId_4329,2000.0,2000.0,1,0.0,2000,2000.0,2000,0.0,1.0,1,1,1,0,airtime,ChannelId_3,4,12.0,11.0,2.0,2019.0,2,1,2000,0,1
CustomerId_433,1000.0,1000.0,1,0.0,1000,1000.0,1000,0.0,1.0,1,1,1,0,financial_services,ChannelId_3,2,13.0,30.0,12.0,2018.0,45,1,1000,0,1
CustomerId_4330,12050.0,446.2962962962963,27,500.27606339014426,13150,487.037037037037,1000,0.48148148148148145,0.5185185185185185,2,2,2,0,airtime,ChannelId_3,4,11.481481481481481,17.85185185185185,5.0,2018.6296296296296,7,27,13150,0,1
CustomerId_4332,20000.0,20000.0,1,0.0,20000,20000.0,20000,0.0,1.0,1,1,1,0,airtime,ChannelId_3,4,6.0,8.0,1.0,2019.0,37,1,20000,0,1
CustomerId_4333,141778.0,1181.4833333333333,120,3848.9232194601796,292272,2435.6,21800,0.31666666666666665,0.6833333333333333,4,2,3,0,airtime,ChannelId_3,2,12.2,14.483333333333333,9.041666666666666,2018.2583333333334,3,120,292272,2,0
CustomerId_4334,8500.0,772.7272727272727,11,753.778361444409,10500,954.5454545454545,2000,0.09090909090909091,0.9090909090909091,2,2,2,0,airtime,ChannelId_3,4,10.363636363636363,7.2727272727272725,1.0,2019.0,36,11,10500,0,1
CustomerId_4335,-510.0,-170.0,3,762.6925986267338,1510,503.3333333333333,1000,0.6666666666666666,0.3333333333333333,2,2,2,0,financial_services,ChannelId_2,2,20.0,15.0,1.0,2019.0,29,3,1510,0,1
CustomerId_4336,448279.5,1326.2707100591715,338,2338.8226846825823,472771,1398.7307692307693,16650,0.4319526627218935,0.5680473372781065,4,3,4,0,financial_services,ChannelId_3,2,13.23076923076923,12.319526627218934,12.0,2018.0,54,338,472771,2,0
CustomerId_4337,370300.0,13714.814814814816,27,35960.720597979205,371700,13766.666666666666,160000,0.25925925925925924,0.7407407407407407,3,2,3,0,airtime,ChannelId_3,4,14.444444444444445,13.37037037037037,2.2222222222222223,2018.888888888889,19,27,371700,2,0
CustomerId_4338,9860.0,821.6666666666666,12,1474.1458749411677,12140,1011.6666666666666,5000,0.4166666666666667,0.5833333333333334,2,2,3,0,airtime,ChannelId_3,2,10.166666666666666,6.75,2.0,2019.0,5,12,12140,0,1
CustomerId_4340,-10000.0,-3333.3333333333335,3,6110.100926607787,14000,4666.666666666667,10000,0.6666666666666666,0.3333333333333333,2,2,2,0,airtime,ChannelId_5,4,14.333333333333334,14.0,1.3333333333333333,2019.0,4,3,14000,0,1
CustomerId_4341,960.0,320.0,3,1532.0574401764445,3040,1013.3333333333334,2000,0.6666666666666666,0.3333333333333333,2,2,2,0,financial_services,ChannelId_2,2,19.0,6.0,12.0,2018.0,69,3,3040,3,0
CustomerId_4342,4000.0,1333.3333333333333,3,7767.453465154029,20000,6666.666666666667,14000,0.6666666666666666,0.3333333333333333,2,2,2,0,financial_services,ChannelId_2,2,19.0,14.0,12.0,2018.0,61,3,20000,3,0
CustomerId_4343,413171.0,45907.88888888889,9,54237.308746942,447519,49724.333333333336,155000,0.2222222222222222,0.7777777777777778,3,2,3,0,utility_bill,ChannelId_3,2,13.222222222222221,21.77777777777778,12.0,2018.0,52,9,447519,2,0
CustomerId_4344,470000.0,156666.66666666666,3,11547.005383792513,470000,156666.66666666666,170000,0.0,1.0,1,1,1,0,financial_services,ChannelId_3,0,10.666666666666666,23.0,11.0,2018.0,82,3,470000,3,0
CustomerId_4346,88265.65,1176.8753333333332,75,1722.1228948866556,94676,1262.3466666666666,5500,0.44,0.56,4,2,3,0,financial_services,ChannelId_3,2,13.72,20.933333333333334,7.226666666666667,2018.4266666666667,13,75,94676,2,0
CustomerId_4347,175975.0,2513.9285714285716,70,4840.9366153322635,275025,3928.9285714285716,12000,0.4,0.6,3,2,3,0,airtime,ChannelId_3,2,16.02857142857143,18.228571428571428,5.114285714285714,2018.6285714285714,2,70,275025,2,0
CustomerId_4348,18082.0,2583.1428571428573,7,3961.576093281201,23764,3394.8571428571427,10000,0.42857142857142855,0.5714285714285714,3,2,3,0,financial_services,ChannelId_3,2,14.714285714285714,12.142857142857142,2.0,2019.0,1,7,23764,2,0
CustomerId_4349,70665.0,1177.75,60,2227.9137130310646,74935,1248.9166666666667,10000,0.43333333333333335,0.5666666666666667,3,2,3,0,financial_services,ChannelId_3,2,12.766666666666667,23.016666666666666,12.0,2018.0,48,60,74935,3,0
CustomerId_435,4500.0,1500.0,3,866.0254037844386,4500,1500.0,2000,0.0,1.0,1,1,1,0,airtime,ChannelId_3,1,10.0,7.0,1.0,2019.0,37,3,4500,0,1
CustomerId_4351,5940.0,594.0,10,574.8081805649989,6060,606.0,2000,0.2,0.8,2,2,3,0,airtime,ChannelId_3,1,5.5,17.0,11.0,2018.0,86,10,6060,3,0
CustomerId_4353,32279.0,1241.5,26,2504.0838843776774,34721,1335.423076923077,11500,0.4230769230769231,0.5769230769230769,2,2,4,0,financial_services,ChannelId_3,2,11.26923076923077,18.153846153846153,1.0,2019.0,14,26,34721,2,0
CustomerId_4355,2300.0,575.0,4,50.0,2300,575.0,600,0.0,1.0,1,1,1,0,financial_services,ChannelId_3,2,9.0,9.0,2.0,2019.0,5,4,2300,0,1
CustomerId_4356,1960.0,490.0,4,1296.3024338479042,4040,1010.0,2000,0.5,0.5,2,2,2,0,financial_services,ChannelId_2,2,13.0,20.0,1.0,2019.0,24,4,4040,0,1
CustomerId_4357,43452.0,944.6086956521739,46,1328.455217800165,46748,1016.2608695652174,7000,0.34782608695652173,0.6521739130434783,2,2,3,0,financial_services,ChannelId_3,2,15.891304347826088,14.043478260869565,5.934782608695652,2018.5869565217392,2,46,46748,2,0
CustomerId_4358,480.0,80.0,6,585.1153732384751,2520,420.0,1000,0.5,0.5,2,2,2,0,airtime,ChannelId_2,2,12.833333333333334,12.833333333333334,12.0,2018.0,61,6,2520,3,0
CustomerId_436,70000.0,3684.2105263157896,19,7318.565672915146,142000,7473.684210526316,11000,0.42105263157894735,0.5789473684210527,2,2,4,0,airtime,ChannelId_3,2,11.526315789473685,14.31578947368421,1.4210526315789473,2019.0,1,19,142000,2,0
CustomerId_4360,20000.0,4000.0,5,6745.368781616021,32000,6400.0,10000,0.4,0.6,2,2,3,0,financial_services,ChannelId_3,2,17.0,8.0,2.0,2019.0,5,5,32000,2,0
CustomerId_4361,50000.0,50000.0,1,0.0,50000,50000.0,50000,0.0,1.0,1,1,1,0,financial_services,ChannelId_3,2,21.0,21.0,11.0,2018.0,84,1,50000,3,0
CustomerId_4362,2000.0,2000.0,1,0.0,2000,2000.0,2000,0.0,1.0,1,1,1,0,financial_services,ChannelId_3,2,11.0,7.0,1.0,2019.0,37,1,2000,0,1
CustomerId_4363,84790.0,3854.090909090909,22,4892.765951689154,87210,3964.090909090909,11000,0.3181818181818182,0.6818181818181818,3,2,3,0,financial_services,ChannelId_3,2,12.909090909090908,16.636363636363637,1.0,2019.0,19,22,87210,2,0
CustomerId_4364,80550.0,1519.811320754717,53,5583.864040031927,83250,1570.754716981132,40000,0.41509433962264153,0.5849056603773585,3,2,3,0,financial_services,ChannelId_3,2,11.716981132075471,24.037735849056602,10.962264150943396,2018.0943396226414,40,53,83250,2,0
CustomerId_4365,20000.0,3333.3333333333335,6,6088.2400303098,32000,5333.333333333333,10000,0.3333333333333333,0.6666666666666666,2,2,3,0,airtime,ChannelId_3,2,19.0,1.0,2.0,2019.0,12,6,32000,2,0
CustomerId_4367,1500.0,500.0,3,0.0,1500,500.0,500,0.0,1.0,1,1,1,0,financial_services,ChannelId_3,2,14.0,12.0,2.0,2019.0,1,3,1500,0,1
CustomerId_4368,19000.0,2714.285714285714,7,4750.939756661683,37000,5285.714285714285,10000,0.42857142857142855,0.5714285714285714,2,2,3,0,financial_services,ChannelId_3,2,6.428571428571429,24.428571428571427,12.0,2018.0,49,7,37000,3,0
CustomerId_4369,2000.0,2000.0,1,0.0,2000,2000.0,2000,0.0,1.0,1,1,1,0,financial_services,ChannelId_3,2,20.0,8.0,2.0,2019.0,5,1,2000,0,1
CustomerId_437,22615.0,4523.0,5,8740.846354901796,24785,4957.0,20000,0.4,0.6,2,2,3,0,financial_services,ChannelId_3,2,12.6,5.0,3.2,2018.8,43,5,24785,3,0
CustomerId_4370,22046.0,1224.7777777777778,18,2509.5226767972185,22654,1258.5555555555557,11000,0.3333333333333333,0.6666666666666666,3,2,3,0,airtime,ChannelId_3,2,11.11111111111111,17.88888888888889,10.166666666666666,2018.1666666666667,17,18,22654,2,0
CustomerId_4371,2771040.0,9425.30612244898,294,13077.751176885717,3067560,10433.877551020409,120000,0.282312925170068,0.717687074829932,3,2,4,0,financial_services,ChannelId_3,2,12.139455782312925,15.687074829931973,7.5646258503401365,2018.404761904762,1,294,3067560,2,0
CustomerId_4373,73000.0,36500.0,2,50204.581464244875,73000,36500.0,72000,0.0,1.0,2,1,1,0,airtime,ChannelId_3,2,11.0,7.5,2.0,2019.0,3,2,73000,2,0
CustomerId_4374,40000.0,4444.444444444444,9,6463.573143221772,62000,6888.888888888889,10000,0.3333333333333333,0.6666666666666666,2,2,3,0,financial_services,ChannelId_3,2,16.666666666666668,14.333333333333334,1.4444444444444444,2019.0,12,9,62000,2,0
CustomerId_4376,24000.0,4800.0,5,8497.058314499202,24000,4800.0,20000,0.0,1.0,2,1,1,0,financial_services,ChannelId_3,2,15.0,25.2,11.6,2018.0,53,5,24000,3,0
CustomerId_4377,10000.0,10000.0,1,0.0,10000,10000.0,10000,0.0,1.0,1,1,1,0,financial_services,ChannelId_3,2,6.0,18.0,1.0,2019.0,27,1,10000,0,1
CustomerId_4378,7500.0,2500.0,3,1322.8756555322952,7500,2500.0,4000,0.0,1.0,1,1,1,0,financial_services,ChannelId_3,2,9.0,18.0,12.0,2018.0,58,3,7500,3,0
CustomerId_4379,2400.0,400.0,6,926.8225288586807,4600,766.6666666666666,1500,0.5,0.5,2,2,3,0,financial_services,ChannelId_2,2,10.0,20.333333333333332,1.3333333333333333,2019.0,1,6,4600,0,1
CustomerId_4380,93546.0,3897.75,24,7213.0159961606605,128354,5348.083333333333,28840,0.3333333333333333,0.6666666666666666,3,2,4,0,airtime,ChannelId_3,2,10.125,15.916666666666666,10.166666666666666,2018.1666666666667,13,24,128354,2,0
CustomerId_4381,19000.0,3800.0,5,6685.805860178712,31000,6200.0,10000,0.4,0.6,2,2,3,0,financial_services,ChannelId_3,2,18.0,1.0,2.0,2019.0,12,5,31000,2,0
CustomerId_4382,500.0,500.0,1,0.0,500,500.0,500,0.0,1.0,1,1,1,0,data_bundles,ChannelId_3,2,8.0,2.0,12.0,2018.0,74,1,500,3,0
CustomerId_4383,78300.0,2116.2162162162163,37,2068.6080953027213,85250,2304.054054054054,5000,0.3783783783783784,0.6216216216216216,2,2,3,0,airtime,ChannelId_3,4,16.16216216216216,11.945945945945946,1.3513513513513513,2019.0,2,37,85250,2,0
CustomerId_4384,132366.0,1112.3193277310925,119,1664.3038089099261,142424,1196.8403361344538,11200,0.3025210084033613,0.6974789915966386,3,2,3,0,financial_services,ChannelId_3,2,12.638655462184873,14.008403361344538,7.411764705882353,2018.420168067227,1,119,142424,2,0
CustomerId_4386,1500.0,500.0,3,0.0,1500,500.0,500,0.0,1.0,2,1,1,0,financial_services,ChannelId_3,2,12.666666666666666,19.0,11.0,2018.0,86,3,1500,3,0
CustomerId_4387,20000.0,3333.3333333333335,6,7814.516406449389,42000,7000.0,11000,0.5,0.5,2,2,3,0,airtime,ChannelId_2,2,16.0,11.0,1.0,2019.0,33,6,42000,2,0
CustomerId_4388,40000.0,5714.285714285715,7,9516.902257112266,62000,8857.142857142857,20000,0.42857142857142855,0.5714285714285714,2,2,3,0,financial_services,ChannelId_3,2,15.0,8.0,2.0,2019.0,5,7,62000,2,0
CustomerId_4389,30000.0,5000.0,6,6511.528238439882,42000,7000.0,10000,0.3333333333333333,0.6666666666666666,2,2,3,0,financial_services,ChannelId_3,2,11.0,8.0,2.0,2019.0,5,6,42000,2,0
CustomerId_4390,33997.0,1789.3157894736842,19,3067.425178887038,36503,1921.2105263157894,11000,0.3684210526315789,0.631578947368421,2,2,3,0,financial_services,ChannelId_3,2,11.473684210526315,23.05263157894737,3.3684210526315788,2018.7894736842106,10,19,36503,2,0
CustomerId_4391,5888000.0,309894.7368421053,19,1142075.8101484838,5890040,310002.1052631579,5000000,0.10526315789473684,0.8947368421052632,2,2,3,2,financial_services,ChannelId_3,0,20.894736842105264,20.42105263157895,11.0,2018.0,84,19,5890040,3,1
CustomerId_4392,181000.0,4641.025641025641,39,5882.4774564498775,253820,6508.205128205128,10000,0.28205128205128205,0.717948717948718,2,2,3,0,financial_services,ChannelId_3,2,10.820512820512821,15.615384615384615,3.871794871794872,2018.7692307692307,6,39,253820,2,0
CustomerId_4393,8840.0,420.95238095238096,21,575.1621924457897,11560,550.4761904761905,1200,0.42857142857142855,0.5714285714285714,2,2,3,0,airtime,ChannelId_3,2,11.095238095238095,14.761904761904763,1.5714285714285714,2019.0,5,21,11560,0,1
CustomerId_4394,20000.0,20000.0,1,0.0,20000,20000.0,20000,0.0,1.0,1,1,1,0,airtime,ChannelId_3,4,20.0,5.0,1.0,2019.0,39,1,20000,3,0
CustomerId_4395,69465.0,2240.8064516129034,31,2655.0581716082334,75805,2445.3225806451615,10000,0.3225806451612903,0.6774193548387096,3,3,4,0,financial_services,ChannelId_3,2,9.870967741935484,16.967741935483872,1.3548387096774193,2019.0,7,31,75805,2,0
CustomerId_4396,93940.0,2935.625,32,6057.625792497873,123430,3857.1875,20770,0.34375,0.65625,3,2,3,0,airtime,ChannelId_3,2,12.4375,11.90625,3.53125,2018.8125,7,32,123430,2,0
CustomerId_4398,1950.0,487.5,4,1297.674201536477,4050,1012.5,2000,0.5,0.5,2,2,3,0,financial_services,ChannelId_2,2,22.0,7.0,2.0,2019.0,6,4,4050,0,1
CustomerId_4399,29810.0,3312.222222222222,9,4434.0268881057145,32190,3576.6666666666665,10000,0.3333333333333333,0.6666666666666666,2,2,3,0,financial_services,ChannelId_3,2,14.555555555555555,7.555555555555555,2.0,2019.0,4,9,32190,2,0
CustomerId_440,500.0,500.0,1,0.0,500,500.0,500,0.0,1.0,1,1,1,0,airtime,ChannelId_3,2,21.0,7.0,12.0,2018.0,68,1,500,3,0
CustomerId_4401,67000.0,2233.3333333333335,30,5464.075461016087,70000,2333.3333333333335,30000,0.36666666666666664,0.6333333333333333,2,2,4,0,financial_services,ChannelId_3,2,12.133333333333333,20.3,1.3,2019.0,7,30,70000,2,0
CustomerId_4402,500.0,500.0,1,0.0,500,500.0,500,0.0,1.0,1,1,1,0,airtime,ChannelId_3,4,6.0,3.0,1.0,2019.0,42,1,500,0,1
CustomerId_4403,2990.0,373.75,8,641.7150569261362,5010,626.25,1000,0.25,0.75,2,2,3,0,financial_services,ChannelId_3,2,14.875,21.25,1.375,2019.0,1,8,5010,0,1
CustomerId_4406,109921.75,923.7121848739496,119,3042.2942512284867,203847,1713.0,20000,0.44537815126050423,0.5546218487394958,3,3,5,0,financial_services,ChannelId_3,2,11.672268907563025,13.756302521008404,9.0,2018.2521008403362,1,119,203847,2,0
CustomerId_4408,39048.0,1394.5714285714287,28,3164.411119853066,52298,1867.7857142857142,11330,0.32142857142857145,0.6785714285714286,4,2,4,0,airtime,ChannelId_3,2,12.107142857142858,24.071428571428573,10.035714285714286,2018.1785714285713,31,28,52298,2,0
CustomerId_4409,2000.0,2000.0,1,0.0,2000,2000.0,2000,0.0,1.0,1,1,1,0,financial_services,ChannelId_3,2,22.0,29.0,12.0,2018.0,46,1,2000,0,1
CustomerId_4412,0.0,0.0,2,1414.213562373095,2000,1000.0,1000,0.5,0.5,2,2,2,0,airtime,ChannelId_2,2,16.0,7.0,1.0,2019.0,37,2,2000,0,1
CustomerId_4413,27780.0,2525.4545454545455,11,7469.558706692603,29820,2710.909090909091,25000,0.2727272727272727,0.7272727272727273,2,2,3,0,financial_services,ChannelId_3,2,13.363636363636363,30.181818181818183,12.0,2018.0,45,11,29820,3,0
CustomerId_4414,279391.0,6497.46511627907,43,6732.32462629025,296009,6883.930232558139,20000,0.27906976744186046,0.7209302325581395,4,2,5,0,financial_services,ChannelId_3,2,9.906976744186046,16.348837209302324,11.069767441860465,2018.0697674418604,10,43,296009,2,0
CustomerId_4415,2000.0,2000.0,1,0.0,2000,2000.0,2000,0.0,1.0,1,1,1,0,financial_services,ChannelId_3,2,6.0,17.0,11.0,2018.0,89,1,2000,3,0
CustomerId_4416,55596.0,1389.9,40,2016.5536454873215,60404,1510.1,10000,0.425,0.575,2,2,4,0,airtime,ChannelId_3,2,8.125,16.1,8.375,2018.325,3,40,60404,2,0
CustomerId_4417,78165.0,858.9560439560439,91,1733.5997417838598,83835,921.2637362637363,10000,0.45054945054945056,0.5494505494505495,2,3,3,0,financial_services,ChannelId_2,2,9.142857142857142,23.34065934065934,11.131868131868131,2018.0,71,91,83835,3,0
CustomerId_4418,4000.0,2000.0,2,0.0,4000,2000.0,2000,0.0,1.0,1,1,1,0,financial_services,ChannelId_3,2,22.0,14.0,12.0,2018.0,61,2,4000,3,0
CustomerId_442,70350.0,2131.818181818182,33,2288.722971639226,75650,2292.4242424242425,6000,0.3939393939393939,0.6060606060606061,2,2,3,0,airtime,ChannelId_3,4,12.030303030303031,18.727272727272727,2.4242424242424243,2018.878787878788,4,33,75650,2,0
CustomerId_4420,110175.0,5798.684210526316,19,4974.577548257313,134825,7096.0526315789475,11200,0.21052631578947367,0.7894736842105263,3,2,3,0,utility_bill,ChannelId_3,2,6.473684210526316,7.473684210526316,1.8421052631578947,2019.0,1,19,134825,2,0
CustomerId_4421,164610.0,1829.0,90,1662.4297231070138,170390,1893.2222222222222,6000,0.28888888888888886,0.7111111111111111,2,2,3,0,financial_services,ChannelId_3,2,12.9,16.055555555555557,6.977777777777778,2018.4444444444443,6,90,170390,2,0
CustomerId_4422,10000.0,10000.0,1,0.0,10000,10000.0,10000,0.0,1.0,1,1,1,0,financial_services,ChannelId_3,2,9.0,5.0,1.0,2019.0,40,1,10000,0,1
CustomerId_4423,1000.0,1000.0,1,0.0,1000,1000.0,1000,0.0,1.0,1,1,1,0,financial_services,ChannelId_3,2,6.0,16.0,1.0,2019.0,29,1,1000,0,1
CustomerId_4424,97520.0,4432.727272727273,22,5952.768209047733,101480,4612.727272727273,20000,0.4090909090909091,0.5909090909090909,2,2,3,0,financial_services,ChannelId_3,2,12.227272727272727,14.818181818181818,1.5,2019.0,2,22,101480,2,0
CustomerId_4425,19200.0,3840.0,5,6732.235884162112,31200,6240.0,10100,0.4,0.6,2,2,3,0,financial_services,ChannelId_3,2,13.0,28.0,12.0,2018.0,47,5,31200,3,0
CustomerId_4426,42002.0,1235.3529411764705,34,1919.943715752562,44998,1323.4705882352941,9000,0.4117647058823529,0.5882352941176471,2,2,3,0,financial_services,ChannelId_3,2,12.941176470588236,9.764705882352942,2.0,2019.0,1,34,44998,2,0
CustomerId_4427,12070.0,1005.8333333333334,12,1542.0762764611363,14930,1244.1666666666667,4000,0.5,0.5,2,2,4,0,financial_services,ChannelId_2,2,11.333333333333334,11.5,12.0,2018.0,55,12,14930,3,0
CustomerId_4428,20062.0,1337.4666666666667,15,2641.0851088862983,23738,1582.5333333333333,10000,0.4666666666666667,0.5333333333333333,2,2,4,0,airtime,ChannelId_3,2,12.8,21.2,7.333333333333333,2018.4,12,15,23738,2,0
CustomerId_4429,23225.0,893.2692307692307,26,1293.523824525619,25175,968.2692307692307,5000,0.4230769230769231,0.5769230769230769,3,2,4,0,airtime,ChannelId_3,2,10.807692307692308,19.153846153846153,7.3076923076923075,2018.423076923077,9,26,25175,2,0
CustomerId_443,76356.0,15271.2,5,8935.420930208045,81154,16230.8,20770,0.2,0.8,2,2,3,0,financial_services,ChannelId_3,2,7.8,20.0,11.0,2018.0,86,5,81154,3,0
CustomerId_4430,27940.0,1643.5294117647059,17,4767.898110247941,28310,1665.2941176470588,20000,0.47058823529411764,0.5294117647058824,3,2,3,0,financial_services,ChannelId_3,2,14.882352941176471,15.352941176470589,1.2352941176470589,2019.0,2,17,28310,2,0
CustomerId_4431,156007.0,1322.093220338983,118,3894.25561166874,238248,2019.050847457627,27750,0.3644067796610169,0.635593220338983,5,3,3,0,airtime,ChannelId_3,2,10.745762711864407,16.423728813559322,2.389830508474576,2018.8898305084747,1,118,238248,2,0
CustomerId_4433,20000.0,4000.0,5,6745.368781616021,32000,6400.0,10000,0.4,0.6,2,2,3,0,airtime,ChannelId_3,2,9.8,8.0,2.0,2019.0,5,5,32000,2,0
CustomerId_4434,4850.0,485.0,10,719.200945494373,7150,715.0,1000,0.4,0.6,2,2,2,0,airtime,ChannelId_3,2,16.9,10.6,12.0,2018.0,56,10,7150,3,0
CustomerId_4435,3960.0,495.0,8,759.755599800733,6040,755.0,1000,0.375,0.625,2,2,3,0,financial_services,ChannelId_3,2,16.625,28.375,1.0,2019.0,15,8,6040,0,1
CustomerId_4436,2000.0,2000.0,1,0.0,2000,2000.0,2000,0.0,1.0,1,1,1,0,financial_services,ChannelId_3,2,14.0,29.0,12.0,2018.0,46,1,2000,0,1
CustomerId_4437,209800.0,3746.4285714285716,56,7343.443935318689,411800,7353.571428571428,20000,0.375,0.625,2,2,5,0,airtime,ChannelId_3,2,9.589285714285714,16.875,5.964285714285714,2018.5535714285713,2,56,411800,2,0
CustomerId_4438,1248915.0,8554.212328767124,146,20066.36522494327,1302585,8921.815068493152,185400,0.3493150684931507,0.6506849315068494,5,2,4,0,financial_services,ChannelId_3,2,11.438356164383562,19.32191780821918,9.684931506849315,2018.2123287671234,3,146,1302585,2,0
CustomerId_444,76575.0,1562.7551020408164,49,3487.062556380204,82425,1682.142857142857,20000,0.3673469387755102,0.6326530612244898,2,2,3,0,airtime,ChannelId_3,2,13.142857142857142,14.551020408163266,4.387755102040816,2018.7142857142858,5,49,82425,2,0
CustomerId_4440,1960.0,490.0,4,1296.3024338479042,4040,1010.0,2000,0.5,0.5,2,2,3,0,airtime,ChannelId_2,2,18.0,23.0,11.0,2018.0,82,4,4040,3,0
CustomerId_4442,25050.0,863.7931034482758,29,1208.740234982283,27350,943.1034482758621,5000,0.4827586206896552,0.5172413793103449,2,2,3,0,airtime,ChannelId_3,2,11.379310344827585,20.06896551724138,8.758620689655173,2018.2413793103449,1,29,27350,2,0
CustomerId_4443,200000.0,3508.7719298245615,57,6577.594021203302,373400,6550.877192982456,10000,0.3508771929824561,0.6491228070175439,2,2,5,0,airtime,ChannelId_3,2,8.719298245614034,16.228070175438596,7.43859649122807,2018.4035087719299,2,57,373400,2,0
CustomerId_4444,500.0,500.0,1,0.0,500,500.0,500,0.0,1.0,1,1,1,0,data_bundles,ChannelId_3,4,4.0,25.0,11.0,2018.0,81,1,500,3,0
CustomerId_4445,13000.0,1857.142857142857,7,988.0235200593537,13000,1857.142857142857,4000,0.0,1.0,1,1,1,0,airtime,ChannelId_3,4,8.142857142857142,8.714285714285714,1.0,2019.0,35,7,13000,0,1
CustomerId_4446,1000.0,500.0,2,0.0,1000,500.0,500,0.0,1.0,1,1,1,0,financial_services,ChannelId_3,2,22.0,16.0,11.0,2018.0,89,2,1000,3,0
CustomerId_4447,2000.0,2000.0,1,0.0,2000,2000.0,2000,0.0,1.0,1,1,1,0,financial_services,ChannelId_3,2,8.0,5.0,2.0,2019.0,9,1,2000,0,1
CustomerId_4449,38800.0,2984.6153846153848,13,6673.911403598112,51934,3994.923076923077,20000,0.46153846153846156,0.5384615384615384,4,2,3,0,financial_services,ChannelId_3,2,17.23076923076923,16.0,11.0,2018.0,89,13,51934,3,0
CustomerId_4450,3950.0,790.0,5,469.5742752749558,4050,810.0,1000,0.2,0.8,2,2,3,0,airtime,ChannelId_3,2,17.2,11.2,1.8,2019.0,1,5,4050,0,1
CustomerId_4451,5700.0,950.0,6,225.8317958127243,5700,950.0,1100,0.0,1.0,1,1,1,0,airtime,ChannelId_3,2,12.166666666666666,21.5,11.333333333333334,2018.0,47,6,5700,3,0
CustomerId_4453,29294460.0,542490.0,54,1108161.707813508,29296540,542528.5185185185,5000000,0.07407407407407407,0.9259259259259259,3,2,4,12,financial_services,ChannelId_3,2,13.555555555555555,16.166666666666668,11.333333333333334,2018.0,71,54,29296540,2,1
CustomerId_4454,4142960.0,115082.22222222222,36,146613.96914757593,4157040,115473.33333333333,530000,0.1111111111111111,0.8888888888888888,2,2,4,2,financial_services,ChannelId_3,2,13.63888888888889,7.194444444444445,2.0,2019.0,4,36,4157040,2,1
CustomerId_4455,2410.0,241.0,10,638.6522266982764,4590,459.0,1000,0.6,0.4,2,2,2,0,financial_services,ChannelId_2,2,12.6,4.3,8.7,2018.3,30,10,4590,0,1
CustomerId_4456,204840.0,6207.272727272727,33,16298.938547250416,245058,7426.0,70000,0.36363636363636365,0.6363636363636364,4,2,3,0,financial_services,ChannelId_3,2,13.212121212121213,20.87878787878788,4.181818181818182,2018.7272727272727,8,33,245058,2,0
CustomerId_4457,500.0,500.0,1,0.0,500,500.0,500,0.0,1.0,1,1,1,0,airtime,ChannelId_3,4,8.0,8.0,1.0,2019.0,37,1,500,0,1
CustomerId_4458,20000.0,4000.0,5,6745.368781616021,32000,6400.0,10000,0.4,0.6,2,2,3,0,financial_services,ChannelId_3,2,9.0,8.0,2.0,2019.0,6,5,32000,2,0
CustomerId_4459,1000.0,1000.0,1,0.0,1000,1000.0,1000,0.0,1.0,1,1,1,0,financial_services,ChannelId_3,2,14.0,14.0,12.0,2018.0,61,1,1000,3,0
CustomerId_446,120000.0,4615.384615384615,26,6158.421376144527,182000,7000.0,10000,0.2692307692307692,0.7307692307692307,2,2,3,0,airtime,ChannelId_3,2,9.538461538461538,17.23076923076923,4.961538461538462,2018.6538461538462,12,26,182000,2,0
CustomerId_4461,6500.0,3250.0,2,1767.7669529663688,7895,3947.5,5235,0.0,1.0,1,1,1,0,utility_bill,ChannelId_3,2,15.5,18.5,6.5,2018.5,36,2,7895,0,1
CustomerId_4462,80000.0,40000.0,2,42426.40687119285,80000,40000.0,70000,0.0,1.0,1,1,1,0,financial_services,ChannelId_3,2,8.5,17.0,6.0,2018.5,34,2,80000,2,0
CustomerId_4465,1000.0,1000.0,1,0.0,1000,1000.0,1000,0.0,1.0,1,1,1,0,financial_services,ChannelId_3,2,22.0,22.0,12.0,2018.0,53,1,1000,0,1
CustomerId_4466,120196.0,10926.90909090909,11,18664.696522871975,126404,11491.272727272728,65000,0.2727272727272727,0.7272727272727273,3,2,3,0,financial_services,ChannelId_3,2,14.0,26.181818181818183,11.545454545454545,2018.0,45,11,126404,2,0
CustomerId_4468,1000.0,1000.0,1,0.0,1000,1000.0,1000,0.0,1.0,1,1,1,0,airtime,ChannelId_3,4,11.0,21.0,11.0,2018.0,84,1,1000,3,0
CustomerId_4469,50000.0,2631.5789473684213,19,6102.91848504367,102000,5368.421052631579,11000,0.3157894736842105,0.6842105263157895,2,2,4,0,airtime,ChannelId_3,2,14.631578947368421,11.473684210526315,1.6842105263157894,2019.0,1,19,102000,2,0
CustomerId_447,9000.0,2250.0,4,6601.767440112787,21000,5250.0,10000,0.5,0.5,2,2,3,0,airtime,ChannelId_2,2,8.25,21.0,12.0,2018.0,55,4,21000,3,0
CustomerId_4471,34600.0,1235.7142857142858,28,1643.2582326121537,39400,1407.142857142857,5000,0.5,0.5,3,2,3,0,financial_services,ChannelId_2,2,13.535714285714286,18.678571428571427,1.0,2019.0,20,28,39400,2,0
CustomerId_4472,61100.0,1035.593220338983,59,2035.473783012828,65500,1110.1694915254238,10000,0.423728813559322,0.576271186440678,2,2,4,0,financial_services,ChannelId_3,2,12.457627118644067,10.813559322033898,1.9830508474576272,2019.0,1,59,65500,2,0
CustomerId_4473,273551.4,3419.3925000000004,80,10971.438381886759,333801,4172.5125,51822,0.3875,0.6125,3,3,4,0,financial_services,ChannelId_3,2,12.15,16.9625,10.7,2018.0625,3,80,333801,2,0
CustomerId_4476,1452000.0,132000.0,11,289769.9087206951,1452000,132000.0,1000000,0.0,1.0,1,1,1,0,financial_services,ChannelId_3,2,15.0,7.0,1.0,2019.0,37,11,1452000,2,0
CustomerId_4477,700.0,700.0,1,0.0,700,700.0,700,0.0,1.0,1,1,1,0,financial_services,ChannelId_3,2,10.0,15.0,1.0,2019.0,29,1,700,0,1
CustomerId_448,261162.0,1674.1153846153845,156,6733.199391902535,273308,1751.974358974359,66000,0.46794871794871795,0.532051282051282,5,2,3,0,financial_services,ChannelId_3,2,15.621794871794872,13.532051282051283,12.0,2018.0,61,156,273308,3,0
CustomerId_4481,10000.0,10000.0,1,0.0,10000,10000.0,10000,0.0,1.0,1,1,1,0,financial_services,ChannelId_3,2,6.0,24.0,11.0,2018.0,82,1,10000,3,0
CustomerId_4482,2950.0,737.5,4,525.0,3050,762.5,1000,0.25,0.75,2,2,3,0,airtime,ChannelId_3,2,6.75,19.75,8.5,2018.25,38,4,3050,0,1
CustomerId_4483,3750.0,1250.0,3,3269.174207655505,6250,2083.3333333333335,5000,0.6666666666666666,0.3333333333333333,2,2,2,0,financial_services,ChannelId_2,2,12.0,16.0,12.0,2018.0,59,3,6250,3,0
CustomerId_4484,50000.0,3846.153846153846,13,8060.667402539258,102000,7846.153846153846,15000,0.46153846153846156,0.5384615384615384,2,2,4,0,airtime,ChannelId_3,2,13.307692307692308,14.153846153846153,1.5384615384615385,2019.0,1,13,102000,2,0
CustomerId_4485,1338080.0,133808.0,10,124266.5404863451,1373120,137312.0,288400,0.2,0.8,4,2,3,0,financial_services,ChannelId_1,1,16.6,15.6,3.2,2018.8,25,10,1373120,2,0
CustomerId_4486,474000.0,4601.941747572816,103,25667.496729317303,970000,9417.47572815534,252000,0.5242718446601942,0.47572815533980584,2,2,3,0,financial_services,ChannelId_2,2,6.854368932038835,14.349514563106796,11.893203883495145,2018.009708737864,19,103,970000,2,0
CustomerId_4487,40000.0,4444.444444444444,9,6463.573143221772,62000,6888.888888888889,10000,0.3333333333333333,0.6666666666666666,2,2,3,0,financial_services,ChannelId_3,2,10.88888888888889,21.11111111111111,1.0,2019.0,20,9,62000,2,0
CustomerId_4488,20000.0,3333.3333333333335,6,5963.779562212764,32000,5333.333333333333,10000,0.3333333333333333,0.6666666666666666,2,2,3,0,airtime,ChannelId_3,2,12.0,8.0,2.0,2019.0,5,6,32000,2,0
CustomerId_4489,1000.0,1000.0,1,0.0,1000,1000.0,1000,0.0,1.0,1,1,1,0,financial_services,ChannelId_3,2,20.0,27.0,11.0,2018.0,78,1,1000,3,0
CustomerId_449,60000.0,3750.0,16,7514.430561703704,122000,7625.0,11000,0.4375,0.5625,2,2,4,0,airtime,ChannelId_3,2,13.125,13.5625,1.5625,2019.0,2,16,122000,2,0
CustomerId_4490,18800.0,1342.857142857143,14,2692.7493201371162,21200,1514.2857142857142,10000,0.5,0.5,2,2,3,0,financial_services,ChannelId_2,2,15.071428571428571,25.285714285714285,1.1428571428571428,2019.0,11,14,21200,2,0
CustomerId_4492,40000.0,4000.0,10,6110.100926607787,62000,6200.0,10000,0.3,0.7,2,2,3,0,airtime,ChannelId_3,2,13.0,3.8,2.0,2019.0,5,10,62000,2,0
CustomerId_4493,1000.0,1000.0,1,0.0,1000,1000.0,1000,0.0,1.0,1,1,1,0,financial_services,ChannelId_3,2,16.0,1.0,1.0,2019.0,43,1,1000,0,1
CustomerId_4494,10000.0,10000.0,1,0.0,10000,10000.0,10000,0.0,1.0,1,1,1,0,financial_services,ChannelId_3,2,14.0,24.0,12.0,2018.0,51,1,10000,3,0
CustomerId_4495,950.0,475.0,2,742.4621202458749,1050,525.0,1000,0.5,0.5,2,2,2,0,airtime,ChannelId_2,2,17.0,8.0,2.0,2019.0,5,2,1050,0,1
CustomerId_4497,10000.0,10000.0,1,0.0,10000,10000.0,10000,0.0,1.0,1,1,1,0,financial_services,ChannelId_3,2,18.0,30.0,11.0,2018.0,75,1,10000,3,0
CustomerId_4498,1000.0,1000.0,1,0.0,1000,1000.0,1000,0.0,1.0,1,1,1,0,financial_services,ChannelId_3,2,8.0,26.0,1.0,2019.0,19,1,1000,0,1
CustomerId_4499,40000.0,6666.666666666667,6,9831.92080250175,60000,10000.0,20000,0.3333333333333333,0.6666666666666666,2,2,3,0,airtime,ChannelId_3,2,6.5,8.0,2.0,2019.0,6,6,60000,2,0
CustomerId_450,2450.0,816.6666666666666,3,791.0962857537212,2550,850.0,1500,0.3333333333333333,0.6666666666666666,2,2,3,0,financial_services,ChannelId_3,2,9.0,15.0,11.0,2018.0,91,3,2550,3,0
CustomerId_4500,19000.0,4750.0,4,9322.910847297997,32200,8050.0,15000,0.5,0.5,2,2,3,0,financial_services,ChannelId_2,2,16.0,18.0,1.0,2019.0,26,4,32200,2,0
CustomerId_4501,16850.0,991.1764705882352,17,1211.7891336415607,19450,1144.1176470588234,3000,0.35294117647058826,0.6470588235294118,2,2,3,0,financial_services,ChannelId_3,2,15.705882352941176,13.294117647058824,5.705882352941177,2018.5882352941176,4,17,19450,2,0
CustomerId_4502,153611.5,1154.9736842105262,133,4685.658440000475,161559,1214.7293233082708,50000,0.47368421052631576,0.5263157894736842,5,2,3,0,financial_services,ChannelId_3,2,10.338345864661655,20.706766917293233,11.0,2018.0,75,133,161559,3,0
CustomerId_4504,11440.0,1040.0,11,1592.3002229479214,13560,1232.7272727272727,5000,0.36363636363636365,0.6363636363636364,2,2,3,0,financial_services,ChannelId_3,2,13.181818181818182,13.0,12.0,2018.0,56,11,13560,3,0
CustomerId_4505,66089.0,1406.1489361702127,47,3109.9317550091127,68951,1467.0425531914893,18000,0.3191489361702128,0.6808510638297872,2,2,3,0,financial_services,ChannelId_3,2,14.553191489361701,14.893617021276595,4.319148936170213,2018.7021276595744,2,47,68951,2,0
CustomerId_4507,1000.0,1000.0,1,0.0,1000,1000.0,1000,0.0,1.0,1,1,1,0,financial_services,ChannelId_3,2,10.0,8.0,12.0,2018.0,67,1,1000,3,0
CustomerId_4510,275950.0,8623.4375,32,14895.249333991498,287151,8973.46875,50000,0.28125,0.71875,3,2,4,0,financial_services,ChannelId_3,2,13.625,13.1875,1.53125,2019.0,1,32,287151,2,0
CustomerId_4512,8920.0,810.9090909090909,11,1235.6816300767325,11080,1007.2727272727273,3000,0.36363636363636365,0.6363636363636364,2,2,3,0,financial_services,ChannelId_3,2,14.272727272727273,22.272727272727273,1.0,2019.0,21,11,11080,0,1
CustomerId_4513,1000.0,1000.0,1,0.0,1000,1000.0,1000,0.0,1.0,1,1,1,0,airtime,ChannelId_3,4,13.0,20.0,1.0,2019.0,24,1,1000,0,1
CustomerId_4517,4500.0,642.8571428571429,7,243.9750182371333,4500,642.8571428571429,1000,0.0,1.0,2,1,1,0,financial_services,ChannelId_3,2,6.285714285714286,4.0,1.0,2019.0,41,7,4500,0,1
CustomerId_4518,261280.5,1573.9789156626507,166,2881.2170115655244,277710,1672.9518072289156,10000,0.43373493975903615,0.5662650602409639,3,3,3,0,financial_services,ChannelId_3,2,11.114457831325302,15.96987951807229,11.168674698795181,2018.0180722891566,33,166,277710,2,0
CustomerId_4519,3000.0,1500.0,2,707.1067811865476,3000,1500.0,2000,0.0,1.0,2,1,2,0,airtime,ChannelId_3,2,7.5,12.0,12.0,2018.0,60,2,3000,3,0
CustomerId_452,1000.0,1000.0,1,0.0,1000,1000.0,1000,0.0,1.0,1,1,1,0,airtime,ChannelId_3,4,6.0,23.0,11.0,2018.0,83,1,1000,3,0
CustomerId_4520,3900.0,1300.0,3,1212.4355652982142,4100,1366.6666666666667,2000,0.3333333333333333,0.6666666666666666,2,2,3,0,financial_services,ChannelId_3,2,15.0,28.0,1.0,2019.0,16,3,4100,0,1
CustomerId_4524,20000.0,4000.0,5,6745.368781616021,32000,6400.0,10000,0.4,0.6,2,2,3,0,financial_services,ChannelId_3,2,12.0,11.0,1.0,2019.0,33,5,32000,2,0
CustomerId_4525,281620.0,3164.2696629213483,89,4911.777332373608,397380,4464.943820224719,10000,0.25842696629213485,0.7415730337078652,2,2,4,0,airtime,ChannelId_3,2,11.07865168539326,15.853932584269662,6.640449438202247,2018.4831460674156,2,89,397380,2,0
CustomerId_4526,77277.95,813.4521052631578,95,921.101613209543,79351,835.2736842105263,4000,0.3263157894736842,0.6736842105263158,3,2,3,0,financial_services,ChannelId_3,2,13.378947368421052,16.989473684210527,5.863157894736842,2018.5263157894738,18,95,79351,2,0
CustomerId_4527,50000.0,5000.0,10,6429.100507328637,72000,7200.0,11000,0.3,0.7,2,2,3,0,financial_services,ChannelId_3,2,13.0,14.5,7.0,2018.5,12,10,72000,2,0
CustomerId_4528,2980.0,596.0,5,1142.838571277676,5020,1004.0,2000,0.4,0.6,2,2,3,0,financial_services,ChannelId_3,2,12.8,15.0,3.2,2018.8,26,5,5020,0,1
CustomerId_453,210000.0,8076.923076923077,26,19554.38176352927,246000,9461.538461538461,100000,0.3076923076923077,0.6923076923076923,2,3,3,0,airtime,ChannelId_3,2,12.692307692307692,22.53846153846154,10.23076923076923,2018.1153846153845,6,26,246000,2,0
CustomerId_4531,1000.0,1000.0,1,0.0,1000,1000.0,1000,0.0,1.0,1,1,1,0,airtime,ChannelId_3,4,12.0,2.0,1.0,2019.0,42,1,1000,0,1
CustomerId_4532,500.0,500.0,1,0.0,500,500.0,500,0.0,1.0,1,1,1,0,airtime,ChannelId_3,4,7.0,21.0,11.0,2018.0,85,1,500,3,0
CustomerId_4533,20000.0,4000.0,5,6745.368781616021,32000,6400.0,10000,0.4,0.6,2,2,3,0,financial_services,ChannelId_3,2,19.0,1.0,2.0,2019.0,12,5,32000,2,0
CustomerId_4534,2000.0,2000.0,1,0.0,2000,2000.0,2000,0.0,1.0,1,1,1,0,airtime,ChannelId_3,2,10.0,21.0,12.0,2018.0,54,1,2000,3,0
CustomerId_4537,2000.0,1000.0,2,0.0,2000,1000.0,1000,0.0,1.0,1,1,2,0,financial_services,ChannelId_3,2,6.0,29.0,11.0,2018.0,77,2,2000,3,0
CustomerId_4538,34550.0,6910.0,5,8209.171699995073,34550,6910.0,20000,0.0,1.0,4,1,2,0,financial_services,ChannelId_3,2,18.2,19.2,11.6,2018.0,55,5,34550,3,0
CustomerId_4539,40000.0,4000.0,10,6164.414002968976,62000,6200.0,10000,0.3,0.7,2,2,3,0,airtime,ChannelId_3,2,16.1,9.5,1.5,2019.0,12,10,62000,2,0
CustomerId_4540,108698.0,2173.96,50,3965.4627079526626,125052,2501.04,20000,0.4,0.6,4,2,4,0,financial_services,ChannelId_3,2,10.52,14.2,4.26,2018.72,9,50,125052,2,0
CustomerId_4541,70000.0,7000.0,10,5497.474167490214,82000,8200.0,10000,0.2,0.8,2,2,3,0,financial_services,ChannelId_3,2,16.0,1.0,2.0,2019.0,12,10,82000,2,0
CustomerId_4542,55226.0,3068.1111111111113,18,5066.9088603104765,61444,3413.5555555555557,20000,0.3888888888888889,0.6111111111111112,4,2,3,0,financial_services,ChannelId_1,2,13.666666666666666,20.833333333333332,1.1666666666666667,2019.0,2,18,61444,2,0
CustomerId_4543,100000.0,4347.826086956522,23,5833.669480245095,142000,6173.913043478261,10000,0.21739130434782608,0.782608695652174,2,2,3,0,airtime,ChannelId_3,2,8.347826086956522,19.08695652173913,6.260869565217392,2018.5217391304348,20,23,142000,2,0
CustomerId_4544,37980.0,4747.5,8,4952.493599909329,40020,5002.5,10000,0.25,0.75,2,2,2,0,airtime,ChannelId_3,2,11.5,16.0,12.0,2018.0,59,8,40020,3,0
CustomerId_4545,2000.0,500.0,4,0.0,2000,500.0,500,0.0,1.0,1,1,1,0,financial_services,ChannelId_3,2,12.0,24.25,1.0,2019.0,19,4,2000,0,1
CustomerId_4546,13504.0,3376.0,4,2624.0243901305494,16716,4179.0,5750,0.25,0.75,2,2,2,0,utility_bill,ChannelId_3,2,15.0,27.0,11.0,2018.0,78,4,16716,3,0
CustomerId_4547,20000.0,2857.1428571428573,7,6517.3760422573805,42000,6000.0,10000,0.42857142857142855,0.5714285714285714,2,2,4,0,airtime,ChannelId_3,2,10.285714285714286,17.714285714285715,1.4285714285714286,2019.0,6,7,42000,2,0
CustomerId_4548,17425.0,645.3703703703703,27,898.8945410955592,18175,673.1481481481482,3800,0.4074074074074074,0.5925925925925926,2,2,3,0,financial_services,ChannelId_3,2,16.25925925925926,6.185185185185185,1.4074074074074074,2019.0,1,27,18175,2,0
CustomerId_4549,5549.0,142.28205128205127,39,1227.684147377491,36285,930.3846153846154,5750,0.5128205128205128,0.48717948717948717,4,3,4,0,airtime,ChannelId_3,2,11.153846153846153,21.923076923076923,1.0,2019.0,18,39,36285,2,0
CustomerId_455,5000.0,5000.0,1,0.0,5000,5000.0,5000,0.0,1.0,1,1,1,0,airtime,ChannelId_3,1,18.0,2.0,2.0,2019.0,11,1,5000,0,1
CustomerId_4550,270033.0,7715.228571428572,35,18900.662638688427,295885,8453.857142857143,78401,0.34285714285714286,0.6571428571428571,4,3,4,0,airtime,ChannelId_3,2,10.657142857142857,13.571428571428571,11.085714285714285,2018.057142857143,34,35,295885,2,0
CustomerId_4552,-14500.0,-2416.6666666666665,6,3760.540741258718,14500,2416.6666666666665,10000,1.0,0.0,2,1,1,0,airtime,ChannelId_5,4,17.833333333333332,15.333333333333334,11.0,2018.0,89,6,14500,3,0
CustomerId_4553,500.0,500.0,1,0.0,500,500.0,500,0.0,1.0,1,1,1,0,airtime,ChannelId_3,4,19.0,21.0,12.0,2018.0,54,1,500,0,1
CustomerId_4554,97055.0,1347.986111111111,72,3537.1988658691193,100945,1402.013888888889,20000,0.4722222222222222,0.5277777777777778,3,2,3,0,financial_services,ChannelId_3,2,12.902777777777779,21.09722222222222,11.0,2018.0,78,72,100945,3,0
CustomerId_4555,310000.0,4626.865671641791,67,7859.9981126058365,466400,6961.194029850746,30000,0.3283582089552239,0.6716417910447762,2,2,4,0,airtime,ChannelId_3,2,10.029850746268657,16.83582089552239,7.447761194029851,2018.3880597014925,3,67,466400,2,0
CustomerId_4557,20000.0,4000.0,5,6745.368781616021,32000,6400.0,10000,0.4,0.6,2,2,3,0,financial_services,ChannelId_3,2,18.0,8.0,2.0,2019.0,5,5,32000,2,0
CustomerId_456,132000.0,3384.6153846153848,39,8237.973331550427,197918,5074.820512820513,33990,0.23076923076923078,0.7692307692307693,4,2,4,0,airtime,ChannelId_3,2,9.153846153846153,17.94871794871795,7.128205128205129,2018.4358974358975,5,39,197918,2,0
CustomerId_4560,20000.0,4000.0,5,6745.368781616021,32000,6400.0,10000,0.4,0.6,2,2,3,0,financial_services,ChannelId_3,2,8.0,1.0,2.0,2019.0,13,5,32000,2,0
CustomerId_4561,253126.0,4149.606557377049,61,13612.757153100529,261069,4279.819672131148,100000,0.22950819672131148,0.7704918032786885,7,2,5,0,airtime,ChannelId_3,2,11.524590163934427,14.918032786885245,5.967213114754099,2018.5573770491803,1,61,261069,2,0
CustomerId_4562,63680.0,390.67484662576686,163,659.2346187144227,74320,455.9509202453988,3000,0.6503067484662577,0.3496932515337423,2,2,2,0,financial_services,ChannelId_2,2,11.441717791411042,9.92638036809816,8.386503067484663,2018.3190184049079,1,163,74320,2,0
CustomerId_4565,407150.5,2438.0269461077846,167,5479.314626655783,480536,2877.4610778443116,30000,0.39520958083832336,0.6047904191616766,4,2,4,0,financial_services,ChannelId_3,2,12.616766467065869,21.233532934131738,1.2335329341317365,2019.0,6,167,480536,2,0
CustomerId_4567,220000.0,5945.945945945946,37,8621.375070608407,323200,8735.135135135135,20000,0.40540540540540543,0.5945945945945946,2,3,3,0,financial_services,ChannelId_3,2,10.18918918918919,18.10810810810811,11.324324324324325,2018.0,61,37,323200,3,0
CustomerId_4568,37362.0,633.2542372881356,59,674.4981427652747,40638,688.7796610169491,2000,0.4576271186440678,0.5423728813559322,2,2,3,0,airtime,ChannelId_3,4,11.440677966101696,17.627118644067796,7.677966101694915,2018.3728813559321,2,59,40638,2,0
CustomerId_4569,208343.25,2741.3585526315787,76,4546.594553497435,318539,4191.3026315789475,14000,0.2236842105263158,0.7763157894736842,3,3,5,0,financial_services,ChannelId_3,2,12.328947368421053,20.5,7.868421052631579,2018.3552631578948,5,76,318539,2,0
CustomerId_457,138748.5,4335.890625,32,9015.709361222682,151242,4726.3125,40000,0.4375,0.5625,3,2,3,0,financial_services,ChannelId_3,2,13.71875,20.5625,2.71875,2018.84375,20,32,151242,2,0
CustomerId_4572,1000.0,1000.0,1,0.0,1000,1000.0,1000,0.0,1.0,1,1,1,0,financial_services,ChannelId_3,2,12.0,22.0,12.0,2018.0,53,1,1000,0,1
CustomerId_4573,79985.0,13330.833333333334,6,15784.570762826168,91755,15292.5,32900,0.5,0.5,2,2,3,0,financial_services,ChannelId_2,2,13.333333333333334,7.666666666666667,12.0,2018.0,66,6,91755,3,0
CustomerId_4576,0.0,0.0,3,866.0254037844386,2000,666.6666666666666,1000,0.3333333333333333,0.6666666666666666,2,2,3,0,financial_services,ChannelId_3,2,9.666666666666666,12.333333333333334,4.666666666666667,2018.6666666666667,39,3,2000,0,1
CustomerId_4577,279016.5,2364.5466101694915,118,5026.735289092945,288634,2446.0508474576272,30000,0.4152542372881356,0.5847457627118644,4,2,3,0,financial_services,ChannelId_3,2,12.432203389830509,11.466101694915254,11.194915254237289,2018.0677966101696,10,118,288634,2,0
CustomerId_4578,256006.0,3764.794117647059,68,11317.81982137985,269930,3969.5588235294117,66189,0.3088235294117647,0.6911764705882353,4,2,4,0,financial_services,ChannelId_3,2,11.264705882352942,9.720588235294118,2.0,2019.0,1,68,269930,2,0
CustomerId_4579,15980.0,1331.6666666666667,12,1506.2586602290962,16240,1353.3333333333333,5000,0.3333333333333333,0.6666666666666666,2,2,3,0,financial_services,ChannelId_3,2,14.666666666666666,13.833333333333334,2.8333333333333335,2018.8333333333333,25,12,16240,0,1
CustomerId_4581,4915.0,546.1111111111111,9,988.6283988997641,7085,787.2222222222222,2000,0.4444444444444444,0.5555555555555556,3,2,3,0,financial_services,ChannelId_3,2,19.333333333333332,17.22222222222222,12.0,2018.0,57,9,7085,3,0
CustomerId_4583,19410.0,808.75,24,1480.1536715166935,20990,874.5833333333334,7000,0.4583333333333333,0.5416666666666666,2,2,3,0,airtime,ChannelId_3,2,10.5,19.916666666666668,7.791666666666667,2018.375,13,24,20990,2,0
CustomerId_4584,41390.0,2178.4210526315787,19,4251.257674249527,43210,2274.2105263157896,18000,0.47368421052631576,0.5263157894736842,2,2,3,0,financial_services,ChannelId_3,2,14.263157894736842,21.736842105263158,11.0,2018.0,78,19,43210,3,0
CustomerId_4585,699038.0,1925.7245179063361,363,4584.839306983538,813106,2239.961432506887,36500,0.3884297520661157,0.6115702479338843,5,2,4,0,financial_services,ChannelId_3,2,11.336088154269973,15.195592286501377,9.269972451790634,2018.2451790633609,1,363,813106,2,0
CustomerId_4587,19800.0,521.0526315789474,38,616.9488544822348,23400,615.7894736842105,2000,0.4473684210526316,0.5526315789473685,2,2,4,0,airtime,ChannelId_3,2,11.973684210526315,15.710526315789474,1.2894736842105263,2019.0,2,38,23400,2,0
CustomerId_4588,1980.0,495.0,4,1293.612512823424,4020,1005.0,2000,0.5,0.5,2,2,3,0,financial_services,ChannelId_2,2,11.0,18.0,1.0,2019.0,26,4,4020,0,1
CustomerId_4589,50000.0,5000.0,10,6429.100507328637,72000,7200.0,11000,0.3,0.7,2,2,3,0,financial_services,ChannelId_3,2,13.6,13.0,8.0,2018.4,12,10,72000,2,0
CustomerId_4590,65950.0,5995.454545454545,11,12652.498854879508,69450,6313.636363636364,33000,0.45454545454545453,0.5454545454545454,3,2,3,0,financial_services,ChannelId_3,2,12.727272727272727,17.727272727272727,1.2727272727272727,2019.0,11,11,69450,2,0
CustomerId_4591,50465.0,3604.6428571428573,14,7093.647880128583,92935,6638.214285714285,11000,0.5,0.5,2,2,4,0,airtime,ChannelId_2,2,14.142857142857142,17.785714285714285,11.357142857142858,2018.0,54,14,92935,3,0
CustomerId_4592,204000.0,68000.0,3,114315.3532995459,204000,68000.0,200000,0.0,1.0,2,1,1,0,financial_services,ChannelId_3,0,9.333333333333334,15.0,11.0,2018.0,90,3,204000,3,0
CustomerId_4593,5000.0,5000.0,1,0.0,5000,5000.0,5000,0.0,1.0,1,1,1,0,airtime,ChannelId_3,2,8.0,9.0,12.0,2018.0,67,1,5000,3,0
CustomerId_4595,500.0,500.0,1,0.0,500,500.0,500,0.0,1.0,1,1,1,0,airtime,ChannelId_3,4,19.0,13.0,12.0,2018.0,62,1,500,3,0
CustomerId_4596,15000.0,15000.0,1,0.0,15000,15000.0,15000,0.0,1.0,1,1,1,0,financial_services,ChannelId_3,2,10.0,24.0,1.0,2019.0,20,1,15000,0,1
CustomerId_4598,5760.0,960.0,6,1139.473562659529,6240,1040.0,2000,0.5,0.5,2,2,3,0,airtime,ChannelId_2,2,15.333333333333334,22.666666666666668,11.333333333333334,2018.0,60,6,6240,3,0
CustomerId_46,70000.0,23333.333333333332,3,5773.502691896258,70000,23333.333333333332,30000,0.0,1.0,1,1,1,0,financial_services,ChannelId_3,2,17.666666666666668,9.0,1.0,2019.0,35,3,70000,2,0
CustomerId_4600,85000.0,3863.6363636363635,22,5318.838528291989,127000,5772.727272727273,10000,0.22727272727272727,0.7727272727272727,3,2,5,0,financial_services,ChannelId_3,2,14.409090909090908,11.818181818181818,4.318181818181818,2018.7272727272727,5,22,127000,2,0
CustomerId_4601,40000.0,20000.0,2,0.0,40000,20000.0,20000,0.0,1.0,1,1,2,0,financial_services,ChannelId_3,2,17.0,28.0,1.0,2019.0,16,2,40000,2,0
CustomerId_4602,352559.0,4700.786666666667,75,12545.064009718242,399841,5331.213333333333,80000,0.4266666666666667,0.5733333333333334,5,2,4,0,airtime,ChannelId_3,2,14.08,18.786666666666665,7.16,2018.4133333333334,2,75,399841,2,0
CustomerId_4603,5000.0,5000.0,1,0.0,5000,5000.0,5000,0.0,1.0,1,1,1,0,airtime,ChannelId_3,4,18.0,5.0,1.0,2019.0,39,1,5000,0,1
CustomerId_4604,9400.0,671.4285714285714,14,616.6641916592249,11600,828.5714285714286,1000,0.21428571428571427,0.7857142857142857,2,2,3,0,airtime,ChannelId_3,4,11.714285714285714,11.0,1.0,2019.0,14,14,11600,0,1
CustomerId_4605,93335.0,5833.4375,16,12754.339224848145,93465,5841.5625,50000,0.25,0.75,2,2,3,0,airtime,ChannelId_3,2,15.375,13.25,4.8125,2018.625,32,16,93465,2,0
CustomerId_4608,475.0,237.5,2,371.23106012293744,525,262.5,500,0.5,0.5,2,2,2,0,airtime,ChannelId_2,2,9.0,16.0,11.0,2018.0,90,2,525,3,0
CustomerId_4609,7910.0,719.0909090909091,11,1153.8735159925852,10090,917.2727272727273,3000,0.45454545454545453,0.5454545454545454,3,2,3,0,financial_services,ChannelId_3,2,9.0,1.8181818181818181,1.0,2019.0,42,11,10090,0,1
CustomerId_4610,964000.0,74153.84615384616,13,81236.1230753148,996000,76615.38461538461,200000,0.3076923076923077,0.6923076923076923,3,2,3,0,financial_services,ChannelId_3,0,12.615384615384615,12.615384615384615,12.0,2018.0,61,13,996000,2,0
CustomerId_4611,200.0,66.66666666666667,3,1674.3157806499148,3800,1266.6666666666667,2000,0.6666666666666666,0.3333333333333333,2,2,2,0,tv,ChannelId_5,2,14.333333333333334,5.666666666666667,12.0,2018.0,69,3,3800,3,0
CustomerId_4612,10000.0,10000.0,1,0.0,10000,10000.0,10000,0.0,1.0,1,1,1,0,financial_services,ChannelId_3,2,5.0,24.0,12.0,2018.0,52,1,10000,3,0
CustomerId_4613,178560.0,4355.121951219512,41,15593.020172813089,182070,4440.731707317073,100000,0.34146341463414637,0.6585365853658537,3,2,5,0,financial_services,ChannelId_3,2,13.878048780487806,18.975609756097562,10.926829268292684,2018.0975609756097,43,41,182070,2,0
CustomerId_4615,20985.0,953.8636363636364,22,1166.0116513121434,24615,1118.8636363636363,3000,0.4090909090909091,0.5909090909090909,3,2,3,0,airtime,ChannelId_3,4,8.954545454545455,17.136363636363637,1.5,2018.9545454545455,15,22,24615,2,0
CustomerId_4616,29800.0,2128.5714285714284,14,4084.0079430775936,32400,2314.285714285714,12000,0.42857142857142855,0.5714285714285714,3,2,3,0,financial_services,ChannelId_3,2,10.857142857142858,17.214285714285715,1.3571428571428572,2019.0,12,14,32400,2,0
CustomerId_4617,40000.0,5714.285714285715,7,9516.902257112268,62000,8857.142857142857,20000,0.42857142857142855,0.5714285714285714,2,2,3,0,financial_services,ChannelId_3,2,17.142857142857142,11.0,1.0,2019.0,33,7,62000,2,0
CustomerId_4619,30000.0,5000.0,6,6511.528238439882,42000,7000.0,10000,0.3333333333333333,0.6666666666666666,2,2,3,0,financial_services,ChannelId_3,2,12.0,8.0,2.0,2019.0,5,6,42000,2,0
CustomerId_462,41100.0,2055.0,20,4651.36935128842,74200,3710.0,10000,0.4,0.6,2,3,3,0,airtime,ChannelId_3,2,12.7,20.5,9.25,2018.25,15,20,74200,2,0
CustomerId_4620,18500.0,4625.0,4,6209.87117418711,21500,5375.0,10000,0.5,0.5,2,2,3,0,financial_services,ChannelId_2,2,9.0,30.0,1.0,2019.0,15,4,21500,2,0
CustomerId_4622,745.0,186.25,4,2562.964998460442,6765,1691.25,3255,0.5,0.5,2,3,3,0,airtime,ChannelId_3,2,7.0,23.75,11.25,2018.0,67,4,6765,3,0
CustomerId_4623,960.0,320.0,3,1532.0574401764445,3040,1013.3333333333334,2000,0.6666666666666666,0.3333333333333333,2,2,2,0,financial_services,ChannelId_2,2,3.0,31.0,12.0,2018.0,45,3,3040,0,1
CustomerId_4624,66803.0,1043.796875,64,1672.9254120479477,69997,1093.703125,10000,0.4375,0.5625,2,2,4,0,financial_services,ChannelId_3,2,16.125,17.46875,1.3125,2018.984375,3,64,69997,2,0
CustomerId_4625,500.0,500.0,1,0.0,500,500.0,500,0.0,1.0,1,1,1,0,airtime,ChannelId_3,4,21.0,8.0,2.0,2019.0,5,1,500,0,1
CustomerId_4626,80710.0,2690.3333333333335,30,7296.582919343176,87490,2916.3333333333335,43200,0.43333333333333335,0.5666666666666667,4,2,3,0,airtime,ChannelId_3,2,16.666666666666668,15.966666666666667,5.9,2018.5666666666666,5,30,87490,2,0
CustomerId_4627,200000.0,5714.285714285715,35,8932.267114138456,282860,8081.714285714285,40000,0.34285714285714286,0.6571428571428571,3,2,3,0,financial_services,ChannelId_3,2,9.857142857142858,17.114285714285714,4.9714285714285715,2018.6571428571428,6,35,282860,2,0
CustomerId_4629,14995.0,1249.5833333333333,12,2061.1872773778327,17405,1450.4166666666667,5000,0.4166666666666667,0.5833333333333334,2,2,4,0,financial_services,ChannelId_3,2,10.083333333333334,11.166666666666666,1.9166666666666667,2019.0,2,12,17405,2,0
CustomerId_4630,500.0,500.0,1,0.0,500,500.0,500,0.0,1.0,1,1,1,0,airtime,ChannelId_3,4,18.0,22.0,11.0,2018.0,83,1,500,3,0
CustomerId_4632,1000.0,1000.0,1,0.0,1000,1000.0,1000,0.0,1.0,1,1,1,0,financial_services,ChannelId_3,2,19.0,2.0,1.0,2019.0,42,1,1000,0,1
CustomerId_4633,25360.0,1950.7692307692307,13,2780.6637742886187,27640,2126.153846153846,10000,0.3076923076923077,0.6923076923076923,3,2,3,0,financial_services,ChannelId_3,2,15.76923076923077,19.923076923076923,1.3846153846153846,2019.0,5,13,27640,2,0
CustomerId_4634,34550.0,1502.1739130434783,23,1714.5419651316874,37450,1628.2608695652175,5000,0.2608695652173913,0.7391304347826086,3,2,3,0,financial_services,ChannelId_3,2,12.782608695652174,3.5652173913043477,1.173913043478261,2019.0,12,23,37450,2,0
CustomerId_4636,262515.29,2134.270650406504,123,5837.983003033616,310262,2522.4552845528456,30000,0.34959349593495936,0.6504065040650406,5,2,4,0,financial_services,ChannelId_3,2,13.373983739837398,16.991869918699187,8.91869918699187,2018.260162601626,5,123,310262,2,0
CustomerId_4637,100000.0,4545.454545454545,22,6193.139620174759,152000,6909.090909090909,11000,0.2727272727272727,0.7272727272727273,2,2,3,0,airtime,ChannelId_3,2,12.318181818181818,17.181818181818183,5.863636363636363,2018.590909090909,5,22,152000,2,0
CustomerId_4639,201268.0,22363.11111111111,9,39354.36814524038,233643,25960.333333333332,118450,0.4444444444444444,0.5555555555555556,5,3,3,0,financial_services,ChannelId_3,2,8.0,20.77777777777778,11.333333333333334,2018.0,70,9,233643,3,0
CustomerId_4640,20000.0,4000.0,5,6558.963332722634,30400,6080.0,10000,0.4,0.6,2,2,3,0,financial_services,ChannelId_3,2,7.0,16.0,11.0,2018.0,90,5,30400,3,0
CustomerId_4641,9780.0,1956.0,5,4552.766192107826,12220,2444.0,10000,0.6,0.4,2,2,2,0,financial_services,ChannelId_2,2,18.0,23.0,1.0,2019.0,21,5,12220,0,1
CustomerId_4642,490.0,245.0,2,360.62445840513925,510,255.0,500,0.5,0.5,2,2,2,0,data_bundles,ChannelId_2,2,10.0,15.0,1.0,2019.0,29,2,510,0,1
CustomerId_4645,-4540.0,-648.5714285714286,7,9809.06966123942,55540,7934.285714285715,12000,0.5714285714285714,0.42857142857142855,2,3,2,0,airtime,ChannelId_3,4,9.142857142857142,10.571428571428571,2.857142857142857,2018.857142857143,13,7,55540,2,0
CustomerId_4647,425.0,141.66666666666666,3,1264.004878682568,2575,858.3333333333334,1500,0.6666666666666666,0.3333333333333333,2,2,2,0,financial_services,ChannelId_2,2,14.0,22.0,1.0,2019.0,22,3,2575,0,1
CustomerId_4648,1000.0,1000.0,1,0.0,1000,1000.0,1000,0.0,1.0,1,1,1,0,airtime,ChannelId_3,2,11.0,16.0,11.0,2018.0,89,1,1000,3,0
CustomerId_4649,1000.0,500.0,2,0.0,1000,500.0,500,0.0,1.0,2,1,2,0,airtime,ChannelId_3,2,10.0,26.0,12.0,2018.0,49,2,1000,0,1
CustomerId_4650,2000.0,2000.0,1,0.0,2000,2000.0,2000,0.0,1.0,1,1,1,0,airtime,ChannelId_3,4,11.0,30.0,12.0,2018.0,45,1,2000,0,1
CustomerId_4651,43927.0,2745.4375,16,7439.365142884617,48073,3004.5625,30000,0.4375,0.5625,2,2,4,0,airtime,ChannelId_3,2,11.75,16.75,8.75,2018.3125,1,16,48073,2,0
CustomerId_4652,1000.0,1000.0,1,0.0,1000,1000.0,1000,0.0,1.0,1,1,1,0,airtime,ChannelId_3,4,5.0,15.0,12.0,2018.0,61,1,1000,3,0
CustomerId_4653,7990.0,1331.6666666666667,6,1082.5971857836444,8010,1335.0,3000,0.16666666666666666,0.8333333333333334,2,2,3,0,airtime,ChannelId_3,2,9.166666666666666,17.0,1.0,2019.0,27,6,8010,0,1
CustomerId_4654,13860.0,2310.0,6,3521.221379010414,16140,2690.0,8000,0.5,0.5,2,2,3,0,financial_services,ChannelId_2,2,10.5,12.0,2.0,2019.0,1,6,16140,2,0
CustomerId_4655,80000.0,3636.3636363636365,22,5699.168314808703,122000,5545.454545454545,10000,0.22727272727272727,0.7727272727272727,2,2,3,0,airtime,ChannelId_3,2,9.863636363636363,18.5,6.181818181818182,2018.5454545454545,9,22,122000,2,0
CustomerId_4657,65135.5,2713.9791666666665,24,10540.057648220336,97615,4067.2916666666665,50000,0.5,0.5,4,3,4,0,financial_services,ChannelId_3,2,10.75,18.5,9.25,2018.25,25,24,97615,2,0
CustomerId_4658,2004.0,668.0,3,1256.4521479149137,3656,1218.6666666666667,2660,0.3333333333333333,0.6666666666666666,3,2,2,0,airtime,ChannelId_3,2,13.0,17.333333333333332,11.0,2018.0,86,3,3656,3,0
CustomerId_4659,13920.0,1070.7692307692307,13,1460.5219474469936,16080,1236.923076923077,4000,0.3076923076923077,0.6923076923076923,2,2,4,0,financial_services,ChannelId_3,2,16.692307692307693,5.461538461538462,2.0,2019.0,6,13,16080,2,0
CustomerId_466,10000.0,10000.0,1,0.0,10000,10000.0,10000,0.0,1.0,1,1,1,0,financial_services,ChannelId_3,2,1.0,11.0,1.0,2019.0,34,1,10000,0,1
CustomerId_4660,6285.0,698.3333333333334,9,857.0078762765253,6715,746.1111111111111,2000,0.4444444444444444,0.5555555555555556,2,2,3,0,airtime,ChannelId_3,4,12.777777777777779,16.22222222222222,3.6666666666666665,2018.7777777777778,4,9,6715,0,1
CustomerId_4663,130888.0,4674.571428571428,28,7016.419153346651,133912,4782.571428571428,20000,0.35714285714285715,0.6428571428571429,4,2,3,0,financial_services,ChannelId_3,2,12.464285714285714,17.142857142857142,1.0,2019.0,22,28,133912,2,0
CustomerId_4664,10090.0,917.2727272727273,11,3517.311731732321,26110,2373.6363636363635,14000,0.2727272727272727,0.7272727272727273,3,2,4,0,airtime,ChannelId_3,2,12.090909090909092,14.363636363636363,9.272727272727273,2018.2727272727273,4,11,26110,2,0
CustomerId_4665,31500.0,4500.0,7,9215.02396451939,51500,7357.142857142857,20000,0.2857142857142857,0.7142857142857143,2,2,3,0,airtime,ChannelId_3,2,15.857142857142858,30.0,11.0,2018.0,75,7,51500,3,0
CustomerId_4666,27110.0,630.4651162790698,43,760.8397725332441,29530,686.7441860465116,3000,0.4418604651162791,0.5581395348837209,3,2,3,0,airtime,ChannelId_3,2,10.046511627906977,12.953488372093023,7.813953488372093,2018.3720930232557,7,43,29530,2,0
CustomerId_4667,18810.0,1881.0,10,3334.217216146009,21390,2139.0,10000,0.5,0.5,2,2,3,0,financial_services,ChannelId_2,2,9.0,14.8,9.8,2018.2,24,10,21390,0,1
CustomerId_4669,5000.0,1250.0,4,500.0,5000,1250.0,2000,0.0,1.0,3,1,2,0,airtime,ChannelId_3,2,10.75,16.75,1.0,2019.0,27,4,5000,0,1
CustomerId_467,5000.0,5000.0,1,0.0,5000,5000.0,5000,0.0,1.0,1,1,1,0,financial_services,ChannelId_3,2,8.0,19.0,11.0,2018.0,87,1,5000,3,0
CustomerId_4670,152000.0,25333.333333333332,6,38471.634572327006,152000,25333.333333333332,75000,0.0,1.0,3,1,1,0,financial_services,ChannelId_3,2,9.0,12.0,12.0,2018.0,64,6,152000,3,0
CustomerId_4671,81978.0,11711.142857142857,7,23839.081410075145,86356,12336.57142857143,65000,0.2857142857142857,0.7142857142857143,3,2,3,0,financial_services,ChannelId_3,2,15.0,21.142857142857142,1.2857142857142858,2019.0,10,7,86356,2,0
CustomerId_4672,785000.0,35681.818181818184,22,57348.58022374794,817000,37136.36363636364,240000,0.3181818181818182,0.6818181818181818,3,2,4,0,airtime,ChannelId_3,2,11.681818181818182,14.227272727272727,6.090909090909091,2018.5454545454545,2,22,817000,2,0
CustomerId_4673,2000.0,500.0,4,0.0,2000,500.0,500,0.0,1.0,2,1,1,0,airtime,ChannelId_3,4,6.0,9.0,12.0,2018.0,67,4,2000,3,0
CustomerId_4674,-510.0,-170.0,3,762.6925986267338,1510,503.3333333333333,1000,0.6666666666666666,0.3333333333333333,2,2,2,0,financial_services,ChannelId_2,2,13.0,21.0,12.0,2018.0,54,3,1510,0,1
CustomerId_4677,1000.0,1000.0,1,0.0,1000,1000.0,1000,0.0,1.0,1,1,1,0,airtime,ChannelId_3,4,4.0,4.0,1.0,2019.0,41,1,1000,0,1
CustomerId_4678,1500.0,750.0,2,353.5533905932738,1500,750.0,1000,0.0,1.0,2,1,1,0,airtime,ChannelId_3,2,19.0,19.0,11.0,2018.0,86,2,1500,3,0
CustomerId_468,126727.0,18103.85714285714,7,23129.421641627585,137973,19710.428571428572,53500,0.42857142857142855,0.5714285714285714,2,2,3,0,financial_services,ChannelId_3,2,11.0,18.142857142857142,1.2857142857142858,2019.0,12,7,137973,2,0
CustomerId_4680,76546.0,4252.555555555556,18,9279.263403970244,88854,4936.333333333333,30000,0.3333333333333333,0.6666666666666666,4,2,4,0,financial_services,ChannelId_3,2,13.11111111111111,13.38888888888889,12.0,2018.0,51,18,88854,3,0
CustomerId_4682,6800.0,1133.3333333333333,6,1965.6211910402947,9200,1533.3333333333333,4000,0.5,0.5,2,2,3,0,financial_services,ChannelId_2,2,15.0,7.333333333333333,1.0,2019.0,29,6,9200,0,1
CustomerId_4683,1000.0,500.0,2,0.0,1000,500.0,500,0.0,1.0,1,1,1,0,airtime,ChannelId_3,2,5.0,19.5,11.0,2018.0,82,2,1000,3,0
CustomerId_4684,-20.0,-6.666666666666667,3,1000.0666644445926,2020,673.3333333333334,1000,0.6666666666666666,0.3333333333333333,2,2,2,0,financial_services,ChannelId_2,2,7.0,5.0,12.0,2018.0,71,3,2020,3,0
CustomerId_4685,960.0,320.0,3,1532.0574401764445,3040,1013.3333333333334,2000,0.6666666666666666,0.3333333333333333,2,2,2,0,financial_services,ChannelId_2,2,13.0,11.0,2.0,2019.0,2,3,3040,0,1
CustomerId_4686,60000.0,3529.4117647058824,17,7262.124749847867,112400,6611.764705882353,15000,0.47058823529411764,0.5294117647058824,2,2,4,0,airtime,ChannelId_3,2,11.764705882352942,25.764705882352942,11.294117647058824,2018.0,54,17,112400,3,0
CustomerId_4687,2000.0,1000.0,2,0.0,2000,1000.0,1000,0.0,1.0,1,1,1,0,financial_services,ChannelId_3,2,21.0,15.0,1.0,2019.0,29,2,2000,0,1
CustomerId_4688,8500.0,1700.0,5,3027.9943857279522,11500,2300.0,5000,0.6,0.4,2,2,2,0,financial_services,ChannelId_2,2,6.8,21.0,11.0,2018.0,85,5,11500,3,0
CustomerId_4689,17980.0,561.875,32,822.5234088246463,22020,688.125,2000,0.53125,0.46875,2,2,3,0,financial_services,ChannelId_2,2,12.625,18.25,1.125,2019.0,2,32,22020,2,0
CustomerId_4691,3000.0,1000.0,3,0.0,3000,1000.0,1000,0.0,1.0,1,1,1,0,airtime,ChannelId_3,2,17.0,27.666666666666668,11.0,2018.0,77,3,3000,3,0
CustomerId_4693,4000.0,1333.3333333333333,3,7767.453465154029,16000,5333.333333333333,10000,0.6666666666666666,0.3333333333333333,2,2,2,0,financial_services,ChannelId_2,2,14.0,1.0,2.0,2019.0,12,3,16000,0,1
CustomerId_4694,4490.0,449.0,10,599.452528006458,6510,651.0,1000,0.2,0.8,2,2,4,0,financial_services,ChannelId_3,2,12.8,8.0,1.0,2019.0,34,10,6510,0,1
CustomerId_4697,84075.0,2155.769230769231,39,5775.257631353083,177325,4546.794871794872,11600,0.358974358974359,0.6410256410256411,2,4,3,0,airtime,ChannelId_3,2,15.435897435897436,11.717948717948717,3.076923076923077,2018.8461538461538,1,39,177325,2,0
CustomerId_4698,8100.0,1620.0,5,2302.878633363035,8900,1780.0,5000,0.4,0.6,2,2,3,0,airtime,ChannelId_3,2,12.0,20.8,11.0,2018.0,79,5,8900,3,0
CustomerId_470,128500.0,6763.1578947368425,19,11186.597165373878,153500,8078.9473684210525,26000,0.3684210526315789,0.631578947368421,3,2,4,0,financial_services,ChannelId_3,2,9.736842105263158,9.263157894736842,10.210526315789474,2018.157894736842,12,19,153500,2,0
CustomerId_4701,25950.0,2162.5,12,2543.0051120672174,28050,2337.5,5000,0.4166666666666667,0.5833333333333334,2,2,3,0,airtime,ChannelId_3,2,15.583333333333334,18.166666666666668,3.75,2018.75,15,12,28050,2,0
CustomerId_4702,40000.0,4444.444444444444,9,6463.573143221772,62000,6888.888888888889,10000,0.3333333333333333,0.6666666666666666,2,2,3,0,financial_services,ChannelId_3,2,19.88888888888889,14.333333333333334,1.4444444444444444,2019.0,12,9,62000,2,0
CustomerId_4703,234420.0,7561.935483870968,31,10850.337066762744,235580,7599.354838709677,25000,0.3548387096774194,0.6451612903225806,3,2,3,0,financial_services,ChannelId_3,2,10.483870967741936,18.35483870967742,11.0,2018.0,86,31,235580,3,0
CustomerId_4704,8910.46,278.451875,32,3064.018842681299,55550,1735.9375,10000,0.65625,0.34375,4,3,3,0,airtime,ChannelId_5,4,10.8125,15.8125,1.3125,2019.0,2,32,55550,2,0
CustomerId_4706,130000.0,130000.0,1,0.0,130000,130000.0,130000,0.0,1.0,1,1,1,0,airtime,ChannelId_3,0,7.0,10.0,12.0,2018.0,66,1,130000,3,0
CustomerId_4708,165258.0,3240.3529411764707,51,8649.508757897247,234512,4598.274509803921,45000,0.45098039215686275,0.5490196078431373,4,3,3,0,airtime,ChannelId_3,2,13.294117647058824,18.901960784313726,1.2156862745098038,2019.0,1,51,234512,2,0
CustomerId_4709,19000.0,3166.6666666666665,6,7626.707459098367,41000,6833.333333333333,10000,0.5,0.5,2,2,3,0,airtime,ChannelId_2,2,16.166666666666668,28.0,12.0,2018.0,47,6,41000,3,0
CustomerId_471,106053.0,1205.1477272727273,88,3541.659908709514,109547,1244.8522727272727,30000,0.375,0.625,3,2,4,0,financial_services,ChannelId_3,2,11.977272727272727,17.306818181818183,2.6136363636363638,2018.875,1,88,109547,2,0
CustomerId_4710,118800.0,3960.0,30,7724.9974891191105,231200,7706.666666666667,20000,0.43333333333333335,0.5666666666666667,2,2,4,0,airtime,ChannelId_3,2,13.9,12.633333333333333,3.533333333333333,2018.8,1,30,231200,2,0
CustomerId_4711,2125422.0,7254.0,293,23860.236101554354,2290628,7817.84300341297,283000,0.37542662116040953,0.6245733788395904,4,2,4,0,financial_services,ChannelId_3,2,14.450511945392492,11.491467576791809,9.279863481228668,2018.2491467576792,1,293,2290628,2,0
CustomerId_4712,49600.0,2917.6470588235293,17,6398.460292730358,101600,5976.470588235294,11000,0.35294117647058826,0.6470588235294118,2,2,4,0,airtime,ChannelId_3,2,11.647058823529411,12.0,1.6470588235294117,2019.0,1,17,101600,2,0
CustomerId_4713,47300.0,2252.3809523809523,21,2734.397382901587,50700,2414.285714285714,10000,0.42857142857142855,0.5714285714285714,3,2,3,0,financial_services,ChannelId_3,2,12.19047619047619,21.476190476190474,1.2380952380952381,2019.0,3,21,50700,2,0
CustomerId_4714,1000.0,1000.0,1,0.0,1000,1000.0,1000,0.0,1.0,1,1,1,0,airtime,ChannelId_3,4,7.0,19.0,12.0,2018.0,57,1,1000,0,1
CustomerId_4715,19000.0,3800.0,5,6685.805860178712,31000,6200.0,10000,0.4,0.6,2,2,3,0,financial_services,ChannelId_3,2,12.0,28.0,12.0,2018.0,47,5,31000,3,0
CustomerId_4716,10000.0,10000.0,1,0.0,10000,10000.0,10000,0.0,1.0,1,1,1,0,financial_services,ChannelId_3,2,21.0,8.0,2.0,2019.0,5,1,10000,0,1
CustomerId_4717,10000.0,10000.0,1,0.0,10000,10000.0,10000,0.0,1.0,1,1,1,0,airtime,ChannelId_3,2,19.0,5.0,2.0,2019.0,8,1,10000,0,1
CustomerId_4719,100000.0,4761.9047619047615,21,6268.211562357815,152000,7238.0952380952385,10000,0.2857142857142857,0.7142857142857143,2,2,3,0,financial_services,ChannelId_3,2,12.904761904761905,17.38095238095238,5.904761904761905,2018.5714285714287,12,21,152000,2,0
CustomerId_4721,900.0,300.0,3,1539.4804318340653,3100,1033.3333333333333,2000,0.6666666666666666,0.3333333333333333,2,2,2,0,financial_services,ChannelId_2,2,17.0,1.0,1.0,2019.0,43,3,3100,0,1
CustomerId_4722,77510.0,1250.1612903225807,62,1879.0872321470283,81890,1320.8064516129032,10000,0.3870967741935484,0.6129032258064516,3,2,4,0,financial_services,ChannelId_3,2,15.887096774193548,20.096774193548388,10.370967741935484,2018.1129032258063,37,62,81890,2,0
CustomerId_4725,100000.0,4347.826086956522,23,6109.6696507345405,152000,6608.695652173913,11000,0.2608695652173913,0.7391304347826086,2,2,3,0,airtime,ChannelId_3,2,13.521739130434783,16.347826086956523,4.695652173913044,2018.695652173913,5,23,152000,2,0
CustomerId_4727,14000.0,3500.0,4,7681.145747868608,26000,6500.0,10000,0.5,0.5,2,2,3,0,financial_services,ChannelId_2,2,12.5,10.75,1.0,2019.0,33,4,26000,0,1
CustomerId_4728,168437.5,3437.5,49,12657.081160362368,186807,3812.387755102041,85000,0.46938775510204084,0.5306122448979592,4,2,3,0,financial_services,ChannelId_3,2,12.591836734693878,12.979591836734693,1.8979591836734695,2018.9795918367347,2,49,186807,2,0
CustomerId_473,3000.0,1000.0,3,0.0,3000,1000.0,1000,0.0,1.0,1,1,1,0,financial_services,ChannelId_3,2,18.333333333333332,18.0,12.0,2018.0,57,3,3000,3,0
CustomerId_4730,5530.0,1106.0,5,2303.406173474405,7630,1526.0,5000,0.4,0.6,2,2,3,0,financial_services,ChannelId_3,2,14.8,9.4,2.0,2019.0,3,5,7630,0,1
CustomerId_4732,85740.0,1504.2105263157894,57,3094.062255450188,100070,1755.6140350877192,11500,0.3684210526315789,0.631578947368421,3,2,5,0,financial_services,ChannelId_3,2,12.087719298245615,18.526315789473685,11.421052631578947,2018.0,66,57,100070,3,0
CustomerId_4734,1950.0,487.5,4,1297.674201536477,4050,1012.5,2000,0.5,0.5,2,2,2,0,financial_services,ChannelId_2,2,20.5,23.0,12.0,2018.0,49,4,4050,3,0
CustomerId_4737,31500.0,3937.5,8,5128.265510175653,34500,4312.5,15000,0.375,0.625,2,2,3,0,airtime,ChannelId_3,2,15.875,27.25,1.0,2019.0,16,8,34500,2,0
CustomerId_4738,24100.0,1147.6190476190477,21,1610.4864319884994,25300,1204.7619047619048,6000,0.38095238095238093,0.6190476190476191,2,2,3,0,financial_services,ChannelId_3,2,10.476190476190476,18.571428571428573,5.809523809523809,2018.5714285714287,5,21,25300,2,0
CustomerId_474,21500.0,1791.6666666666667,12,3068.448922155751,24500,2041.6666666666667,10000,0.4166666666666667,0.5833333333333334,2,2,3,0,financial_services,ChannelId_3,2,12.75,22.5,10.166666666666666,2018.1666666666667,44,12,24500,3,0
CustomerId_4740,3460.0,494.2857142857143,7,960.9519090092757,5540,791.4285714285714,2000,0.42857142857142855,0.5714285714285714,2,2,4,0,financial_services,ChannelId_3,2,14.0,25.428571428571427,12.0,2018.0,49,7,5540,3,0
CustomerId_4741,150000.0,5000.0,30,6192.320048754497,222000,7400.0,10000,0.26666666666666666,0.7333333333333333,2,2,3,0,financial_services,ChannelId_3,2,9.566666666666666,14.133333333333333,3.1,2018.8333333333333,6,30,222000,2,0
CustomerId_4742,10700.0,1528.5714285714287,7,2473.5024329307394,13300,1900.0,5000,0.42857142857142855,0.5714285714285714,2,2,3,0,financial_services,ChannelId_3,2,8.285714285714286,27.714285714285715,12.0,2018.0,45,7,13300,3,0
CustomerId_4744,1500.0,750.0,2,353.5533905932738,1500,750.0,1000,0.0,1.0,2,1,1,0,airtime,ChannelId_3,2,18.0,10.0,12.0,2018.0,65,2,1500,3,0
CustomerId_4746,34000.0,4250.0,8,5092.010548749033,46000,5750.0,10000,0.25,0.75,2,2,3,0,financial_services,ChannelId_3,2,19.0,30.0,11.0,2018.0,75,8,46000,3,0
CustomerId_4748,72495.0,589.390243902439,123,636.4858005723834,78705,639.8780487804878,2000,0.44715447154471544,0.5528455284552846,2,2,3,0,airtime,ChannelId_3,2,12.235772357723578,16.983739837398375,7.569105691056911,2018.39837398374,2,123,78705,2,0
CustomerId_4749,5500.0,785.7142857142857,7,906.3269671749657,7500,1071.4285714285713,2000,0.14285714285714285,0.8571428571428571,2,2,2,0,airtime,ChannelId_3,4,14.142857142857142,8.428571428571429,1.0,2019.0,36,7,7500,0,1
CustomerId_4750,10000.0,10000.0,1,0.0,10000,10000.0,10000,0.0,1.0,1,1,1,0,financial_services,ChannelId_3,2,19.0,19.0,12.0,2018.0,56,1,10000,3,0
CustomerId_4753,16525.0,375.5681818181818,44,1103.8137987087648,32965,749.2045454545455,5000,0.38636363636363635,0.6136363636363636,3,3,3,0,financial_services,ChannelId_3,2,16.431818181818183,9.136363636363637,1.7272727272727273,2019.0,6,44,32965,2,0
CustomerId_4754,-430.0,-143.33333333333334,3,805.9983457385836,1630,543.3333333333334,1000,0.6666666666666666,0.3333333333333333,2,2,2,0,financial_services,ChannelId_2,2,5.0,25.0,12.0,2018.0,51,3,1630,0,1
CustomerId_4755,5000.0,5000.0,1,0.0,5000,5000.0,5000,0.0,1.0,1,1,1,0,financial_services,ChannelId_3,2,9.0,26.0,12.0,2018.0,50,1,5000,3,0
CustomerId_4756,10000.0,5000.0,2,0.0,10000,5000.0,5000,0.0,1.0,1,1,2,0,airtime,ChannelId_3,4,12.5,28.0,11.0,2018.0,77,2,10000,3,0
CustomerId_4757,11770.0,735.625,16,960.9437635297221,14230,889.375,2000,0.4375,0.5625,2,2,3,0,airtime,ChannelId_3,4,13.25,14.4375,5.125,2018.6875,3,16,14230,0,1
CustomerId_4759,18795.0,399.8936170212766,47,482.65061780900623,20305,432.02127659574467,2000,0.46808510638297873,0.5319148936170213,2,2,4,0,airtime,ChannelId_3,2,11.51063829787234,17.127659574468087,6.297872340425532,2018.531914893617,2,47,20305,2,0
CustomerId_476,20000.0,4000.0,5,6745.368781616021,32000,6400.0,10000,0.4,0.6,2,2,3,0,financial_services,ChannelId_3,2,17.0,1.0,2.0,2019.0,12,5,32000,2,0
CustomerId_4763,5000.0,5000.0,1,0.0,5000,5000.0,5000,0.0,1.0,1,1,1,0,financial_services,ChannelId_3,2,20.0,12.0,12.0,2018.0,63,1,5000,3,0
CustomerId_4766,18475.0,1847.5,10,2537.39942329412,22325,2232.5,5000,0.5,0.5,2,2,3,0,airtime,ChannelId_2,2,14.7,19.7,1.0,2019.0,20,10,22325,2,0
CustomerId_4768,24990.0,757.2727272727273,33,957.7537938037387,29300,887.8787878787879,3000,0.3939393939393939,0.6060606060606061,4,2,3,0,financial_services,ChannelId_3,2,14.878787878787879,12.151515151515152,11.666666666666666,2018.030303030303,44,33,29300,3,0
CustomerId_4769,130000.0,130000.0,1,0.0,130000,130000.0,130000,0.0,1.0,1,1,1,0,financial_services,ChannelId_3,0,11.0,7.0,12.0,2018.0,68,1,130000,3,0
CustomerId_4770,19000.0,3166.6666666666665,6,7626.707459098367,41000,6833.333333333333,10000,0.5,0.5,2,2,3,0,airtime,ChannelId_2,2,18.0,7.0,12.0,2018.0,68,6,41000,3,0
CustomerId_4772,500.0,500.0,1,0.0,500,500.0,500,0.0,1.0,1,1,1,0,airtime,ChannelId_3,4,19.0,22.0,11.0,2018.0,83,1,500,3,0
CustomerId_4773,16000.0,4000.0,4,1154.7005383792514,16000,4000.0,5000,0.0,1.0,1,1,1,0,financial_services,ChannelId_3,2,10.5,20.25,12.0,2018.0,54,4,16000,3,0
CustomerId_4774,510000.0,6538.461538461538,78,8760.688918667889,734200,9412.820512820514,20000,0.358974358974359,0.6410256410256411,2,2,4,0,financial_services,ChannelId_3,2,8.217948717948717,16.17948717948718,7.589743589743589,2018.3846153846155,6,78,734200,2,0
CustomerId_4775,188110.0,2137.6136363636365,88,5854.37433356572,277110,3148.9772727272725,30000,0.3181818181818182,0.6818181818181818,4,3,3,0,financial_services,ChannelId_3,2,10.352272727272727,14.988636363636363,6.579545454545454,2018.5,2,88,277110,2,0
CustomerId_4776,1440.0,360.0,4,494.70529947973404,1560,390.0,1000,0.5,0.5,2,2,3,0,airtime,ChannelId_2,2,6.5,20.0,11.0,2018.0,85,4,1560,3,0
CustomerId_4777,8000.0,800.0,10,752.772652709081,10000,1000.0,2000,0.1,0.9,2,2,2,0,airtime,ChannelId_3,4,14.3,6.1,1.0,2019.0,38,10,10000,0,1
CustomerId_4779,20000.0,4000.0,5,6745.368781616021,32000,6400.0,10000,0.4,0.6,2,2,3,0,financial_services,ChannelId_3,2,15.0,18.0,1.0,2019.0,26,5,32000,2,0
CustomerId_478,19200.0,3840.0,5,6732.235884162112,31200,6240.0,10100,0.4,0.6,2,2,3,0,financial_services,ChannelId_3,2,13.0,28.0,12.0,2018.0,47,5,31200,3,0
CustomerId_4781,-7776.0,-432.0,18,3181.996062407443,21646,1202.5555555555557,13000,0.3888888888888889,0.6111111111111112,3,3,4,0,financial_services,ChannelId_3,2,12.722222222222221,20.22222222222222,11.444444444444445,2018.0,56,18,21646,3,0
CustomerId_4782,88810.0,1216.5753424657535,73,1664.6865063379234,93190,1276.5753424657535,10000,0.3150684931506849,0.684931506849315,3,2,4,0,financial_services,ChannelId_3,2,11.438356164383562,18.726027397260275,2.4383561643835616,2018.890410958904,1,73,93190,2,0
CustomerId_4784,1000.0,1000.0,1,0.0,1000,1000.0,1000,0.0,1.0,1,1,1,0,airtime,ChannelId_3,1,5.0,8.0,2.0,2019.0,6,1,1000,0,1
CustomerId_4785,135025.0,1106.7622950819673,122,1295.1005771803475,138895,1138.483606557377,7000,0.26229508196721313,0.7377049180327869,2,2,3,0,financial_services,ChannelId_3,2,11.295081967213115,19.040983606557376,5.467213114754099,2018.5819672131147,1,122,138895,2,0
CustomerId_4786,500.0,500.0,1,0.0,500,500.0,500,0.0,1.0,1,1,1,0,airtime,ChannelId_3,4,18.0,15.0,1.0,2019.0,29,1,500,0,1
CustomerId_4787,7425.0,1060.7142857142858,7,1181.7939349827045,9575,1367.857142857143,2000,0.2857142857142857,0.7142857142857143,2,3,4,0,airtime,ChannelId_3,2,10.285714285714286,26.0,1.0,2019.0,15,7,9575,0,1
CustomerId_4788,19000.0,3166.6666666666665,6,7626.707459098367,41000,6833.333333333333,10000,0.5,0.5,2,2,3,0,airtime,ChannelId_2,2,21.0,21.0,12.0,2018.0,54,6,41000,3,0
CustomerId_4789,500.0,500.0,1,0.0,500,500.0,500,0.0,1.0,1,1,1,0,airtime,ChannelId_3,4,7.0,23.0,11.0,2018.0,83,1,500,3,0
CustomerId_4790,10000.0,10000.0,1,0.0,10000,10000.0,10000,0.0,1.0,1,1,1,0,financial_services,ChannelId_1,2,19.0,6.0,1.0,2019.0,38,1,10000,0,1
CustomerId_4791,51340.0,1047.7551020408164,49,2008.7016591425859,54730,1116.938775510204,10000,0.32653061224489793,0.673469387755102,3,2,3,0,financial_services,ChannelId_3,2,14.73469387755102,7.979591836734694,5.673469387755102,2018.6326530612246,6,49,54730,2,0
CustomerId_4792,10000.0,10000.0,1,0.0,10000,10000.0,10000,0.0,1.0,1,1,1,0,financial_services,ChannelId_3,2,13.0,30.0,11.0,2018.0,75,1,10000,3,0
CustomerId_4794,38435.0,960.875,40,3184.8654295726815,41565,1039.125,20000,0.5,0.5,4,2,3,0,financial_services,ChannelId_2,2,16.2,29.0,12.0,2018.0,46,40,41565,3,0
CustomerId_4796,1490.0,372.5,4,255.0,1510,377.5,500,0.25,0.75,2,2,3,0,financial_services,ChannelId_3,2,16.75,8.0,12.0,2018.0,63,4,1510,3,0
CustomerId_4799,2980.0,496.6666666666667,6,839.08680520353,5020,836.6666666666666,1000,0.3333333333333333,0.6666666666666666,3,2,2,0,data_bundles,ChannelId_3,4,18.833333333333332,29.0,1.0,2019.0,15,6,5020,0,1
CustomerId_480,60000.0,4615.384615384615,13,9197.26826779254,112000,8615.384615384615,21000,0.46153846153846156,0.5384615384615384,2,2,4,0,airtime,ChannelId_3,2,13.692307692307692,14.076923076923077,1.5384615384615385,2019.0,1,13,112000,2,0
CustomerId_4801,204970.0,823.1726907630522,249,885.8433961355724,219030,879.6385542168674,5000,0.39759036144578314,0.6024096385542169,2,2,4,0,airtime,ChannelId_3,4,15.313253012048193,17.06024096385542,7.0,2018.44578313253,3,249,219030,2,0
CustomerId_4803,21000.0,2625.0,8,2875.388172552906,33000,4125.0,7000,0.25,0.75,3,2,3,0,financial_services,ChannelId_3,2,14.125,20.125,12.0,2018.0,55,8,33000,3,0
CustomerId_4805,80000.0,4705.882352941177,17,6302.427170169769,122000,7176.470588235294,10000,0.29411764705882354,0.7058823529411765,2,2,3,0,financial_services,ChannelId_3,2,11.411764705882353,13.588235294117647,1.2352941176470589,2019.0,12,17,122000,2,0
CustomerId_4806,68912.5,2871.3541666666665,24,10091.91553808334,72388,3016.1666666666665,50000,0.375,0.625,3,2,3,0,airtime,ChannelId_3,2,12.083333333333334,21.0,8.791666666666666,2018.2916666666667,15,24,72388,2,0
CustomerId_4808,74000.0,24666.666666666668,3,47961.7903474561,86000,28666.666666666668,80000,0.6666666666666666,0.3333333333333333,2,2,2,0,financial_services,ChannelId_2,2,12.0,15.0,12.0,2018.0,60,3,86000,3,0
CustomerId_4809,153484.0,3837.1,40,7901.676994352334,224538,5613.45,26000,0.3,0.7,4,2,3,0,airtime,ChannelId_3,2,13.875,17.35,4.85,2018.65,3,40,224538,2,0
CustomerId_4812,324446.0,5233.0,62,14398.86772301621,426994,6887.0,106300,0.5161290322580645,0.4838709677419355,5,2,3,0,financial_services,ChannelId_2,2,13.629032258064516,16.419354838709676,7.354838709677419,2018.4193548387098,4,62,426994,2,0
CustomerId_4813,190426.0,1560.8688524590164,122,3763.518425799967,217344,1781.5081967213114,20000,0.4180327868852459,0.5819672131147541,3,3,5,0,financial_services,ChannelId_3,2,13.655737704918034,22.221311475409838,9.48360655737705,2018.1967213114754,1,122,217344,2,0
CustomerId_4814,173664.0,2144.0,81,5863.301987788111,230606,2846.9876543209875,32900,0.2962962962962963,0.7037037037037037,5,2,5,0,airtime,ChannelId_3,2,13.283950617283951,17.469135802469136,8.432098765432098,2018.3086419753085,20,81,230606,2,0
CustomerId_4815,39000.0,5571.428571428572,7,9431.456989902512,61000,8714.285714285714,20000,0.42857142857142855,0.5714285714285714,2,2,3,0,financial_services,ChannelId_3,2,13.0,21.0,12.0,2018.0,54,7,61000,3,0
CustomerId_4816,12160.0,640.0,19,3071.6838487491946,41260,2171.5789473684213,10000,0.21052631578947367,0.7894736842105263,3,3,3,0,financial_services,ChannelId_3,2,12.052631578947368,13.473684210526315,2.736842105263158,2018.842105263158,21,19,41260,2,0
CustomerId_4817,404694.0,2175.7741935483873,186,3746.9188383481514,570774,3068.6774193548385,15000,0.44623655913978494,0.553763440860215,4,3,4,0,airtime,ChannelId_3,2,10.478494623655914,15.768817204301076,5.236559139784946,2018.6236559139784,2,186,570774,2,0
CustomerId_4818,111152.0,6947.0,16,7475.59588706256,131538,8221.125,17680,0.3125,0.6875,4,2,4,0,financial_services,ChannelId_3,2,7.9375,14.5625,12.0,2018.0,51,16,131538,3,0
CustomerId_482,10000.0,10000.0,1,0.0,10000,10000.0,10000,0.0,1.0,1,1,1,0,financial_services,ChannelId_3,2,17.0,1.0,2.0,2019.0,12,1,10000,0,1
CustomerId_4822,7480.0,467.5,16,567.7851706411501,9600,600.0,1040,0.3125,0.6875,2,2,4,0,financial_services,ChannelId_3,2,15.3125,9.125,1.9375,2019.0,4,16,9600,0,1
CustomerId_4823,2500.0,1250.0,2,1060.6601717798212,2500,1250.0,2000,0.0,1.0,2,1,1,0,airtime,ChannelId_3,1,7.0,18.0,11.0,2018.0,88,2,2500,3,0
CustomerId_4824,553000.0,6010.869565217391,92,8069.321315221889,765000,8315.217391304348,50000,0.2391304347826087,0.7608695652173914,4,3,4,0,airtime,ChannelId_3,2,9.532608695652174,8.945652173913043,9.934782608695652,2018.195652173913,12,92,765000,2,0
CustomerId_4825,1000.0,1000.0,1,0.0,1000,1000.0,1000,0.0,1.0,1,1,1,0,airtime,ChannelId_3,4,20.0,28.0,1.0,2019.0,16,1,1000,0,1
CustomerId_4826,10000.0,10000.0,1,0.0,10000,10000.0,10000,0.0,1.0,1,1,1,0,airtime,ChannelId_3,4,14.0,1.0,2.0,2019.0,12,1,10000,0,1
CustomerId_4827,105250.0,1052.5,100,1892.7519353810965,108452,1084.52,9400,0.42,0.58,3,2,3,0,financial_services,ChannelId_3,2,14.23,23.24,4.22,2018.7,6,100,108452,2,0
CustomerId_4828,10550.0,959.0909090909091,11,1301.3105282403162,13450,1222.7272727272727,3000,0.45454545454545453,0.5454545454545454,2,2,3,0,airtime,ChannelId_3,2,19.0,23.09090909090909,1.0,2019.0,20,11,13450,0,1
CustomerId_483,93160.0,1109.047619047619,84,1704.73940279447,97640,1162.3809523809523,10000,0.4166666666666667,0.5833333333333334,2,2,3,0,financial_services,ChannelId_3,2,11.488095238095237,19.904761904761905,9.571428571428571,2018.154761904762,2,84,97640,2,0
CustomerId_4830,2000.0,2000.0,1,0.0,2000,2000.0,2000,0.0,1.0,1,1,1,0,financial_services,ChannelId_3,2,11.0,28.0,1.0,2019.0,16,1,2000,0,1
CustomerId_4831,1000.0,1000.0,1,0.0,1000,1000.0,1000,0.0,1.0,1,1,1,0,financial_services,ChannelId_3,2,13.0,20.0,12.0,2018.0,55,1,1000,0,1
CustomerId_4832,81000.0,3857.1428571428573,21,5839.826318356688,123000,5857.142857142857,10000,0.23809523809523808,0.7619047619047619,2,2,3,0,airtime,ChannelId_3,2,11.571428571428571,13.619047619047619,4.666666666666667,2018.7142857142858,5,21,123000,2,0
CustomerId_4833,201511.3,4287.474468085106,47,8715.923102461931,274917,5849.297872340426,35375,0.3404255319148936,0.6595744680851063,2,3,5,0,financial_services,ChannelId_3,2,12.893617021276595,15.659574468085106,2.723404255319149,2018.8510638297873,5,47,274917,2,0
CustomerId_4834,295554.0,3838.3636363636365,77,7681.774414515334,563593,7319.38961038961,30000,0.33766233766233766,0.6623376623376623,4,2,3,0,airtime,ChannelId_3,2,14.03896103896104,16.77922077922078,5.428571428571429,2018.6103896103896,5,77,563593,2,0
CustomerId_4835,39000.0,3900.0,10,6779.70828608757,62400,6240.0,10700,0.5,0.5,2,2,3,0,airtime,ChannelId_2,2,12.1,10.5,12.0,2018.0,62,10,62400,3,0
CustomerId_4836,2000.0,2000.0,1,0.0,2000,2000.0,2000,0.0,1.0,1,1,1,0,airtime,ChannelId_3,2,20.0,22.0,11.0,2018.0,83,1,2000,3,0
CustomerId_4837,40000.0,3333.3333333333335,12,5698.218754110531,62000,5166.666666666667,10000,0.25,0.75,2,2,3,0,airtime,ChannelId_3,2,10.0,6.0,1.5,2019.0,12,12,62000,2,0
CustomerId_4838,2000.0,2000.0,1,0.0,2000,2000.0,2000,0.0,1.0,1,1,1,0,airtime,ChannelId_3,4,6.0,15.0,1.0,2019.0,30,1,2000,0,1
CustomerId_4839,10939.0,643.4705882352941,17,1276.6345462605507,13261,780.0588235294117,5000,0.47058823529411764,0.5294117647058824,2,2,3,0,financial_services,ChannelId_3,2,12.705882352941176,27.41176470588235,1.0,2019.0,14,17,13261,0,1
CustomerId_4840,925566.2,2132.641013824885,434,7530.796930447946,1024812,2361.3179723502303,100000,0.41935483870967744,0.5806451612903226,5,2,5,0,financial_services,ChannelId_3,2,14.65668202764977,17.44009216589862,4.7304147465437785,2018.7073732718893,1,434,1024812,2,0
CustomerId_4841,183992.0,1343.007299270073,137,3521.628305069116,211608,1544.5839416058395,25000,0.4306569343065693,0.5693430656934306,2,2,4,0,airtime,ChannelId_3,2,14.795620437956204,3.0875912408759123,2.0,2019.0,6,137,211608,2,0
CustomerId_4843,42729.0,1124.4473684210527,38,1392.2238616468376,47771,1257.1315789473683,5000,0.2631578947368421,0.7368421052631579,4,2,3,0,financial_services,ChannelId_3,2,10.473684210526315,20.18421052631579,1.3157894736842106,2019.0,7,38,47771,2,0
CustomerId_4845,1200.0,600.0,2,0.0,1200,600.0,600,0.0,1.0,1,1,2,0,financial_services,ChannelId_3,2,11.5,5.0,1.0,2019.0,39,2,1200,0,1
CustomerId_4846,737132.0,4006.1521739130435,184,8199.221329062053,1079924,5869.152173913043,32200,0.20652173913043478,0.7934782608695652,4,2,4,0,airtime,ChannelId_3,2,11.173913043478262,16.45108695652174,9.266304347826088,2018.2282608695652,5,184,1079924,2,0
CustomerId_4847,100000.0,3846.153846153846,26,5801.3261083466605,152000,5846.153846153846,10000,0.23076923076923078,0.7692307692307693,2,2,3,0,airtime,ChannelId_3,2,9.73076923076923,18.653846153846153,6.230769230769231,2018.5384615384614,13,26,152000,2,0
CustomerId_4848,34960.0,5826.666666666667,6,13347.668960034433,38030,6338.333333333333,33990,0.3333333333333333,0.6666666666666666,3,2,3,0,airtime,ChannelId_3,4,9.333333333333334,8.666666666666666,12.0,2018.0,63,6,38030,3,0
CustomerId_485,14340.0,623.4782608695652,23,667.5045706050679,15460,672.1739130434783,2000,0.43478260869565216,0.5652173913043478,2,2,4,0,airtime,ChannelId_3,2,11.347826086956522,17.217391304347824,10.826086956521738,2018.0869565217392,43,23,15460,3,0
CustomerId_4851,-8920.0,-1486.6666666666667,6,11093.736370883647,47160,7860.0,15120,0.5,0.5,2,3,3,0,airtime,ChannelId_3,2,18.166666666666668,18.666666666666668,12.0,2018.0,55,6,47160,3,0
CustomerId_4854,50000.0,3846.153846153846,13,9397.217264046432,104400,8030.7692307692305,25000,0.46153846153846156,0.5384615384615384,4,2,3,0,financial_services,ChannelId_3,2,9.461538461538462,20.153846153846153,11.153846153846153,2018.076923076923,35,13,104400,2,0
CustomerId_4855,1425.0,356.25,4,498.48729505708906,1575,393.75,1000,0.5,0.5,2,2,2,0,airtime,ChannelId_2,2,17.0,19.5,11.0,2018.0,84,4,1575,3,0
CustomerId_4856,4945.0,549.4444444444445,9,472.24493409435087,5055,561.6666666666666,1000,0.3333333333333333,0.6666666666666666,3,2,4,0,financial_services,ChannelId_3,2,14.777777777777779,9.555555555555555,12.0,2018.0,64,9,5055,3,0
CustomerId_4857,20000.0,3333.3333333333335,6,6088.2400303098,32000,5333.333333333333,10000,0.3333333333333333,0.6666666666666666,2,2,3,0,airtime,ChannelId_3,2,8.0,1.0,2.0,2019.0,13,6,32000,2,0
CustomerId_4858,195144.0,2748.507042253521,71,7461.487951710512,224726,3165.154929577465,50000,0.39436619718309857,0.6056338028169014,5,2,3,0,financial_services,ChannelId_3,2,12.112676056338028,16.577464788732396,9.450704225352112,2018.1830985915492,36,71,224726,2,0
CustomerId_4859,200000.0,200000.0,1,0.0,200000,200000.0,200000,0.0,1.0,1,1,1,0,financial_services,ChannelId_3,0,5.0,9.0,12.0,2018.0,67,1,200000,3,0
CustomerId_4861,76735.0,1023.1333333333333,75,1720.0773421747822,92665,1235.5333333333333,10000,0.36,0.64,2,2,4,0,airtime,ChannelId_3,2,14.24,15.653333333333334,4.96,2018.6666666666667,1,75,92665,2,0
CustomerId_4863,-510.0,-170.0,3,762.6925986267338,1510,503.3333333333333,1000,0.6666666666666666,0.3333333333333333,2,2,2,0,financial_services,ChannelId_2,2,18.0,11.0,1.0,2019.0,33,3,1510,0,1
CustomerId_4864,100600.0,3353.3333333333335,30,3178.563255279985,102600,3420.0,10000,0.03333333333333333,0.9666666666666667,2,2,3,0,airtime,ChannelId_3,2,15.0,6.9,1.0,2019.0,37,30,102600,2,0
CustomerId_4865,3000.0,1000.0,3,7937.253933193771,21000,7000.0,14000,0.6666666666666666,0.3333333333333333,2,2,2,0,financial_services,ChannelId_2,2,11.0,22.333333333333332,11.0,2018.0,83,3,21000,3,0
CustomerId_4866,10000.0,2500.0,4,6757.711644237764,22000,5500.0,10000,0.5,0.5,2,2,3,0,airtime,ChannelId_2,2,16.0,25.0,1.0,2019.0,19,4,22000,2,0
CustomerId_4867,133930.0,2790.2083333333335,48,4930.42978558334,185308,3860.5833333333335,16000,0.3333333333333333,0.6666666666666666,2,2,3,0,airtime,ChannelId_3,2,16.6875,16.354166666666668,5.666666666666667,2018.5833333333333,5,48,185308,2,0
CustomerId_4868,1000.0,1000.0,1,0.0,1000,1000.0,1000,0.0,1.0,1,1,1,0,financial_services,ChannelId_3,2,3.0,9.0,1.0,2019.0,36,1,1000,0,1
CustomerId_487,5000.0,5000.0,1,0.0,5000,5000.0,5000,0.0,1.0,1,1,1,0,financial_services,ChannelId_3,2,9.0,14.0,1.0,2019.0,31,1,5000,0,1
CustomerId_4870,12873.0,757.2352941176471,17,945.0753626967908,15427,907.4705882352941,2500,0.4117647058823529,0.5882352941176471,2,2,3,0,financial_services,ChannelId_3,2,11.117647058823529,17.529411764705884,10.823529411764707,2018.1176470588234,8,17,15427,0,1
CustomerId_4872,20000.0,2857.1428571428573,7,7160.506765785306,41400,5914.285714285715,10700,0.5714285714285714,0.42857142857142855,2,2,3,0,financial_services,ChannelId_2,2,13.0,16.0,11.0,2018.0,89,7,41400,3,0
CustomerId_4873,875234.0,4511.515463917526,194,13454.37190249187,992959,5118.345360824742,106300,0.3247422680412371,0.6752577319587629,5,3,3,0,financial_services,ChannelId_3,2,11.118556701030927,17.201030927835053,8.371134020618557,2018.319587628866,4,194,992959,2,0
CustomerId_4875,10000.0,5000.0,2,0.0,10000,5000.0,5000,0.0,1.0,2,1,1,0,airtime,ChannelId_3,2,13.0,14.0,12.0,2018.0,61,2,10000,3,0
CustomerId_4876,5000.0,5000.0,1,0.0,5000,5000.0,5000,0.0,1.0,1,1,1,0,financial_services,ChannelId_3,2,7.0,2.0,2.0,2019.0,12,1,5000,0,1
CustomerId_4877,91255.0,6083.666666666667,15,12511.11683758926,137645,9176.333333333334,37000,0.4,0.6,3,2,3,0,airtime,ChannelId_3,2,15.466666666666667,20.933333333333334,10.2,2018.1333333333334,5,15,137645,2,0
CustomerId_4878,50804960.0,247829.07317073172,205,481438.10289510206,50912840,248355.31707317074,3000000,0.07804878048780488,0.9219512195121952,2,3,5,22,financial_services,ChannelId_3,2,13.55609756097561,16.848780487804877,12.0,2018.0,49,205,50912840,2,1
CustomerId_4879,1955.0,244.375,8,600.389382579577,4045,505.625,1000,0.375,0.625,2,2,3,0,airtime,ChannelId_3,2,9.75,26.25,1.0,2019.0,14,8,4045,0,1
CustomerId_488,66552.0,6050.181818181818,11,7335.23335440914,73758,6705.272727272727,18000,0.45454545454545453,0.5454545454545454,3,2,3,0,financial_services,ChannelId_3,2,10.909090909090908,10.545454545454545,1.4545454545454546,2019.0,1,11,73758,2,0
CustomerId_4880,19000.0,3166.6666666666665,6,7626.707459098367,41000,6833.333333333333,10000,0.5,0.5,2,2,3,0,airtime,ChannelId_2,2,6.0,14.0,12.0,2018.0,62,6,41000,3,0
CustomerId_4882,161659.0,1496.8425925925926,108,4314.989880240755,290607,2690.8055555555557,28840,0.3888888888888889,0.6111111111111112,4,3,4,0,airtime,ChannelId_3,2,12.648148148148149,16.11111111111111,7.333333333333333,2018.4166666666667,2,108,290607,2,0
CustomerId_4884,500.0,500.0,1,0.0,500,500.0,500,0.0,1.0,1,1,1,0,airtime,ChannelId_3,4,18.0,13.0,12.0,2018.0,62,1,500,3,0
CustomerId_4887,182500.0,36500.0,5,40218.15510438041,197500,39500.0,90000,0.4,0.6,2,2,3,0,financial_services,ChannelId_3,2,9.4,13.0,12.0,2018.0,57,5,197500,3,0
CustomerId_4888,1140060.0,8382.79411764706,136,18238.011818672538,1211940,8911.323529411764,100000,0.4264705882352941,0.5735294117647058,3,2,4,0,financial_services,ChannelId_3,2,12.772058823529411,14.176470588235293,5.875,2018.5735294117646,5,136,1211940,2,0
CustomerId_4889,493113.0,49311.3,10,53431.07485983955,538387,53838.7,106300,0.5,0.5,2,2,3,0,financial_services,ChannelId_2,2,15.2,16.0,1.0,2019.0,16,10,538387,2,0
CustomerId_489,50000.0,50000.0,1,0.0,50000,50000.0,50000,0.0,1.0,1,1,1,0,financial_services,ChannelId_3,2,4.0,24.0,11.0,2018.0,82,1,50000,3,0
CustomerId_4891,52850.0,2402.2727272727275,22,4769.208711264556,75250,3420.4545454545455,11000,0.3181818181818182,0.6818181818181818,2,2,3,0,financial_services,ChannelId_3,2,12.954545454545455,9.954545454545455,1.8181818181818181,2019.0,1,22,75250,2,0
CustomerId_4892,126820.0,5513.913043478261,23,5892.051455624876,169180,7355.652173913043,10000,0.2608695652173913,0.7391304347826086,2,2,3,0,financial_services,ChannelId_3,2,9.695652173913043,16.0,3.5652173913043477,2018.7826086956522,13,23,169180,2,0
CustomerId_4893,2000.0,2000.0,1,0.0,2000,2000.0,2000,0.0,1.0,1,1,1,0,financial_services,ChannelId_3,2,15.0,16.0,1.0,2019.0,28,1,2000,0,1
CustomerId_4894,1980.0,660.0,3,588.8972745734183,2020,673.3333333333334,1000,0.3333333333333333,0.6666666666666666,2,2,3,0,financial_services,ChannelId_3,2,11.666666666666666,8.333333333333334,12.0,2018.0,67,3,2020,3,0
CustomerId_4895,20625.0,896.7391304347826,23,2627.350726101231,34375,1494.5652173913043,10000,0.5217391304347826,0.4782608695652174,2,2,2,0,financial_services,ChannelId_2,2,11.304347826086957,14.782608695652174,12.0,2018.0,52,23,34375,3,0
CustomerId_4896,146800.0,4317.64705882353,34,5521.224643919812,176600,5194.117647058823,15000,0.4117647058823529,0.5882352941176471,2,2,3,0,airtime,ChannelId_3,2,12.411764705882353,16.676470588235293,7.647058823529412,2018.3823529411766,2,34,176600,2,0
CustomerId_4898,131120.0,6901.0526315789475,19,12268.155586602088,184249,9697.315789473685,33990,0.3684210526315789,0.631578947368421,5,4,5,0,airtime,ChannelId_1,2,13.736842105263158,17.105263157894736,5.894736842105263,2018.5263157894738,26,19,184249,2,0
CustomerId_4900,8810.0,881.0,10,1691.544002120876,11190,1119.0,5000,0.5,0.5,3,2,3,0,financial_services,ChannelId_2,2,13.0,13.3,5.4,2018.6,42,10,11190,0,1
CustomerId_4901,115000.0,4791.666666666667,24,6379.172405548399,177000,7375.0,10000,0.2916666666666667,0.7083333333333334,2,2,3,0,financial_services,ChannelId_3,2,8.041666666666666,15.625,3.4166666666666665,2018.7916666666667,13,24,177000,2,0
CustomerId_4902,14750.0,4916.666666666667,3,5125.508104893926,15250,5083.333333333333,10000,0.3333333333333333,0.6666666666666666,3,2,2,0,airtime,ChannelId_3,4,7.666666666666667,18.666666666666668,4.333333333333333,2018.6666666666667,29,3,15250,0,1
CustomerId_4903,2960.0,740.0,4,1506.784656146989,5040,1260.0,2000,0.5,0.5,2,2,3,0,financial_services,ChannelId_2,2,4.75,21.75,12.0,2018.0,54,4,5040,3,0
CustomerId_4904,3860.0,482.5,8,553.3469590978676,4140,517.5,1000,0.5,0.5,2,2,2,0,airtime,ChannelId_2,2,7.75,18.0,11.0,2018.0,84,8,4140,3,0
CustomerId_4906,500.0,500.0,1,0.0,500,500.0,500,0.0,1.0,1,1,1,0,airtime,ChannelId_3,4,11.0,17.0,11.0,2018.0,88,1,500,3,0
CustomerId_4908,108445.5,1106.5867346938776,98,2082.3957419051485,112343,1146.357142857143,14000,0.4387755102040816,0.5612244897959183,2,2,4,0,financial_services,ChannelId_3,2,12.377551020408163,15.561224489795919,10.193877551020408,2018.1326530612246,7,98,112343,2,0
CustomerId_491,-50.0,-16.666666666666668,3,1000.4165798972613,2050,683.3333333333334,1000,0.6666666666666666,0.3333333333333333,2,2,2,0,financial_services,ChannelId_2,2,18.666666666666668,13.0,1.0,2019.0,31,3,2050,0,1
CustomerId_4911,490.0,245.0,2,360.62445840513925,510,255.0,500,0.5,0.5,2,2,2,0,airtime,ChannelId_2,2,10.0,15.0,1.0,2019.0,29,2,510,0,1
CustomerId_4912,674666.0,11060.098360655738,61,24746.897093511147,698554,11451.704918032787,90000,0.39344262295081966,0.6065573770491803,4,2,3,0,financial_services,ChannelId_3,2,13.229508196721312,13.311475409836065,1.0,2019.0,29,61,698554,2,0
CustomerId_4913,10000.0,10000.0,1,0.0,10000,10000.0,10000,0.0,1.0,1,1,1,0,financial_services,ChannelId_3,2,13.0,18.0,12.0,2018.0,57,1,10000,3,0
CustomerId_4915,2950.0,983.3333333333334,3,1025.1016209787854,3050,1016.6666666666666,2000,0.3333333333333333,0.6666666666666666,2,2,3,0,financial_services,ChannelId_3,2,22.0,18.0,1.0,2019.0,26,3,3050,0,1
CustomerId_4917,29200.0,2654.5454545454545,11,2642.011974372424,29800,2709.090909090909,9000,0.18181818181818182,0.8181818181818182,2,2,3,0,airtime,ChannelId_3,4,13.0,7.363636363636363,2.0,2019.0,1,11,29800,2,0
CustomerId_492,1281914.2,32869.59487179487,39,89915.91266072735,1297056,33257.846153846156,400000,0.1794871794871795,0.8205128205128205,3,2,4,0,financial_services,ChannelId_3,2,13.538461538461538,4.897435897435898,1.9230769230769231,2019.0,6,39,1297056,2,0
CustomerId_4920,451990.0,5255.697674418605,86,9199.109950641667,577220,6711.860465116279,50000,0.2441860465116279,0.7558139534883721,3,2,4,0,airtime,ChannelId_3,2,13.895348837209303,17.1046511627907,8.046511627906977,2018.3488372093022,5,86,577220,2,0
CustomerId_4921,15000.0,7500.0,2,3535.5339059327375,16200,8100.0,11200,0.0,1.0,2,1,1,0,airtime,ChannelId_3,2,16.0,11.5,12.0,2018.0,63,2,16200,3,0
CustomerId_4922,2000.0,2000.0,1,0.0,2000,2000.0,2000,0.0,1.0,1,1,1,0,airtime,ChannelId_3,2,13.0,26.0,12.0,2018.0,49,1,2000,0,1
CustomerId_4923,20530.0,2053.0,10,4597.158663541838,22570,2257.0,15000,0.2,0.8,3,2,2,0,airtime,ChannelId_3,4,13.2,10.8,12.0,2018.0,64,10,22570,3,0
CustomerId_4924,3665.0,407.22222222222223,9,612.245411942339,5735,637.2222222222222,1000,0.2222222222222222,0.7777777777777778,2,2,3,0,airtime,ChannelId_3,2,17.666666666666668,21.77777777777778,1.1111111111111112,2019.0,11,9,5735,0,1
CustomerId_4925,5988800.0,1197760.0,5,2132208.9691209914,5988800,1197760.0,5000000,0.0,1.0,1,1,1,2,financial_services,ChannelId_3,2,8.8,8.8,1.0,2019.0,34,5,5988800,2,1
CustomerId_4926,357066.0,3306.1666666666665,108,8119.927294113058,419072,3880.296296296296,50000,0.3148148148148148,0.6851851851851852,4,2,5,0,financial_services,ChannelId_3,2,11.675925925925926,13.305555555555555,7.861111111111111,2018.3703703703704,2,108,419072,2,0
CustomerId_4927,120112.0,1766.3529411764705,68,3657.025762257099,123188,1811.5882352941176,20000,0.39705882352941174,0.6029411764705882,3,2,3,0,financial_services,ChannelId_3,2,16.205882352941178,17.544117647058822,6.102941176470588,2018.5294117647059,3,68,123188,2,0
CustomerId_4928,78400.0,1045.3333333333333,75,1532.7297088398725,82600,1101.3333333333333,7000,0.38666666666666666,0.6133333333333333,3,2,3,0,financial_services,ChannelId_3,2,11.146666666666667,14.84,5.56,2018.5866666666666,4,75,82600,2,0
CustomerId_4929,40000.0,4000.0,10,6164.414002968976,62000,6200.0,10000,0.3,0.7,2,2,3,0,airtime,ChannelId_3,2,12.7,21.3,1.0,2019.0,20,10,62000,2,0
CustomerId_493,30650.0,4378.571428571428,7,7312.880026755142,33350,4764.285714285715,20000,0.42857142857142855,0.5714285714285714,2,2,3,0,financial_services,ChannelId_3,2,12.571428571428571,19.571428571428573,7.285714285714286,2018.4285714285713,30,7,33350,2,0
CustomerId_4931,2500.0,2500.0,1,0.0,2500,2500.0,2500,0.0,1.0,1,1,1,0,airtime,ChannelId_3,2,5.0,1.0,2.0,2019.0,13,1,2500,0,1
CustomerId_4932,10000.0,10000.0,1,0.0,10000,10000.0,10000,0.0,1.0,1,1,1,0,financial_services,ChannelId_3,2,15.0,5.0,2.0,2019.0,8,1,10000,0,1
CustomerId_4933,1910.0,318.3333333333333,6,989.412283462595,4090,681.6666666666666,1500,0.6666666666666666,0.3333333333333333,2,2,2,0,financial_services,ChannelId_2,2,11.5,23.833333333333332,6.5,2018.5,26,6,4090,0,1
CustomerId_4934,21840.0,1213.3333333333333,18,1057.3885701270344,22160,1231.111111111111,3000,0.2777777777777778,0.7222222222222222,2,2,3,0,airtime,ChannelId_3,2,9.777777777777779,10.555555555555555,2.8333333333333335,2018.8333333333333,22,18,22160,2,0
CustomerId_4935,-13600.0,-2266.6666666666665,6,1751.1900715418262,14935,2489.1666666666665,5500,1.0,0.0,2,1,1,0,airtime,ChannelId_5,4,10.166666666666666,6.0,2.0,2019.0,7,6,14935,0,1
CustomerId_4936,70610.0,2017.4285714285713,35,4263.607518948038,71390,2039.7142857142858,20000,0.4,0.6,3,2,3,0,financial_services,ChannelId_3,2,14.085714285714285,9.542857142857143,2.0,2019.0,3,35,71390,2,0
CustomerId_4938,26164.0,1377.0526315789473,19,2573.827790874134,31126,1638.2105263157894,10000,0.42105263157894735,0.5789473684210527,4,2,3,0,financial_services,ChannelId_3,2,11.736842105263158,28.473684210526315,1.0,2019.0,14,19,31126,2,0
CustomerId_4939,140619.0,8271.70588235294,17,15162.804472477652,153481,9028.29411764706,38050,0.47058823529411764,0.5294117647058824,4,2,3,0,financial_services,ChannelId_3,2,13.882352941176471,16.470588235294116,12.0,2018.0,51,17,153481,3,0
CustomerId_494,20000.0,4000.0,5,6745.368781616021,32000,6400.0,10000,0.4,0.6,2,2,3,0,financial_services,ChannelId_3,2,17.0,8.0,2.0,2019.0,5,5,32000,2,0
CustomerId_4940,70000.0,3500.0,20,7013.37068898063,132800,6640.0,10700,0.5,0.5,2,2,4,0,airtime,ChannelId_2,2,11.85,20.05,11.25,2018.0,55,20,132800,3,0
CustomerId_4941,38990.0,3544.5454545454545,11,5697.628214680849,41470,3770.0,13000,0.36363636363636365,0.6363636363636364,3,2,3,0,financial_services,ChannelId_3,2,11.0,7.545454545454546,2.0,2019.0,3,11,41470,2,0
CustomerId_4942,108750.0,6796.875,16,7515.505499742959,111250,6953.125,20000,0.3125,0.6875,3,2,3,0,financial_services,ChannelId_3,2,11.625,13.625,7.8125,2018.375,24,16,111250,2,0
CustomerId_4943,736410.0,4232.241379310345,174,8177.188258456057,805050,4626.724137931034,30000,0.2988505747126437,0.7011494252873564,4,2,5,0,airtime,ChannelId_3,2,12.367816091954023,16.49425287356322,4.666666666666667,2018.6666666666667,8,174,805050,2,0
CustomerId_4944,624988.0,3531.005649717514,177,16276.252769301513,646322,3651.536723163842,125000,0.4011299435028249,0.5988700564971752,4,2,4,0,airtime,ChannelId_3,2,15.796610169491526,10.983050847457626,1.0,2019.0,23,177,646322,2,0
CustomerId_4945,72930.55,1215.5091666666667,60,1203.3913295663906,76946,1282.4333333333334,5000,0.3,0.7,3,2,4,0,financial_services,ChannelId_3,2,13.683333333333334,13.433333333333334,7.95,2018.35,1,60,76946,2,0
CustomerId_4946,61455.0,1755.857142857143,35,5028.969676623967,62945,1798.4285714285713,30000,0.45714285714285713,0.5428571428571428,3,2,3,0,financial_services,ChannelId_3,2,11.085714285714285,21.6,1.0,2019.0,16,35,62945,2,0
CustomerId_4947,12360.0,1373.3333333333333,9,1341.0070842467612,12440,1382.2222222222222,4400,0.2222222222222222,0.7777777777777778,2,2,3,0,airtime,ChannelId_3,2,11.222222222222221,10.555555555555555,2.6666666666666665,2018.888888888889,5,9,12440,0,1
CustomerId_4948,7500.0,937.5,8,176.77669529663686,7500,937.5,1000,0.0,1.0,2,1,1,0,financial_services,ChannelId_3,2,11.75,27.5,11.0,2018.0,77,8,7500,3,0
CustomerId_4949,4000.0,2000.0,2,2121.3203435596424,4000,2000.0,3500,0.0,1.0,2,1,1,0,airtime,ChannelId_3,2,18.5,12.5,6.5,2018.5,41,2,4000,0,1
CustomerId_495,1000.0,1000.0,1,0.0,1000,1000.0,1000,0.0,1.0,1,1,1,0,financial_services,ChannelId_3,2,2.0,12.0,1.0,2019.0,33,1,1000,0,1
CustomerId_4951,2000.0,2000.0,1,0.0,2000,2000.0,2000,0.0,1.0,1,1,1,0,airtime,ChannelId_3,4,13.0,9.0,1.0,2019.0,35,1,2000,0,1
CustomerId_4953,1520.0,760.0,2,1187.9393923933999,1680,840.0,1600,0.5,0.5,2,2,2,0,airtime,ChannelId_2,2,7.0,25.0,11.0,2018.0,81,2,1680,3,0
CustomerId_4954,81727.0,1201.8676470588234,68,1600.9998266420314,86473,1271.6617647058824,5000,0.36764705882352944,0.6323529411764706,3,2,4,0,financial_services,ChannelId_3,2,13.544117647058824,20.970588235294116,9.0,2018.25,5,68,86473,2,0
CustomerId_4955,2000.0,1000.0,2,0.0,2000,1000.0,1000,0.0,1.0,1,1,1,0,financial_services,ChannelId_3,2,11.5,10.0,1.0,2019.0,34,2,2000,0,1
CustomerId_4956,2960.0,740.0,4,1506.784656146989,5040,1260.0,2000,0.5,0.5,2,2,2,0,financial_services,ChannelId_2,2,18.25,7.0,2.0,2019.0,6,4,5040,0,1
CustomerId_4957,1000.0,1000.0,1,0.0,1000,1000.0,1000,0.0,1.0,1,1,1,0,financial_services,ChannelId_3,2,4.0,23.0,12.0,2018.0,53,1,1000,0,1
CustomerId_4958,9377.0,625.1333333333333,15,898.1104662143792,12023,801.5333333333333,2000,0.4666666666666667,0.5333333333333333,3,2,3,0,airtime,ChannelId_3,4,15.533333333333333,12.6,6.466666666666667,2018.5333333333333,1,15,12023,0,1
CustomerId_4959,21300.0,1065.0,20,1109.4213759765423,22700,1135.0,3000,0.4,0.6,2,2,2,0,airtime,ChannelId_3,4,14.25,12.4,5.75,2018.6,3,20,22700,2,0
CustomerId_496,21130.0,880.4166666666666,24,3687.0708052854648,51460,2144.1666666666665,14590,0.375,0.625,4,3,3,0,financial_services,ChannelId_3,2,11.708333333333334,10.666666666666666,1.9583333333333333,2018.9583333333333,1,24,51460,2,0
CustomerId_4961,40000.0,4000.0,10,6164.414002968976,62000,6200.0,10000,0.3,0.7,2,2,3,0,airtime,ChannelId_3,2,10.0,4.5,2.0,2019.0,5,10,62000,2,0
CustomerId_4963,10000.0,10000.0,1,0.0,10000,10000.0,10000,0.0,1.0,1,1,1,0,financial_services,ChannelId_3,2,21.0,21.0,12.0,2018.0,54,1,10000,3,0
CustomerId_4965,1950.0,650.0,3,606.2177826491071,2050,683.3333333333334,1000,0.3333333333333333,0.6666666666666666,2,2,2,0,airtime,ChannelId_3,4,13.333333333333334,18.333333333333332,11.0,2018.0,86,3,2050,3,0
CustomerId_4966,-500.0,-250.0,2,1060.6601717798212,1500,750.0,1000,0.5,0.5,2,2,2,0,airtime,ChannelId_2,2,20.0,9.0,1.0,2019.0,35,2,1500,0,1
CustomerId_4968,20000.0,4000.0,5,6745.368781616021,32000,6400.0,10000,0.4,0.6,2,2,3,0,financial_services,ChannelId_3,2,18.0,8.0,2.0,2019.0,5,5,32000,2,0
CustomerId_4969,133356.0,1905.0857142857142,70,5076.677287596845,141188,2016.9714285714285,30000,0.4142857142857143,0.5857142857142857,3,2,3,0,airtime,ChannelId_3,2,11.871428571428572,4.5,2.0,2019.0,8,70,141188,2,0
CustomerId_497,3450.0,862.5,4,871.1821470469498,3550,887.5,2000,0.25,0.75,2,2,4,0,financial_services,ChannelId_3,2,11.5,15.5,11.0,2018.0,89,4,3550,3,0
CustomerId_4970,8400.0,1400.0,6,1810.8009277664953,8500,1416.6666666666667,5000,0.16666666666666666,0.8333333333333334,2,2,3,0,financial_services,ChannelId_3,2,12.333333333333334,18.5,11.0,2018.0,86,6,8500,3,0
CustomerId_4971,395300.0,6935.087719298245,57,8171.651590976624,528100,9264.912280701754,31200,0.22807017543859648,0.7719298245614035,3,2,5,0,financial_services,ChannelId_3,2,11.526315789473685,17.70175438596491,5.456140350877193,2018.6140350877192,3,57,528100,2,0
CustomerId_4972,80000.0,80000.0,1,0.0,80000,80000.0,80000,0.0,1.0,1,1,1,0,financial_services,ChannelId_3,2,11.0,16.0,12.0,2018.0,59,1,80000,3,0
CustomerId_4973,1000.0,500.0,2,0.0,1000,500.0,500,0.0,1.0,1,1,1,0,airtime,ChannelId_3,2,9.5,28.0,1.0,2019.0,16,2,1000,0,1
CustomerId_4976,19000.0,3800.0,5,6685.805860178712,31000,6200.0,10000,0.4,0.6,2,2,3,0,financial_services,ChannelId_3,2,14.0,28.0,12.0,2018.0,47,5,31000,3,0
CustomerId_4977,1000.0,1000.0,1,0.0,1000,1000.0,1000,0.0,1.0,1,1,1,0,airtime,ChannelId_3,4,14.0,5.0,12.0,2018.0,70,1,1000,3,0
CustomerId_4978,223116.0,3657.6393442622953,61,6523.785869244908,269775,4422.540983606557,28840,0.32786885245901637,0.6721311475409836,4,2,3,0,financial_services,ChannelId_3,2,13.721311475409836,12.950819672131148,6.360655737704918,2018.5245901639344,1,61,269775,2,0
CustomerId_4979,7075.0,1010.7142857142857,7,2007.271009296429,9925,1417.857142857143,4500,0.5714285714285714,0.42857142857142855,2,2,2,0,financial_services,ChannelId_2,2,12.571428571428571,13.428571428571429,1.5714285714285714,2019.0,12,7,9925,0,1
CustomerId_498,40000.0,4000.0,10,4109.609335312651,52000,5200.0,10000,0.2,0.8,2,2,3,0,financial_services,ChannelId_3,2,13.0,8.0,2.0,2019.0,5,10,52000,2,0
CustomerId_4980,75286.0,5377.571428571428,14,9616.019460449124,92514,6608.142857142857,26000,0.2857142857142857,0.7142857142857143,4,2,4,0,airtime,ChannelId_3,2,9.285714285714286,11.785714285714286,5.071428571428571,2018.642857142857,2,14,92514,2,0
CustomerId_4982,1000.0,1000.0,1,0.0,1000,1000.0,1000,0.0,1.0,1,1,1,0,airtime,ChannelId_3,4,10.0,23.0,12.0,2018.0,52,1,1000,0,1
CustomerId_4983,88025.5,1491.957627118644,59,2578.943261747244,91781,1555.6101694915253,10000,0.3389830508474576,0.6610169491525424,3,2,3,0,financial_services,ChannelId_3,2,10.830508474576272,25.949152542372882,1.0,2019.0,14,59,91781,2,0
CustomerId_4984,5000.0,5000.0,1,0.0,5000,5000.0,5000,0.0,1.0,1,1,1,0,financial_services,ChannelId_3,2,5.0,10.0,2.0,2019.0,4,1,5000,0,1
CustomerId_4986,10000.0,10000.0,1,0.0,10000,10000.0,10000,0.0,1.0,1,1,1,0,financial_services,ChannelId_3,2,7.0,30.0,1.0,2019.0,15,1,10000,0,1
CustomerId_4987,83260.5,979.535294117647,85,1251.7537311713515,90090,1059.8823529411766,6000,0.35294117647058826,0.6470588235294118,4,2,4,0,financial_services,ChannelId_3,2,13.658823529411764,19.04705882352941,8.882352941176471,2018.2823529411764,12,85,90090,2,0
CustomerId_4989,56600.0,5145.454545454545,11,7150.855002915894,63400,5763.636363636364,20000,0.5454545454545454,0.45454545454545453,2,2,2,0,financial_services,ChannelId_2,2,17.818181818181817,21.90909090909091,1.1818181818181819,2019.0,4,11,63400,2,0
CustomerId_4990,129440.0,2489.230769230769,52,2921.979007154291,135440,2604.6153846153848,10000,0.3269230769230769,0.6730769230769231,3,2,5,0,financial_services,ChannelId_3,2,9.557692307692308,15.576923076923077,1.1923076923076923,2019.0,1,52,135440,2,0
CustomerId_4993,5000.0,5000.0,1,0.0,5000,5000.0,5000,0.0,1.0,1,1,1,0,financial_services,ChannelId_3,2,3.0,15.0,12.0,2018.0,61,1,5000,3,0
CustomerId_4994,12000.0,800.0,15,1097.0740305792626,14400,960.0,4000,0.3333333333333333,0.6666666666666666,2,2,3,0,financial_services,ChannelId_3,2,13.0,22.0,1.2,2019.0,11,15,14400,0,1
CustomerId_4997,685507.0,7971.011627906977,86,20624.680258332526,978698,11380.209302325582,130000,0.4186046511627907,0.5813953488372093,5,2,4,0,financial_services,ChannelId_3,2,16.023255813953487,20.36046511627907,8.63953488372093,2018.2790697674418,8,86,978698,2,0
CustomerId_4998,88365.0,3681.875,24,5593.659806171082,142445,5935.208333333333,8085,0.25,0.75,3,3,4,0,financial_services,ChannelId_3,2,11.708333333333334,18.625,7.291666666666667,2018.4166666666667,34,24,142445,2,0
CustomerId_4999,164687.0,8234.35,20,13302.70940853384,176583,8829.15,32900,0.3,0.7,4,2,3,0,financial_services,ChannelId_3,2,13.1,16.35,7.25,2018.4,5,20,176583,2,0
CustomerId_5,-10000.0,-10000.0,1,0.0,10000,10000.0,10000,1.0,0.0,1,1,1,0,airtime,ChannelId_2,4,16.0,21.0,11.0,2018.0,84,1,10000,3,0
CustomerId_500,12500.0,1562.5,8,4083.394071462751,28500,3562.5,14000,0.375,0.625,4,2,4,0,financial_services,ChannelId_3,2,12.125,18.875,11.375,2018.0,65,8,28500,3,0
CustomerId_5000,45200.0,9040.0,5,9083.391437123031,48800,9760.0,16000,0.4,0.6,2,2,3,0,financial_services,ChannelId_3,2,19.2,12.0,12.0,2018.0,63,5,48800,3,0
CustomerId_5001,7018.0,1002.5714285714286,7,892.3263336438557,7182,1026.0,2000,0.2857142857142857,0.7142857142857143,2,2,3,0,financial_services,ChannelId_3,2,11.714285714285714,21.285714285714285,1.0,2019.0,17,7,7182,0,1
CustomerId_5002,19000.0,3166.6666666666665,6,7626.707459098367,41000,6833.333333333333,10000,0.5,0.5,2,2,3,0,airtime,ChannelId_2,2,18.0,21.0,12.0,2018.0,54,6,41000,3,0
CustomerId_5003,1000.0,1000.0,1,0.0,1000,1000.0,1000,0.0,1.0,1,1,1,0,airtime,ChannelId_3,4,22.0,9.0,2.0,2019.0,4,1,1000,0,1
CustomerId_5004,12000.0,12000.0,1,0.0,12000,12000.0,12000,0.0,1.0,1,1,1,0,financial_services,ChannelId_3,2,19.0,4.0,2.0,2019.0,9,1,12000,0,1
CustomerId_5006,70555.0,3067.608695652174,23,10296.980787586279,71445,3106.304347826087,50000,0.34782608695652173,0.6521739130434783,2,2,3,0,financial_services,ChannelId_3,2,14.173913043478262,14.521739130434783,1.6521739130434783,2019.0,1,23,71445,2,0
CustomerId_5007,97439.0,5128.368421052632,19,12057.03992238802,101161,5324.263157894737,50000,0.47368421052631576,0.5263157894736842,2,2,3,0,financial_services,ChannelId_3,2,14.631578947368421,8.0,2.0,2019.0,3,19,101161,2,0
CustomerId_5008,3930.0,561.4285714285714,7,982.8941715062473,6070,867.1428571428571,2000,0.42857142857142855,0.5714285714285714,2,2,3,0,financial_services,ChannelId_3,2,12.571428571428571,1.8571428571428572,2.0,2019.0,11,7,6070,0,1
CustomerId_5009,40000.0,4444.444444444444,9,6463.573143221772,62000,6888.888888888889,10000,0.3333333333333333,0.6666666666666666,2,2,3,0,financial_services,ChannelId_3,2,11.333333333333334,14.333333333333334,1.4444444444444444,2019.0,13,9,62000,2,0
CustomerId_501,35000.0,2500.0,14,4815.83925108674,69000,4928.571428571428,14000,0.2857142857142857,0.7142857142857143,3,2,3,0,airtime,ChannelId_3,2,12.571428571428571,20.0,11.428571428571429,2018.0,56,14,69000,3,0
CustomerId_5010,1400.0,233.33333333333334,6,828.200861305195,3600,600.0,1500,0.5,0.5,2,2,2,0,airtime,ChannelId_2,2,10.0,16.0,1.0,2019.0,14,6,3600,0,1
CustomerId_5013,42112.0,1238.5882352941176,34,1493.8593118141216,43762,1287.1176470588234,5200,0.29411764705882354,0.7058823529411765,2,2,4,0,financial_services,ChannelId_3,2,14.411764705882353,15.705882352941176,9.088235294117647,2018.235294117647,31,34,43762,2,0
CustomerId_5014,13960.0,775.5555555555555,18,579.5050852156949,14240,791.1111111111111,1500,0.2222222222222222,0.7777777777777778,2,2,2,0,airtime,ChannelId_3,4,13.555555555555555,10.0,4.388888888888889,2018.7222222222222,10,18,14240,0,1
CustomerId_5015,70000.0,3333.3333333333335,21,7206.478566771244,152000,7238.0952380952385,11000,0.42857142857142855,0.5714285714285714,2,2,4,0,airtime,ChannelId_3,2,12.238095238095237,14.904761904761905,1.380952380952381,2019.0,1,21,152000,2,0
CustomerId_5016,135750.0,5656.25,24,11288.656411945423,165250,6885.416666666667,50000,0.375,0.625,3,2,3,0,airtime,ChannelId_3,2,13.375,12.541666666666666,3.0416666666666665,2018.8333333333333,4,24,165250,2,0
CustomerId_5018,90000.0,3913.0434782608695,23,8033.526585946836,182000,7913.04347826087,20000,0.43478260869565216,0.5652173913043478,2,2,4,0,airtime,ChannelId_3,2,12.217391304347826,15.0,1.391304347826087,2019.0,1,23,182000,2,0
CustomerId_5019,39970.0,1427.5,28,1356.3052344103407,43230,1543.9285714285713,5000,0.2857142857142857,0.7142857142857143,2,2,3,0,financial_services,ChannelId_3,2,10.821428571428571,9.571428571428571,1.4285714285714286,2019.0,1,28,43230,2,0
CustomerId_502,2000.0,2000.0,1,0.0,2000,2000.0,2000,0.0,1.0,1,1,1,0,airtime,ChannelId_3,4,21.0,15.0,1.0,2019.0,29,1,2000,0,1
CustomerId_5021,20620.0,1288.75,16,2561.944248677815,23380,1461.25,10000,0.5,0.5,2,2,3,0,financial_services,ChannelId_2,2,11.9375,25.5,12.0,2018.0,44,16,23380,3,0
CustomerId_5022,63445.0,2643.5416666666665,24,4122.395525389773,63955,2664.7916666666665,15000,0.2916666666666667,0.7083333333333334,3,2,3,0,financial_services,ChannelId_3,2,12.458333333333334,10.458333333333334,10.291666666666666,2018.125,8,24,63955,2,0
CustomerId_5024,2930.0,488.3333333333333,6,1055.6593516218509,5070,845.0,2000,0.5,0.5,2,2,3,0,financial_services,ChannelId_2,2,10.833333333333334,7.833333333333333,11.833333333333334,2018.0,69,6,5070,3,0
CustomerId_5026,60000.0,4000.0,15,8585.70240075241,122000,8133.333333333333,20000,0.4666666666666667,0.5333333333333333,2,2,4,0,airtime,ChannelId_3,2,16.0,12.866666666666667,1.6,2019.0,1,15,122000,2,0
CustomerId_5027,82675.0,2505.3030303030305,33,3391.7740424891267,87325,2646.212121212121,10000,0.3333333333333333,0.6666666666666666,2,2,3,0,airtime,ChannelId_3,2,17.03030303030303,18.545454545454547,1.0,2019.0,16,33,87325,2,0
CustomerId_5028,475.0,237.5,2,371.23106012293744,525,262.5,500,0.5,0.5,2,2,2,0,airtime,ChannelId_2,2,13.0,20.0,11.0,2018.0,85,2,525,3,0
CustomerId_5029,19660.0,3276.6666666666665,6,4028.680511863241,20340,3390.0,10000,0.3333333333333333,0.6666666666666666,2,2,3,0,airtime,ChannelId_3,2,9.833333333333334,10.5,2.0,2019.0,3,6,20340,2,0
CustomerId_503,29000.0,3625.0,8,8416.607731995457,61000,7625.0,15000,0.5,0.5,2,2,3,0,airtime,ChannelId_2,2,19.5,7.0,12.0,2018.0,68,8,61000,3,0
CustomerId_5030,5000.0,5000.0,1,0.0,5000,5000.0,5000,0.0,1.0,1,1,1,0,financial_services,ChannelId_3,2,13.0,3.0,1.0,2019.0,41,1,5000,0,1
CustomerId_5031,34355.66,1431.4858333333334,24,2266.673502991662,36879,1536.625,8000,0.4166666666666667,0.5833333333333334,3,2,3,0,financial_services,ChannelId_3,2,13.333333333333334,20.25,1.3333333333333333,2019.0,10,24,36879,2,0
CustomerId_5032,398200.0,66366.66666666667,6,31009.783402446825,403750,67291.66666666667,80550,0.0,1.0,2,1,2,0,financial_services,ChannelId_3,2,12.5,6.166666666666667,2.0,2019.0,7,6,403750,2,0
CustomerId_5033,5890.0,490.8333333333333,12,592.8238790021463,6510,542.5,1500,0.5,0.5,2,2,2,0,airtime,ChannelId_2,2,14.333333333333334,15.666666666666666,1.3333333333333333,2019.0,8,12,6510,0,1
CustomerId_5034,2000.0,2000.0,1,0.0,2000,2000.0,2000,0.0,1.0,1,1,1,0,airtime,ChannelId_3,4,18.0,28.0,11.0,2018.0,77,1,2000,3,0
CustomerId_5035,285400.0,142700.0,2,201101.1685694541,285400,142700.0,284900,0.0,1.0,2,1,1,0,data_bundles,ChannelId_3,2,6.5,20.0,1.0,2019.0,25,2,285400,2,0
CustomerId_5036,20000.0,4000.0,5,6745.368781616021,32000,6400.0,10000,0.4,0.6,2,2,3,0,financial_services,ChannelId_3,2,14.0,8.0,2.0,2019.0,5,5,32000,2,0
CustomerId_5037,0.0,0.0,3,866.0254037844386,2000,666.6666666666666,1000,0.3333333333333333,0.6666666666666666,2,2,2,0,data_bundles,ChannelId_3,4,14.666666666666666,7.333333333333333,1.0,2019.0,36,3,2000,0,1
CustomerId_5039,40000.0,4444.444444444444,9,8735.00302105144,63400,7044.444444444444,20000,0.5555555555555556,0.4444444444444444,2,2,3,0,financial_services,ChannelId_2,2,9.444444444444445,23.0,11.0,2018.0,82,9,63400,3,0
CustomerId_504,1000.0,1000.0,1,0.0,1000,1000.0,1000,0.0,1.0,1,1,1,0,airtime,ChannelId_3,2,6.0,23.0,12.0,2018.0,53,1,1000,0,1
CustomerId_5040,262703.0,7297.305555555556,36,29543.668032078927,320470,8901.944444444445,184265,0.5,0.5,3,3,5,0,airtime,ChannelId_3,2,14.0,18.666666666666668,2.9722222222222223,2018.8333333333333,2,36,320470,2,0
CustomerId_5041,160000.0,8000.0,20,10545.091150313545,211400,10570.0,30700,0.35,0.65,2,2,4,0,financial_services,ChannelId_3,2,14.6,21.35,11.3,2018.0,69,20,211400,3,0
CustomerId_5042,1425.0,356.25,4,498.48729505708906,1575,393.75,1000,0.5,0.5,2,2,2,0,airtime,ChannelId_2,2,11.0,20.5,1.0,2019.0,24,4,1575,0,1
CustomerId_5043,5000.0,5000.0,1,0.0,5000,5000.0,5000,0.0,1.0,1,1,1,0,financial_services,ChannelId_3,2,13.0,26.0,1.0,2019.0,18,1,5000,0,1
CustomerId_5044,80480.0,6190.7692307692305,13,7488.281357715379,91520,7040.0,20000,0.38461538461538464,0.6153846153846154,3,2,3,0,financial_services,ChannelId_3,2,13.923076923076923,19.0,6.230769230769231,2018.5384615384614,12,13,91520,2,0
CustomerId_5045,500.0,500.0,1,0.0,500,500.0,500,0.0,1.0,1,1,1,0,financial_services,ChannelId_3,2,7.0,5.0,1.0,2019.0,40,1,500,0,1
CustomerId_5046,8000.0,8000.0,1,0.0,8000,8000.0,8000,0.0,1.0,1,1,1,0,financial_services,ChannelId_3,2,19.0,11.0,2.0,2019.0,2,1,8000,0,1
CustomerId_5047,25250.0,701.3888888888889,36,3184.1656478606565,57750,1604.1666666666667,15000,0.6111111111111112,0.3888888888888889,3,3,3,0,airtime,ChannelId_3,2,11.027777777777779,18.055555555555557,4.361111111111111,2018.6944444444443,21,36,57750,2,0
CustomerId_5048,54500.1,2096.1576923076923,26,4845.315618051982,78988,3038.0,16650,0.38461538461538464,0.6153846153846154,3,2,4,0,financial_services,ChannelId_3,2,14.5,12.615384615384615,1.6923076923076923,2019.0,2,26,78988,2,0
CustomerId_5049,10225.0,786.5384615384615,13,1009.5695960312836,12775,982.6923076923077,2000,0.38461538461538464,0.6153846153846154,2,2,3,0,financial_services,ChannelId_3,2,14.538461538461538,26.384615384615383,1.0,2019.0,13,13,12775,0,1
CustomerId_505,500.0,500.0,1,0.0,500,500.0,500,0.0,1.0,1,1,1,0,airtime,ChannelId_3,2,6.0,22.0,11.0,2018.0,84,1,500,3,0
CustomerId_5050,1000.0,1000.0,1,0.0,1000,1000.0,1000,0.0,1.0,1,1,1,0,financial_services,ChannelId_3,2,14.0,12.0,1.0,2019.0,32,1,1000,0,1
CustomerId_5051,20820.0,1095.7894736842106,19,1286.84504717491,21380,1125.2631578947369,5000,0.3684210526315789,0.631578947368421,3,2,4,0,financial_services,ChannelId_3,2,13.842105263157896,12.736842105263158,1.263157894736842,2019.0,1,19,21380,2,0
CustomerId_5052,11000.0,2750.0,4,2061.5528128088304,11000,2750.0,5000,0.0,1.0,2,1,1,0,financial_services,ChannelId_3,2,13.75,13.5,3.75,2018.75,32,4,11000,0,1
CustomerId_5054,6848030.0,51879.01515151515,132,137039.2940966334,7443860,56392.878787878784,500000,0.20454545454545456,0.7954545454545454,5,2,4,7,airtime,ChannelId_3,2,11.969696969696969,16.59090909090909,4.71969696969697,2018.6666666666667,2,132,7443860,2,1
CustomerId_5056,100000.0,5882.35294117647,17,5988.3465261829215,132000,7764.705882352941,10000,0.23529411764705882,0.7647058823529411,2,2,3,0,financial_services,ChannelId_3,2,11.0,14.0,1.2352941176470589,2019.0,13,17,132000,2,0
CustomerId_5057,115630.0,1313.9772727272727,88,1957.5781364729926,124970,1420.1136363636363,7000,0.3977272727272727,0.6022727272727273,3,2,3,0,airtime,ChannelId_3,2,11.840909090909092,17.079545454545453,7.068181818181818,2018.4431818181818,6,88,124970,2,0
CustomerId_506,950.0,475.0,2,742.4621202458749,1050,525.0,1000,0.5,0.5,2,2,2,0,airtime,ChannelId_2,2,14.0,18.0,11.0,2018.0,86,2,1050,3,0
CustomerId_5060,-510.0,-170.0,3,762.6925986267338,1510,503.3333333333333,1000,0.6666666666666666,0.3333333333333333,2,2,2,0,financial_services,ChannelId_2,2,7.0,1.0,1.0,2019.0,44,3,1510,0,1
CustomerId_5061,5000.0,5000.0,1,0.0,5000,5000.0,5000,0.0,1.0,1,1,1,0,financial_services,ChannelId_3,2,9.0,12.0,2.0,2019.0,2,1,5000,0,1
CustomerId_5065,562750.0,14429.48717948718,39,26281.90471635509,625250,16032.051282051281,85000,0.4358974358974359,0.5641025641025641,2,2,4,0,airtime,ChannelId_3,2,12.794871794871796,15.205128205128204,8.435897435897436,2018.3076923076924,1,39,625250,2,0
CustomerId_5066,-10000.0,-10000.0,1,0.0,10000,10000.0,10000,1.0,0.0,1,1,1,0,airtime,ChannelId_5,4,15.0,3.0,12.0,2018.0,72,1,10000,3,0
CustomerId_5067,25200.0,5040.0,5,5099.313679310188,27200,5440.0,10100,0.2,0.8,2,2,3,0,airtime,ChannelId_3,2,10.8,6.6,1.0,2019.0,34,5,27200,0,1
CustomerId_5068,80000.0,10000.0,8,10350.983390135314,100000,12500.0,20000,0.25,0.75,2,2,4,0,financial_services,ChannelId_3,2,7.0,7.0,12.0,2018.0,69,8,100000,3,0
CustomerId_5069,425.0,85.0,5,744.4796840747234,2575,515.0,1000,0.6,0.4,2,2,2,0,financial_services,ChannelId_2,2,8.4,10.6,12.0,2018.0,63,5,2575,3,0
CustomerId_507,2100.0,1050.0,2,70.71067811865476,2100,1050.0,1100,0.0,1.0,2,1,1,0,airtime,ChannelId_3,2,18.0,15.0,11.0,2018.0,90,2,2100,3,0
CustomerId_5073,1265215.0,10370.61475409836,122,90674.09879328455,1270765,10416.106557377048,1000000,0.36885245901639346,0.6311475409836066,2,2,5,0,financial_services,ChannelId_3,2,10.040983606557377,19.459016393442624,7.131147540983607,2018.4426229508197,23,122,1270765,2,0
CustomerId_5074,29660.0,1022.7586206896551,29,2536.714194374464,32340,1115.1724137931035,10000,0.4482758620689655,0.5517241379310345,2,2,3,0,financial_services,ChannelId_3,2,12.172413793103448,16.0,12.0,2018.0,48,29,32340,3,0
CustomerId_5076,19000.0,3800.0,5,6685.805860178712,31000,6200.0,10000,0.4,0.6,2,2,3,0,financial_services,ChannelId_3,2,13.0,1.0,2.0,2019.0,12,5,31000,2,0
CustomerId_508,280209.0,4002.9857142857145,70,5749.483980608279,401409,5734.414285714286,14000,0.21428571428571427,0.7857142857142857,3,2,4,0,airtime,ChannelId_3,2,11.585714285714285,15.942857142857143,8.414285714285715,2018.3142857142857,5,70,401409,2,0
CustomerId_5080,19000.0,3166.6666666666665,6,7626.707459098367,41000,6833.333333333333,10000,0.5,0.5,2,2,3,0,airtime,ChannelId_2,2,18.0,21.0,12.0,2018.0,54,6,41000,3,0
CustomerId_5081,44695.5,876.3823529411765,51,1168.7942316260603,48351,948.0588235294117,5000,0.35294117647058826,0.6470588235294118,3,2,3,0,airtime,ChannelId_3,2,14.803921568627452,15.627450980392156,6.764705882352941,2018.450980392157,19,51,48351,2,0
CustomerId_5082,40000.0,4444.444444444444,9,6554.790444993477,62000,6888.888888888889,10500,0.3333333333333333,0.6666666666666666,2,2,4,0,financial_services,ChannelId_3,2,14.88888888888889,16.333333333333332,12.0,2018.0,47,9,62000,3,0
CustomerId_5085,35887.0,2242.9375,16,6566.649835532575,72177,4511.0625,14000,0.375,0.625,4,3,3,0,financial_services,ChannelId_3,2,12.5625,20.9375,10.0,2018.125,33,16,72177,2,0
CustomerId_5087,2000.0,2000.0,1,0.0,2000,2000.0,2000,0.0,1.0,1,1,1,0,airtime,ChannelId_3,0,9.0,1.0,12.0,2018.0,75,1,2000,3,0
CustomerId_5089,500.0,500.0,1,0.0,500,500.0,500,0.0,1.0,1,1,1,0,data_bundles,ChannelId_3,4,21.0,30.0,11.0,2018.0,75,1,500,3,0
CustomerId_509,66000.0,5076.923076923077,13,6601.281926786878,98000,7538.461538461538,11000,0.3076923076923077,0.6923076923076923,2,2,3,0,financial_services,ChannelId_3,2,7.923076923076923,12.384615384615385,1.6153846153846154,2019.0,6,13,98000,2,0
CustomerId_5090,121000.0,4033.3333333333335,30,5622.021561394229,174530,5817.666666666667,12530,0.2,0.8,3,2,3,0,airtime,ChannelId_3,2,13.4,13.866666666666667,3.1666666666666665,2018.8333333333333,5,30,174530,2,0
CustomerId_5091,13500.0,843.75,16,862.3369411082886,14500,906.25,2000,0.375,0.625,2,2,2,0,airtime,ChannelId_3,4,16.375,23.25,11.0,2018.0,81,16,14500,3,0
CustomerId_5092,40000.0,3636.3636363636365,11,5903.773831588186,62000,5636.363636363636,10000,0.2727272727272727,0.7272727272727273,2,2,3,0,airtime,ChannelId_3,2,11.454545454545455,3.5454545454545454,2.0,2019.0,6,11,62000,2,0
CustomerId_5094,49435.0,1177.0238095238096,42,1987.7702483926282,52765,1256.3095238095239,8000,0.42857142857142855,0.5714285714285714,3,2,4,0,financial_services,ChannelId_3,2,8.595238095238095,17.30952380952381,1.0714285714285714,2019.0,2,42,52765,2,0
CustomerId_5095,50000.0,50000.0,1,0.0,50000,50000.0,50000,0.0,1.0,1,1,1,0,financial_services,ChannelId_3,2,13.0,25.0,12.0,2018.0,50,1,50000,3,0
CustomerId_5097,4000.0,4000.0,1,0.0,4000,4000.0,4000,0.0,1.0,1,1,1,0,financial_services,ChannelId_3,2,10.0,7.0,2.0,2019.0,6,1,4000,0,1
CustomerId_5099,5000.0,5000.0,1,0.0,5000,5000.0,5000,0.0,1.0,1,1,1,0,airtime,ChannelId_3,4,9.0,6.0,2.0,2019.0,8,1,5000,0,1
CustomerId_5100,40000.0,20000.0,2,0.0,40000,20000.0,20000,0.0,1.0,2,1,2,0,data_bundles,ChannelId_3,2,6.0,18.0,1.0,2019.0,27,2,40000,2,0
CustomerId_5101,31940.0,4562.857142857143,7,7748.810046894758,34060,4865.714285714285,20000,0.42857142857142855,0.5714285714285714,2,2,3,0,financial_services,ChannelId_3,2,20.0,23.714285714285715,11.0,2018.0,77,7,34060,3,0
CustomerId_5103,2950.0,737.5,4,525.0,3050,762.5,1000,0.25,0.75,2,2,2,0,airtime,ChannelId_3,2,7.0,18.75,8.5,2018.25,27,4,3050,0,1
CustomerId_5105,1135000.0,141875.0,8,162523.34997074815,1135000,141875.0,500000,0.0,1.0,2,1,1,1,financial_services,ChannelId_3,0,17.125,7.125,10.625,2018.125,43,8,1135000,2,1
CustomerId_5106,100000.0,50000.0,2,0.0,100000,50000.0,50000,0.0,1.0,1,1,1,0,financial_services,ChannelId_3,2,14.0,10.5,1.0,2019.0,33,2,100000,2,0
CustomerId_5107,11617.0,645.3888888888889,18,955.9237687357643,15783,876.8333333333334,3000,0.3333333333333333,0.6666666666666666,2,2,3,0,financial_services,ChannelId_3,2,8.666666666666666,18.11111111111111,1.1111111111111112,2019.0,10,18,15783,0,1
CustomerId_5108,96388.0,3569.925925925926,27,6552.515441392458,179623,6652.7037037037035,12000,0.2222222222222222,0.7777777777777778,3,3,4,0,financial_services,ChannelId_3,2,13.074074074074074,16.62962962962963,6.518518518518518,2018.4814814814815,5,27,179623,2,0
CustomerId_511,2000.0,2000.0,1,0.0,2000,2000.0,2000,0.0,1.0,1,1,1,0,financial_services,ChannelId_3,2,7.0,8.0,2.0,2019.0,6,1,2000,0,1
CustomerId_5111,19000.0,3800.0,5,6685.805860178712,31000,6200.0,10000,0.4,0.6,2,2,3,0,financial_services,ChannelId_3,2,9.8,28.0,12.0,2018.0,47,5,31000,3,0
CustomerId_5112,5000.0,1000.0,5,0.0,5000,1000.0,1000,0.0,1.0,1,1,2,0,airtime,ChannelId_3,1,22.0,7.0,12.0,2018.0,68,5,5000,3,0
CustomerId_5113,80000.0,4000.0,20,7262.013639842819,152000,7600.0,11000,0.4,0.6,2,2,4,0,airtime,ChannelId_3,2,9.5,13.55,1.45,2019.0,1,20,152000,2,0
CustomerId_5115,8000.0,2666.6666666666665,3,2081.6659994661327,8000,2666.6666666666665,5000,0.0,1.0,2,1,1,0,financial_services,ChannelId_3,2,9.0,8.0,12.0,2018.0,67,3,8000,3,0
CustomerId_5116,14920.0,877.6470588235294,17,799.0113376210996,17040,1002.3529411764706,2610,0.23529411764705882,0.7647058823529411,3,2,3,0,airtime,ChannelId_3,4,14.882352941176471,21.88235294117647,1.0,2019.0,21,17,17040,0,1
CustomerId_5118,40000.0,4444.444444444444,9,6463.573143221772,62000,6888.888888888889,10000,0.3333333333333333,0.6666666666666666,2,2,3,0,financial_services,ChannelId_3,2,13.333333333333334,14.333333333333334,1.4444444444444444,2019.0,12,9,62000,2,0
CustomerId_5119,34460.0,3446.0,10,7958.237102385036,46540,4654.0,20000,0.4,0.6,3,2,3,0,financial_services,ChannelId_3,2,15.5,8.4,2.0,2019.0,3,10,46540,2,0
CustomerId_5120,10000.0,10000.0,1,0.0,10000,10000.0,10000,0.0,1.0,1,1,1,0,financial_services,ChannelId_3,2,16.0,15.0,1.0,2019.0,29,1,10000,0,1
CustomerId_5121,20000.0,4000.0,5,6745.368781616021,32000,6400.0,10000,0.4,0.6,2,2,3,0,financial_services,ChannelId_3,2,7.0,8.0,2.0,2019.0,6,5,32000,2,0
CustomerId_5122,384000.0,4860.7594936708865,79,10627.71434675805,717000,9075.949367088608,50000,0.4430379746835443,0.5569620253164557,2,2,4,0,airtime,ChannelId_3,2,12.481012658227849,8.569620253164556,12.0,2018.0,55,79,717000,2,0
CustomerId_5123,800000.0,800000.0,1,0.0,800000,800000.0,800000,0.0,1.0,1,1,1,1,financial_services,ChannelId_3,2,18.0,24.0,12.0,2018.0,51,1,800000,2,1
CustomerId_5124,10000.0,10000.0,1,0.0,10000,10000.0,10000,0.0,1.0,1,1,1,0,financial_services,ChannelId_3,2,6.0,25.0,1.0,2019.0,20,1,10000,0,1
CustomerId_5126,10000.0,5000.0,2,0.0,10000,5000.0,5000,0.0,1.0,1,1,1,0,financial_services,ChannelId_3,2,15.0,24.0,11.0,2018.0,81,2,10000,3,0
CustomerId_5127,2045.0,681.6666666666666,3,639.9283814094616,2155,718.3333333333334,1100,0.3333333333333333,0.6666666666666666,2,2,3,0,airtime,ChannelId_3,2,8.0,18.666666666666668,12.0,2018.0,56,3,2155,3,0
CustomerId_5128,56000.0,28000.0,2,0.0,57680,28840.0,28840,0.0,1.0,1,1,1,0,tv,ChannelId_3,1,12.0,4.0,2.0,2019.0,9,2,57680,2,0
CustomerId_5129,23205.0,552.5,42,1263.2494153435628,40595,966.547619047619,5000,0.40476190476190477,0.5952380952380952,2,3,3,0,financial_services,ChannelId_3,2,11.833333333333334,10.047619047619047,1.880952380952381,2019.0,1,42,40595,2,0
CustomerId_513,14831.0,1235.9166666666667,12,1927.283555036765,17169,1430.75,5000,0.4166666666666667,0.5833333333333334,2,2,4,0,financial_services,ChannelId_3,2,9.666666666666666,21.25,11.0,2018.0,83,12,17169,3,0
CustomerId_5130,1000.0,1000.0,1,0.0,1000,1000.0,1000,0.0,1.0,1,1,1,0,airtime,ChannelId_3,4,12.0,12.0,12.0,2018.0,63,1,1000,3,0
CustomerId_5131,5000.0,5000.0,1,0.0,5000,5000.0,5000,0.0,1.0,1,1,1,0,financial_services,ChannelId_3,2,17.0,6.0,1.0,2019.0,38,1,5000,0,1
CustomerId_5132,500.0,500.0,1,0.0,500,500.0,500,0.0,1.0,1,1,1,0,airtime,ChannelId_3,2,21.0,2.0,1.0,2019.0,42,1,500,0,1
CustomerId_5133,1450.0,483.3333333333333,3,525.1983752196244,1550,516.6666666666666,1000,0.3333333333333333,0.6666666666666666,2,2,3,0,airtime,ChannelId_3,2,8.666666666666666,28.333333333333332,11.0,2018.0,77,3,1550,3,0
CustomerId_5134,20000.0,4000.0,5,6745.368781616021,32000,6400.0,10000,0.4,0.6,2,2,3,0,financial_services,ChannelId_3,2,14.0,1.0,2.0,2019.0,12,5,32000,2,0
CustomerId_5137,1000.0,1000.0,1,0.0,1000,1000.0,1000,0.0,1.0,1,1,1,0,airtime,ChannelId_3,4,4.0,8.0,12.0,2018.0,68,1,1000,3,0
CustomerId_5138,1849560.0,6005.064935064935,308,13064.663344129613,2257225,7328.652597402597,100000,0.34415584415584416,0.6558441558441559,4,2,4,0,financial_services,ChannelId_3,2,13.594155844155845,14.529220779220779,5.383116883116883,2018.607142857143,4,308,2257225,2,0
CustomerId_5139,1000.0,1000.0,1,0.0,1000,1000.0,1000,0.0,1.0,1,1,1,0,airtime,ChannelId_3,4,21.0,2.0,1.0,2019.0,42,1,1000,0,1
CustomerId_514,20000.0,10000.0,2,0.0,20000,10000.0,10000,0.0,1.0,1,1,1,0,financial_services,ChannelId_3,2,11.0,8.0,1.0,2019.0,36,2,20000,0,1
CustomerId_5140,190025.0,1544.918699186992,123,4170.157738875892,205575,1671.341463414634,30000,0.3008130081300813,0.6991869918699187,4,2,3,0,financial_services,ChannelId_3,2,11.439024390243903,16.26829268292683,9.260162601626016,2018.2439024390244,1,123,205575,2,0
CustomerId_5141,79000.0,19750.0,4,40376.354466444835,91000,22750.0,80000,0.5,0.5,3,2,3,0,financial_services,ChannelId_2,2,13.0,14.5,12.0,2018.0,60,4,91000,3,0
CustomerId_5142,30000.0,10000.0,3,0.0,30000,10000.0,10000,0.0,1.0,1,1,1,0,financial_services,ChannelId_3,2,16.333333333333332,2.0,1.0,2019.0,42,3,30000,3,0
CustomerId_5145,1000.0,500.0,2,0.0,1000,500.0,500,0.0,1.0,1,1,1,0,airtime,ChannelId_3,4,4.0,16.0,1.0,2019.0,20,2,1000,0,1
CustomerId_5146,74000.0,24666.666666666668,3,47961.790347456095,86000,28666.666666666668,80000,0.6666666666666666,0.3333333333333333,2,2,2,0,financial_services,ChannelId_2,2,13.666666666666666,12.333333333333334,12.0,2018.0,63,3,86000,3,0
CustomerId_5147,30000.0,4285.714285714285,7,6102.302453836194,42000,6000.0,10000,0.2857142857142857,0.7142857142857143,2,2,3,0,airtime,ChannelId_3,2,10.142857142857142,25.0,1.0,2019.0,19,7,42000,2,0
CustomerId_5148,245205.0,1109.524886877828,221,1780.119027063694,254795,1152.9185520361991,10000,0.416289592760181,0.583710407239819,3,2,3,0,financial_services,ChannelId_3,2,12.615384615384615,18.144796380090497,9.51131221719457,2018.2262443438915,16,221,254795,2,0
CustomerId_5149,975.0,325.0,3,303.10889132455355,1025,341.6666666666667,500,0.3333333333333333,0.6666666666666666,2,2,3,0,financial_services,ChannelId_3,2,8.0,10.0,2.0,2019.0,4,3,1025,0,1
CustomerId_515,1154671.0,6379.397790055249,181,11330.460542115643,1445927,7988.546961325967,50000,0.3701657458563536,0.6298342541436464,4,2,3,0,financial_services,ChannelId_3,2,13.67403314917127,14.7292817679558,6.867403314917127,2018.4585635359117,1,181,1445927,2,0
CustomerId_5150,50000.0,4166.666666666667,12,7469.128382072355,92000,7666.666666666667,11000,0.4166666666666667,0.5833333333333334,2,2,4,0,airtime,ChannelId_3,2,12.0,13.666666666666666,1.5,2019.0,5,12,92000,2,0
CustomerId_5152,204790.0,20479.0,10,34672.668855390344,206810,20681.0,100000,0.2,0.8,2,2,3,0,financial_services,ChannelId_3,2,14.8,13.6,7.6,2018.4,32,10,206810,2,0
CustomerId_5154,10000.0,10000.0,1,0.0,10000,10000.0,10000,0.0,1.0,1,1,1,0,financial_services,ChannelId_3,2,8.0,1.0,1.0,2019.0,44,1,10000,3,0
CustomerId_5155,29726020.0,245669.5867768595,121,575981.0892329664,29763180,245976.69421487604,3000000,0.09917355371900827,0.9008264462809917,2,2,5,7,financial_services,ChannelId_3,2,15.380165289256198,11.190082644628099,2.0,2019.0,1,121,29763180,2,1
CustomerId_5156,7250.0,483.3333333333333,15,641.3341748336228,9750,650.0,1000,0.4,0.6,2,2,3,0,financial_services,ChannelId_3,2,10.6,15.133333333333333,1.0,2019.0,20,15,9750,0,1
CustomerId_5157,79500.0,3456.521739130435,23,6833.927799586449,151500,6586.95652173913,11000,0.34782608695652173,0.6521739130434783,2,2,4,0,airtime,ChannelId_3,2,10.26086956521739,13.391304347826088,1.5217391304347827,2019.0,2,23,151500,2,0
CustomerId_5159,326320.0,19195.29411764706,17,32421.650774915648,365560,21503.529411764706,81580,0.29411764705882354,0.7058823529411765,3,2,3,0,financial_services,ChannelId_3,2,8.941176470588236,16.235294117647058,1.411764705882353,2019.0,3,17,365560,2,0
CustomerId_516,-50.0,-16.666666666666668,3,1000.4165798972613,2050,683.3333333333334,1000,0.6666666666666666,0.3333333333333333,2,2,2,0,financial_services,ChannelId_2,2,20.0,7.0,12.0,2018.0,68,3,2050,3,0
CustomerId_5160,8980.0,1122.5,8,1893.21910285856,11180,1397.5,5000,0.5,0.5,2,2,3,0,financial_services,ChannelId_2,2,17.0,18.75,12.0,2018.0,53,8,11180,3,0
CustomerId_5162,9000.0,1800.0,5,2167.94833886788,11000,2200.0,5000,0.2,0.8,2,2,3,0,airtime,ChannelId_3,2,14.6,6.6,1.0,2019.0,36,5,11000,0,1
CustomerId_5163,20000.0,4000.0,5,8215.838362577491,40000,8000.0,10000,0.4,0.6,2,2,3,0,airtime,ChannelId_3,2,12.6,21.0,12.0,2018.0,54,5,40000,3,0
CustomerId_5164,80793.0,1923.642857142857,42,3314.4474565919295,84157,2003.7380952380952,12000,0.30952380952380953,0.6904761904761905,3,2,3,0,airtime,ChannelId_3,2,14.047619047619047,19.523809523809526,7.5476190476190474,2018.404761904762,36,42,84157,2,0
CustomerId_5165,490.0,245.0,2,360.62445840513925,510,255.0,500,0.5,0.5,2,2,2,0,airtime,ChannelId_2,2,17.0,25.0,1.0,2019.0,19,2,510,0,1
CustomerId_5166,192160.0,21351.11111111111,9,31025.94899614049,195840,21760.0,64000,0.2222222222222222,0.7777777777777778,3,2,3,0,financial_services,ChannelId_3,2,15.666666666666666,17.555555555555557,1.0,2019.0,15,9,195840,2,0
CustomerId_5167,10000.0,2500.0,4,6757.711644237764,22000,5500.0,10000,0.5,0.5,2,2,3,0,airtime,ChannelId_2,2,4.0,8.0,2.0,2019.0,6,4,22000,2,0
CustomerId_5168,71200.0,4746.666666666667,15,6172.967180337492,104400,6960.0,11200,0.26666666666666666,0.7333333333333333,3,2,4,0,airtime,ChannelId_3,2,10.066666666666666,11.466666666666667,4.666666666666667,2018.7333333333333,5,15,104400,2,0
CustomerId_5169,1490.0,248.33333333333334,6,689.9396108839285,3510,585.0,1000,0.3333333333333333,0.6666666666666666,2,2,3,0,financial_services,ChannelId_3,2,15.5,6.5,2.0,2019.0,3,6,3510,0,1
CustomerId_517,20000.0,4000.0,5,6745.368781616021,32000,6400.0,10000,0.4,0.6,2,2,3,0,financial_services,ChannelId_3,2,8.8,8.0,2.0,2019.0,6,5,32000,2,0
CustomerId_5170,13700.0,1141.6666666666667,12,1039.4127129676583,14300,1191.6666666666667,3000,0.3333333333333333,0.6666666666666666,2,2,3,0,financial_services,ChannelId_3,2,16.333333333333332,5.833333333333333,12.0,2018.0,66,12,14300,3,0
CustomerId_5171,293496.0,3913.28,75,7099.596095401332,542196,7229.28,15000,0.41333333333333333,0.5866666666666667,3,2,5,0,airtime,ChannelId_3,2,9.053333333333333,17.04,7.72,2018.3733333333332,2,75,542196,2,0
CustomerId_5172,230700.0,4436.538461538462,52,7618.193621674055,414700,7975.0,21700,0.40384615384615385,0.5961538461538461,2,2,5,0,airtime,ChannelId_3,2,10.51923076923077,17.634615384615383,6.4423076923076925,2018.5,10,52,414700,2,0
CustomerId_5173,70000.0,5000.0,14,6275.716324421889,102000,7285.714285714285,10000,0.2857142857142857,0.7142857142857143,2,2,3,0,financial_services,ChannelId_3,2,15.928571428571429,13.142857142857142,1.2857142857142858,2019.0,12,14,102000,2,0
CustomerId_5174,36720.0,426.9767441860465,86,447.06314797390064,39480,459.06976744186045,1000,0.43023255813953487,0.5697674418604651,2,2,3,0,airtime,ChannelId_3,4,12.116279069767442,16.13953488372093,7.267441860465116,2018.4302325581396,1,86,39480,2,0
CustomerId_5175,80000.0,4705.882352941177,17,6302.427170169769,122000,7176.470588235294,10000,0.29411764705882354,0.7058823529411765,2,2,3,0,financial_services,ChannelId_3,2,12.647058823529411,15.588235294117647,7.0588235294117645,2018.4705882352941,12,17,122000,2,0
CustomerId_5176,10000.0,2500.0,4,6508.456038109192,20400,5100.0,10000,0.5,0.5,2,2,3,0,airtime,ChannelId_2,2,1.0,16.0,11.0,2018.0,90,4,20400,3,0
CustomerId_5177,344928.0,57488.0,6,83052.49506185831,351072,58512.0,200000,0.5,0.5,2,2,3,0,financial_services,ChannelId_2,2,19.5,28.333333333333332,1.0,2019.0,15,6,351072,2,0
CustomerId_5178,20000.0,4000.0,5,6745.368781616021,32000,6400.0,10000,0.4,0.6,2,2,3,0,financial_services,ChannelId_3,2,12.0,8.0,2.0,2019.0,5,5,32000,2,0
CustomerId_5179,3000.0,3000.0,1,0.0,3000,3000.0,3000,0.0,1.0,1,1,1,0,airtime,ChannelId_3,4,9.0,7.0,2.0,2019.0,7,1,3000,0,1
CustomerId_518,20000.0,3333.3333333333335,6,5391.351098441528,32000,5333.333333333333,10000,0.3333333333333333,0.6666666666666666,2,2,3,0,financial_services,ChannelId_3,2,17.0,25.0,1.0,2019.0,19,6,32000,2,0
CustomerId_5180,7378.0,3689.0,2,6096.674667390413,9762,4881.0,9140,0.5,0.5,2,2,2,0,financial_services,ChannelId_2,2,16.0,15.0,11.0,2018.0,90,2,9762,3,0
CustomerId_5181,40000.0,4444.444444444444,9,6463.573143221772,62000,6888.888888888889,10000,0.3333333333333333,0.6666666666666666,2,2,3,0,financial_services,ChannelId_3,2,12.88888888888889,17.444444444444443,1.4444444444444444,2019.0,5,9,62000,2,0
CustomerId_5183,2000.0,1000.0,2,0.0,2000,1000.0,1000,0.0,1.0,1,1,1,0,financial_services,ChannelId_3,2,15.0,22.0,12.0,2018.0,53,2,2000,0,1
CustomerId_5184,500.0,500.0,1,0.0,500,500.0,500,0.0,1.0,1,1,1,0,airtime,ChannelId_3,4,17.0,10.0,1.0,2019.0,34,1,500,0,1
CustomerId_5185,80000.0,80000.0,1,0.0,80000,80000.0,80000,0.0,1.0,1,1,1,0,ticket,ChannelId_1,4,13.0,13.0,12.0,2018.0,62,1,80000,3,0
CustomerId_5186,29000.0,4142.857142857143,7,7425.823667638301,51000,7285.714285714285,10000,0.42857142857142855,0.5714285714285714,2,2,3,0,airtime,ChannelId_3,2,17.428571428571427,21.0,12.0,2018.0,54,7,51000,3,0
CustomerId_5189,2000.0,1000.0,2,0.0,2000,1000.0,1000,0.0,1.0,2,1,2,0,airtime,ChannelId_3,2,8.0,17.0,1.0,2019.0,28,2,2000,0,1
CustomerId_5192,-13000.0,-13000.0,1,0.0,14590,14590.0,14590,1.0,0.0,1,1,1,0,utility_bill,ChannelId_5,2,8.0,8.0,2.0,2019.0,6,1,14590,0,1
CustomerId_5194,100094.0,2001.88,50,3790.4442130500875,140176,2803.52,10000,0.24,0.76,2,3,4,0,airtime,ChannelId_3,2,15.62,15.64,11.48,2018.02,42,50,140176,2,0
CustomerId_5196,20000.0,3333.3333333333335,6,6030.478145774734,32000,5333.333333333333,10000,0.3333333333333333,0.6666666666666666,2,2,3,0,airtime,ChannelId_3,2,9.0,8.0,2.0,2019.0,6,6,32000,2,0
CustomerId_5198,75016.0,3948.2105263157896,19,4168.848596421204,79084,4162.315789473684,11200,0.10526315789473684,0.8947368421052632,3,2,4,0,financial_services,ChannelId_3,2,14.157894736842104,16.526315789473685,11.0,2018.0,86,19,79084,3,0
CustomerId_5199,5000.0,5000.0,1,0.0,5000,5000.0,5000,0.0,1.0,1,1,1,0,airtime,ChannelId_3,1,23.0,19.0,12.0,2018.0,56,1,5000,3,0
CustomerId_520,138936.0,5789.0,24,8859.962905997529,150549,6272.875,38565,0.375,0.625,3,2,2,0,airtime,ChannelId_3,2,12.625,18.0,7.666666666666667,2018.3333333333333,27,24,150549,2,0
CustomerId_5200,75600.0,6300.0,12,8081.066536270839,100000,8333.333333333334,21700,0.25,0.75,3,2,5,0,financial_services,ChannelId_3,2,9.833333333333334,5.5,1.9166666666666667,2019.0,5,12,100000,2,0
CustomerId_5201,12340.0,949.2307692307693,13,1487.2651721558238,14660,1127.6923076923076,5000,0.38461538461538464,0.6153846153846154,3,2,3,0,financial_services,ChannelId_3,2,13.307692307692308,23.615384615384617,12.0,2018.0,51,13,14660,3,0
CustomerId_5202,40000.0,5714.285714285715,7,9516.902257112266,62000,8857.142857142857,20000,0.42857142857142855,0.5714285714285714,2,2,3,0,financial_services,ChannelId_3,2,17.0,8.0,2.0,2019.0,5,7,62000,2,0
CustomerId_5203,263000.0,2553.3980582524273,103,5315.917929956728,465800,4522.330097087379,10000,0.22330097087378642,0.7766990291262136,3,2,3,0,airtime,ChannelId_3,2,10.70873786407767,15.533980582524272,4.223300970873787,2018.7184466019417,1,103,465800,2,0
CustomerId_5204,42650.0,3046.4285714285716,14,4338.710561982597,47350,3382.1428571428573,14000,0.42857142857142855,0.5714285714285714,2,2,3,0,financial_services,ChannelId_3,2,15.928571428571429,18.928571428571427,1.2857142857142858,2019.0,7,14,47350,2,0
CustomerId_5206,20000.0,4000.0,5,6558.963332722634,30400,6080.0,10000,0.4,0.6,2,2,3,0,financial_services,ChannelId_3,2,9.0,16.0,11.0,2018.0,90,5,30400,3,0
CustomerId_5207,80000.0,4000.0,20,5936.062845461051,122000,6100.0,10000,0.25,0.75,2,2,3,0,airtime,ChannelId_3,2,15.45,12.65,1.5,2019.0,5,20,122000,2,0
CustomerId_5208,139000.0,6950.0,20,9417.089728114966,201000,10050.0,20000,0.35,0.65,2,2,4,0,financial_services,ChannelId_3,2,10.85,12.2,9.0,2018.3,5,20,201000,2,0
CustomerId_521,1002000.0,501000.0,2,705692.5676241744,1002000,501000.0,1000000,0.0,1.0,2,1,1,0,airtime,ChannelId_3,2,18.0,14.0,1.0,2019.0,30,2,1002000,2,0
CustomerId_5210,5000.0,5000.0,1,0.0,5000,5000.0,5000,0.0,1.0,1,1,1,0,financial_services,ChannelId_3,2,20.0,3.0,12.0,2018.0,72,1,5000,3,0
CustomerId_5211,528501.0,7340.291666666667,72,13758.823060323208,536702,7454.194444444444,50000,0.3194444444444444,0.6805555555555556,3,2,4,0,financial_services,ChannelId_3,2,14.0,19.27777777777778,1.1111111111111112,2019.0,10,72,536702,2,0
CustomerId_5212,20000.0,4000.0,5,6558.963332722634,30400,6080.0,10000,0.4,0.6,2,2,3,0,financial_services,ChannelId_3,2,13.0,16.0,11.0,2018.0,89,5,30400,3,0
CustomerId_5214,2000.0,1000.0,2,0.0,2000,1000.0,1000,0.0,1.0,1,1,1,0,financial_services,ChannelId_3,2,7.5,17.0,11.0,2018.0,89,2,2000,3,0
CustomerId_5216,20000.0,4000.0,5,6745.368781616021,32000,6400.0,10000,0.4,0.6,2,2,3,0,financial_services,ChannelId_3,2,12.0,8.0,2.0,2019.0,5,5,32000,2,0
CustomerId_5218,40467.0,1305.3870967741937,31,3618.967206975119,43333,1397.8387096774193,20000,0.41935483870967744,0.5806451612903226,2,2,3,0,airtime,ChannelId_3,2,14.129032258064516,6.516129032258065,2.0,2019.0,3,31,43333,2,0
CustomerId_522,609000.0,203000.0,3,168008.9283341811,610170,203390.0,300000,0.0,1.0,2,1,1,0,financial_services,ChannelId_1,0,9.0,24.0,11.0,2018.0,82,3,610170,3,0
CustomerId_5221,19000.0,3166.6666666666665,6,7626.707459098367,41000,6833.333333333333,10000,0.5,0.5,2,2,3,0,airtime,ChannelId_2,2,20.0,21.0,12.0,2018.0,54,6,41000,3,0
CustomerId_5223,19000.0,1583.3333333333333,12,3691.718824448563,31000,2583.3333333333335,10000,0.16666666666666666,0.8333333333333334,2,2,3,0,airtime,ChannelId_3,2,16.916666666666668,15.5,11.5,2018.0,74,12,31000,3,0
CustomerId_5225,110000.0,4074.074074074074,27,7210.707454494462,210000,7777.777777777777,10000,0.37037037037037035,0.6296296296296297,2,2,4,0,airtime,ChannelId_3,2,11.0,12.333333333333334,2.925925925925926,2018.851851851852,1,27,210000,2,0
CustomerId_5226,48000.0,3200.0,15,7062.98196838377,100000,6666.666666666667,11000,0.4,0.6,2,2,4,0,airtime,ChannelId_3,2,9.733333333333333,13.0,1.6,2019.0,2,15,100000,2,0
CustomerId_5227,40000.0,4444.444444444444,9,5859.844518225528,52400,5822.222222222223,10000,0.3333333333333333,0.6666666666666666,2,2,3,0,financial_services,ChannelId_3,2,10.11111111111111,14.666666666666666,1.4444444444444444,2019.0,13,9,52400,2,0
CustomerId_5229,162000.0,4500.0,36,5971.360218337431,234000,6500.0,11000,0.2222222222222222,0.7777777777777778,2,2,4,0,airtime,ChannelId_3,2,8.666666666666666,15.5,4.888888888888889,2018.6666666666667,5,36,234000,2,0
CustomerId_523,11800.0,1072.7272727272727,11,1839.9203293028256,14200,1290.909090909091,5000,0.45454545454545453,0.5454545454545454,3,2,3,0,financial_services,ChannelId_3,2,14.090909090909092,20.90909090909091,12.0,2018.0,50,11,14200,3,0
CustomerId_5231,14808.0,779.3684210526316,19,4826.94040672334,65848,3465.684210526316,12000,0.42105263157894735,0.5789473684210527,3,3,3,0,financial_services,ChannelId_3,2,12.368421052631579,16.05263157894737,7.684210526315789,2018.3684210526317,31,19,65848,2,0
CustomerId_5232,203950.0,14567.857142857143,14,32410.495730804298,217650,15546.42857142857,100000,0.42857142857142855,0.5714285714285714,3,2,3,0,financial_services,ChannelId_3,2,8.642857142857142,16.357142857142858,11.285714285714286,2018.0714285714287,12,14,217650,2,0
CustomerId_5233,17000.0,2833.3333333333335,6,3371.4487489307426,31000,5166.666666666667,7000,0.3333333333333333,0.6666666666666666,2,2,3,0,movies,ChannelId_3,1,19.0,4.0,12.0,2018.0,71,6,31000,3,0
CustomerId_5236,124310.0,1726.5277777777778,72,2271.5975390678727,130470,1812.0833333333333,9000,0.3611111111111111,0.6388888888888888,2,2,4,0,airtime,ChannelId_3,4,14.972222222222221,13.972222222222221,5.083333333333333,2018.6527777777778,1,72,130470,2,0
CustomerId_5237,20000.0,4000.0,5,6745.368781616021,32000,6400.0,10000,0.4,0.6,2,2,3,0,financial_services,ChannelId_3,2,20.0,25.0,1.0,2019.0,19,5,32000,2,0
CustomerId_5238,249000.0,7114.285714285715,35,18776.974993751428,329000,9400.0,100000,0.22857142857142856,0.7714285714285715,4,3,4,0,financial_services,ChannelId_3,2,8.714285714285714,20.0,11.571428571428571,2018.0,51,35,329000,2,0
CustomerId_5239,30000.0,5000.0,6,6511.528238439882,42000,7000.0,10000,0.3333333333333333,0.6666666666666666,2,2,3,0,financial_services,ChannelId_3,2,10.333333333333334,25.0,1.0,2019.0,19,6,42000,2,0
CustomerId_524,20960.0,3493.3333333333335,6,8121.336507414691,23040,3840.0,20000,0.5,0.5,2,2,2,0,financial_services,ChannelId_2,2,15.833333333333334,11.333333333333334,2.8333333333333335,2018.8333333333333,25,6,23040,0,1
CustomerId_5240,29000.0,3222.222222222222,9,9404.49065311059,71000,7888.888888888889,20000,0.5555555555555556,0.4444444444444444,2,2,3,0,financial_services,ChannelId_2,2,6.0,7.0,12.0,2018.0,69,9,71000,3,0
CustomerId_5242,20000.0,4000.0,5,6745.368781616021,32000,6400.0,10000,0.4,0.6,2,2,3,0,financial_services,ChannelId_3,2,7.0,25.0,1.0,2019.0,20,5,32000,2,0
CustomerId_5243,5500.0,2750.0,2,3181.9805153394636,5500,2750.0,5000,0.0,1.0,2,1,1,0,airtime,ChannelId_3,2,20.0,5.0,12.0,2018.0,70,2,5500,3,0
CustomerId_5245,101000.0,8416.666666666666,12,22642.069987819872,103000,8583.333333333334,80000,0.08333333333333333,0.9166666666666666,2,2,3,0,airtime,ChannelId_3,2,8.166666666666666,8.166666666666666,1.0,2019.0,33,12,103000,2,0
CustomerId_5246,1000.0,1000.0,1,0.0,1000,1000.0,1000,0.0,1.0,1,1,1,0,financial_services,ChannelId_3,2,5.0,24.0,1.0,2019.0,21,1,1000,0,1
CustomerId_5248,28000.0,2333.3333333333335,12,5175.700801618926,48000,4000.0,10000,0.16666666666666666,0.8333333333333334,2,2,3,0,airtime,ChannelId_3,2,6.083333333333333,9.833333333333334,1.75,2019.0,1,12,48000,2,0
CustomerId_5249,40000.0,4444.444444444444,9,6463.573143221772,62000,6888.888888888889,10000,0.3333333333333333,0.6666666666666666,2,2,3,0,financial_services,ChannelId_3,2,17.22222222222222,14.333333333333334,1.4444444444444444,2019.0,12,9,62000,2,0
CustomerId_525,10000.0,2500.0,4,6757.711644237764,22000,5500.0,10000,0.5,0.5,2,2,3,0,airtime,ChannelId_2,2,14.0,1.0,2.0,2019.0,12,4,22000,2,0
CustomerId_5251,49000.0,4083.3333333333335,12,7391.128998927557,91000,7583.333333333333,10000,0.4166666666666667,0.5833333333333334,2,2,4,0,airtime,ChannelId_3,2,14.583333333333334,12.833333333333334,12.0,2018.0,54,12,91000,3,0
CustomerId_5253,19000.0,3166.6666666666665,6,7626.707459098367,41000,6833.333333333333,10000,0.5,0.5,2,2,3,0,airtime,ChannelId_2,2,17.0,21.0,12.0,2018.0,54,6,41000,3,0
CustomerId_5254,334650.0,9561.42857142857,35,17881.93750899578,415990,11885.42857142857,96000,0.42857142857142855,0.5714285714285714,3,2,3,0,airtime,ChannelId_3,2,13.628571428571428,15.857142857142858,8.542857142857143,2018.3142857142857,29,35,415990,2,0
CustomerId_5255,50000.0,50000.0,1,0.0,50000,50000.0,50000,0.0,1.0,1,1,1,0,financial_services,ChannelId_3,2,16.0,27.0,11.0,2018.0,78,1,50000,3,0
CustomerId_5256,80000.0,4444.444444444444,18,6572.869569608464,122000,6777.777777777777,15000,0.2777777777777778,0.7222222222222222,2,2,3,0,airtime,ChannelId_3,2,16.333333333333332,14.5,1.4444444444444444,2019.0,5,18,122000,2,0
CustomerId_5257,80010.0,6667.5,12,9374.692358588723,120010,10000.833333333334,20000,0.3333333333333333,0.6666666666666666,2,2,3,0,airtime,ChannelId_3,2,10.0,14.0,12.0,2018.0,55,12,120010,3,0
CustomerId_5258,65000.0,5000.0,13,7756.717518813398,107000,8230.76923076923,15000,0.38461538461538464,0.6153846153846154,2,2,4,0,airtime,ChannelId_3,2,12.846153846153847,15.076923076923077,1.5384615384615385,2019.0,1,13,107000,2,0
CustomerId_5259,50000.0,3571.4285714285716,14,7303.4689936125105,102000,7285.714285714285,11000,0.42857142857142855,0.5714285714285714,2,2,4,0,airtime,ChannelId_3,2,8.928571428571429,13.428571428571429,1.5714285714285714,2019.0,1,14,102000,2,0
CustomerId_5260,249000.0,5187.5,48,6531.938717123371,371000,7729.166666666667,10000,0.2708333333333333,0.7291666666666666,2,2,5,0,airtime,ChannelId_3,2,13.166666666666666,11.4375,5.833333333333333,2018.5833333333333,1,48,371000,2,0
CustomerId_5261,159000.0,3697.6744186046512,43,6451.0053986473795,273400,6358.139534883721,10500,0.3488372093023256,0.6511627906976745,2,2,5,0,airtime,ChannelId_3,2,11.813953488372093,11.30232558139535,4.372093023255814,2018.7209302325582,1,43,273400,2,0
CustomerId_5262,120000.0,4285.714285714285,28,7994.8925495160265,222400,7942.857142857143,20200,0.42857142857142855,0.5714285714285714,2,2,4,0,airtime,ChannelId_3,2,13.285714285714286,18.75,10.035714285714286,2018.142857142857,35,28,222400,2,0
CustomerId_5263,55000.0,4230.7692307692305,13,6418.123377772329,87000,6692.307692307692,10000,0.3076923076923077,0.6923076923076923,2,2,3,0,financial_services,ChannelId_3,2,15.692307692307692,9.692307692307692,1.6153846153846154,2019.0,5,13,87000,2,0
CustomerId_5264,10000.0,10000.0,1,0.0,10000,10000.0,10000,0.0,1.0,1,1,1,0,airtime,ChannelId_1,2,10.0,27.0,11.0,2018.0,78,1,10000,3,0
CustomerId_5265,50000.0,2777.777777777778,18,6292.437623197393,102000,5666.666666666667,11000,0.3333333333333333,0.6666666666666666,2,2,4,0,airtime,ChannelId_3,2,14.5,11.88888888888889,1.6666666666666667,2019.0,1,18,102000,2,0
CustomerId_5266,183685.36,3465.761509433962,53,5112.427030201618,278015,5245.566037735849,14999,0.22641509433962265,0.7735849056603774,4,3,5,0,financial_services,ChannelId_3,2,10.622641509433961,15.452830188679245,6.150943396226415,2018.5471698113208,5,53,278015,2,0
CustomerId_5267,74000.0,24666.666666666668,3,47961.7903474561,86000,28666.666666666668,80000,0.6666666666666666,0.3333333333333333,2,2,2,0,financial_services,ChannelId_2,2,13.0,15.0,12.0,2018.0,60,3,86000,3,0
CustomerId_5269,40000.0,2666.6666666666665,15,5174.341457983763,62000,4133.333333333333,10000,0.2,0.8,2,2,3,0,airtime,ChannelId_3,2,9.733333333333333,6.4,1.6,2019.0,8,15,62000,2,0
CustomerId_527,2000.0,2000.0,1,0.0,2000,2000.0,2000,0.0,1.0,1,1,1,0,financial_services,ChannelId_3,2,10.0,3.0,1.0,2019.0,41,1,2000,0,1
CustomerId_5271,120000.0,3428.5714285714284,35,6464.999496318229,222000,6342.857142857143,10000,0.3142857142857143,0.6857142857142857,2,2,5,0,airtime,ChannelId_3,2,12.82857142857143,11.571428571428571,3.2857142857142856,2018.8285714285714,1,35,222000,2,0
CustomerId_5272,110000.0,4074.074074074074,27,7554.549958218892,212000,7851.851851851852,16000,0.4074074074074074,0.5925925925925926,2,2,4,0,airtime,ChannelId_3,2,11.296296296296296,13.407407407407407,3.740740740740741,2018.7777777777778,1,27,212000,2,0
CustomerId_5273,100000.0,11111.111111111111,9,10564.615994493652,104000,11555.555555555555,20000,0.2222222222222222,0.7777777777777778,2,2,4,0,financial_services,ChannelId_3,2,10.11111111111111,12.777777777777779,1.1111111111111112,2019.0,10,9,104000,2,0
CustomerId_5274,27262.5,1514.5833333333333,18,1644.2306107935674,28038,1557.6666666666667,4200,0.3333333333333333,0.6666666666666666,2,2,3,0,financial_services,ChannelId_3,2,16.166666666666668,19.444444444444443,7.777777777777778,2018.3333333333333,20,18,28038,2,0
CustomerId_5276,3750.0,1250.0,3,3269.174207655505,6250,2083.3333333333335,5000,0.6666666666666666,0.3333333333333333,2,2,2,0,financial_services,ChannelId_2,2,14.0,6.0,2.0,2019.0,7,3,6250,0,1
CustomerId_5277,80000.0,4000.0,20,7262.013639842819,152000,7600.0,11000,0.4,0.6,2,2,4,0,airtime,ChannelId_3,2,9.85,14.85,1.4,2019.0,1,20,152000,2,0
CustomerId_5278,20000.0,4000.0,5,6745.368781616021,32000,6400.0,10000,0.4,0.6,2,2,3,0,financial_services,ChannelId_3,2,11.8,8.0,2.0,2019.0,5,5,32000,2,0
CustomerId_528,78620.0,4913.75,16,3843.907517097673,78980,4936.25,10000,0.1875,0.8125,2,2,3,0,financial_services,ChannelId_3,2,9.6875,12.3125,3.6875,2018.8125,4,16,78980,2,0
CustomerId_5280,39000.0,3545.4545454545455,11,7501.514998500454,81000,7363.636363636364,10000,0.45454545454545453,0.5454545454545454,2,2,4,0,airtime,ChannelId_3,2,4.181818181818182,17.181818181818183,12.0,2018.0,55,11,81000,3,0
CustomerId_5281,20000.0,2857.1428571428573,7,5632.600684958102,32000,4571.428571428572,10000,0.2857142857142857,0.7142857142857143,2,2,3,0,airtime,ChannelId_3,2,11.0,8.0,2.0,2019.0,5,7,32000,2,0
CustomerId_5282,69000.0,4928.571428571428,14,7130.263623503646,111000,7928.571428571428,10000,0.35714285714285715,0.6428571428571429,2,2,4,0,airtime,ChannelId_3,2,15.0,14.0,12.0,2018.0,54,14,111000,3,0
CustomerId_5283,2566000.0,88482.75862068965,29,77883.78278364279,2588000,89241.37931034483,160000,0.10344827586206896,0.896551724137931,3,2,4,0,financial_services,ChannelId_3,2,13.344827586206897,12.310344827586206,12.0,2018.0,62,29,2588000,2,0
CustomerId_5284,11270.0,1024.5454545454545,11,1404.475799979221,13730,1248.1818181818182,4000,0.36363636363636365,0.6363636363636364,2,2,4,0,financial_services,ChannelId_3,2,16.636363636363637,25.90909090909091,12.0,2018.0,48,11,13730,3,0
CustomerId_5285,129000.0,3794.1176470588234,34,6479.709176810545,221000,6500.0,10000,0.29411764705882354,0.7058823529411765,2,2,5,0,airtime,ChannelId_3,2,14.735294117647058,10.676470588235293,5.617647058823529,2018.6176470588234,1,34,221000,2,0
CustomerId_5286,159000.0,4297.2972972972975,37,7202.873133783586,291000,7864.864864864865,10000,0.3783783783783784,0.6216216216216216,2,2,5,0,airtime,ChannelId_3,2,11.972972972972974,11.27027027027027,4.837837837837838,2018.6756756756756,1,37,291000,2,0
CustomerId_5287,10000.0,2500.0,4,6757.711644237764,22000,5500.0,10000,0.5,0.5,2,2,3,0,airtime,ChannelId_2,2,17.0,25.0,1.0,2019.0,19,4,22000,2,0
CustomerId_5289,100000.0,6250.0,16,8935.173939735776,132800,8300.0,20000,0.4375,0.5625,2,2,4,0,financial_services,ChannelId_3,2,11.0,19.1875,11.0,2018.0,83,16,132800,3,0
CustomerId_529,18185.0,957.1052631578947,19,1337.67970318163,19815,1042.8947368421052,5000,0.47368421052631576,0.5263157894736842,2,2,3,0,airtime,ChannelId_3,4,9.210526315789474,12.578947368421053,8.421052631578947,2018.3157894736842,19,19,19815,0,1
CustomerId_5290,40000.0,5714.285714285715,7,6369.570517030844,52000,7428.571428571428,11000,0.2857142857142857,0.7142857142857143,2,2,3,0,financial_services,ChannelId_3,2,12.285714285714286,8.0,1.0,2019.0,33,7,52000,2,0
CustomerId_5291,20000.0,3333.3333333333335,6,6088.2400303098,32000,5333.333333333333,10000,0.3333333333333333,0.6666666666666666,2,2,3,0,airtime,ChannelId_3,2,17.0,8.0,2.0,2019.0,5,6,32000,2,0
CustomerId_5292,40000.0,5714.285714285715,7,6237.368187365718,52000,7428.571428571428,10000,0.2857142857142857,0.7142857142857143,2,2,3,0,financial_services,ChannelId_3,2,17.714285714285715,3.0,2.0,2019.0,5,7,52000,2,0
CustomerId_5293,210000.0,6000.0,35,5667.246582206336,262050,7487.142857142857,10025,0.2,0.8,2,2,3,0,financial_services,ChannelId_3,2,15.657142857142857,14.714285714285714,7.857142857142857,2018.3428571428572,12,35,262050,2,0
CustomerId_5294,30000.0,4285.714285714285,7,6102.302453836194,42000,6000.0,10000,0.2857142857142857,0.7142857142857143,2,2,3,0,financial_services,ChannelId_3,2,18.142857142857142,8.0,2.0,2019.0,5,7,42000,2,0
CustomerId_5297,448000.0,448000.0,1,0.0,448000,448000.0,448000,0.0,1.0,1,1,1,0,transport,ChannelId_3,2,14.0,11.0,1.0,2019.0,33,1,448000,2,0
CustomerId_5298,20000.0,3333.3333333333335,6,3265.986323710904,20000,3333.3333333333335,10000,0.0,1.0,2,1,1,0,airtime,ChannelId_3,1,16.666666666666668,25.0,1.0,2019.0,19,6,20000,0,1
CustomerId_530,367275.0,6121.25,60,7904.528075032883,434925,7248.75,20000,0.36666666666666664,0.6333333333333333,2,2,4,0,airtime,ChannelId_3,2,10.816666666666666,15.166666666666666,1.3,2019.0,1,60,434925,2,0
CustomerId_531,7470.0,622.5,12,801.2702982821033,9770,814.1666666666666,2100,0.3333333333333333,0.6666666666666666,2,2,3,0,financial_services,ChannelId_3,2,12.666666666666666,24.083333333333332,9.0,2018.25,20,12,9770,0,1
CustomerId_532,3000.0,3000.0,1,0.0,3000,3000.0,3000,0.0,1.0,1,1,1,0,airtime,ChannelId_3,4,18.0,6.0,2.0,2019.0,7,1,3000,0,1
CustomerId_533,26000.0,5200.0,5,4751.31560728184,26200,5240.0,10000,0.0,1.0,3,1,2,0,financial_services,ChannelId_3,2,10.8,12.0,2.0,2019.0,1,5,26200,2,0
CustomerId_5338,1000.0,1000.0,1,0.0,1000,1000.0,1000,0.0,1.0,1,1,1,0,airtime,ChannelId_3,1,13.0,19.0,12.0,2018.0,56,1,1000,0,1
CustomerId_5339,3000.0,1000.0,3,0.0,3000,1000.0,1000,0.0,1.0,1,1,1,0,airtime,ChannelId_3,1,14.333333333333334,23.0,1.0,2019.0,21,3,3000,0,1
CustomerId_534,5730.0,1432.5,4,2439.5815898086566,6270,1567.5,5000,0.5,0.5,2,2,3,0,airtime,ChannelId_2,2,14.25,21.0,11.0,2018.0,81,4,6270,3,0
CustomerId_535,1000.0,1000.0,1,0.0,1630,1630.0,1630,0.0,1.0,1,1,1,0,utility_bill,ChannelId_3,2,15.0,29.0,1.0,2019.0,15,1,1630,0,1
CustomerId_539,22610.0,1413.125,16,1668.5591339036603,25990,1624.375,4000,0.3125,0.6875,2,2,3,0,financial_services,ChannelId_3,2,11.5625,17.25,1.25,2019.0,1,16,25990,2,0
CustomerId_540,10000.0,10000.0,1,0.0,10000,10000.0,10000,0.0,1.0,1,1,1,0,financial_services,ChannelId_3,2,20.0,13.0,12.0,2018.0,62,1,10000,3,0
CustomerId_541,46771.5,1670.4107142857142,28,3366.1027059372364,50529,1804.607142857143,15000,0.42857142857142855,0.5714285714285714,2,2,4,0,airtime,ChannelId_3,2,14.142857142857142,9.928571428571429,5.571428571428571,2018.642857142857,1,28,50529,2,0
CustomerId_542,10140.0,2535.0,4,5057.624607131956,12260,3065.0,10000,0.5,0.5,2,2,3,0,financial_services,ChannelId_2,2,17.5,11.5,2.0,2019.0,1,4,12260,0,1
CustomerId_543,44300.0,1582.142857142857,28,2864.3497447618824,57892,2067.5714285714284,11200,0.32142857142857145,0.6785714285714286,5,2,3,0,financial_services,ChannelId_3,2,13.321428571428571,18.5,11.678571428571429,2018.0,57,28,57892,3,0
CustomerId_544,2500.0,500.0,5,0.0,2500,500.0,500,0.0,1.0,1,1,2,0,financial_services,ChannelId_3,2,21.8,5.0,1.0,2019.0,39,5,2500,0,1
CustomerId_545,500.0,500.0,1,0.0,500,500.0,500,0.0,1.0,1,1,1,0,airtime,ChannelId_3,1,5.0,23.0,12.0,2018.0,53,1,500,0,1
CustomerId_546,19000.0,3166.6666666666665,6,7626.707459098367,41000,6833.333333333333,10000,0.5,0.5,2,2,3,0,airtime,ChannelId_2,2,20.0,21.0,12.0,2018.0,54,6,41000,3,0
CustomerId_547,19000.0,3166.6666666666665,6,7626.707459098367,41000,6833.333333333333,10000,0.5,0.5,2,2,3,0,airtime,ChannelId_2,2,15.0,21.0,12.0,2018.0,54,6,41000,3,0
CustomerId_549,160990.0,4878.484848484848,33,5935.572908959653,223410,6770.0,10000,0.2727272727272727,0.7272727272727273,2,2,3,0,financial_services,ChannelId_3,2,10.787878787878787,19.727272727272727,4.121212121212121,2018.7272727272727,13,33,223410,2,0
CustomerId_550,100000.0,4545.454545454545,22,6162.306871134055,152000,6909.090909090909,10000,0.2727272727272727,0.7272727272727273,2,2,3,0,airtime,ChannelId_3,2,9.0,18.636363636363637,5.681818181818182,2018.590909090909,13,22,152000,2,0
CustomerId_551,39178.0,5596.857142857143,7,5500.806226623253,43586,6226.571428571428,11000,0.2857142857142857,0.7142857142857143,3,2,4,0,financial_services,ChannelId_3,2,15.142857142857142,18.857142857142858,11.285714285714286,2018.0,71,7,43586,3,0
CustomerId_556,258609.0,1420.9285714285713,182,2764.100788984611,333086,1830.142857142857,10000,0.3791208791208791,0.6208791208791209,4,2,4,0,airtime,ChannelId_3,2,13.252747252747254,17.03846153846154,8.532967032967033,2018.3021978021977,2,182,333086,2,0
CustomerId_557,-525.0,-175.0,3,761.1668673819164,1525,508.3333333333333,1000,0.6666666666666666,0.3333333333333333,2,2,2,0,financial_services,ChannelId_2,2,21.0,20.0,1.0,2019.0,24,3,1525,0,1
CustomerId_558,17915.0,1378.076923076923,13,2385.9829721919104,20085,1545.0,7000,0.3076923076923077,0.6923076923076923,2,2,3,0,financial_services,ChannelId_3,2,13.846153846153847,11.615384615384615,1.0,2019.0,32,13,20085,0,1
CustomerId_559,60000.0,4000.0,15,7230.886134196436,112000,7466.666666666667,11000,0.4,0.6,2,2,4,0,airtime,ChannelId_3,2,11.666666666666666,10.933333333333334,1.5333333333333334,2019.0,1,15,112000,2,0
CustomerId_560,100000.0,4000.0,25,6850.425777521667,173400,6936.0,10700,0.44,0.56,2,2,4,0,airtime,ChannelId_3,2,14.8,24.0,11.2,2018.0,54,25,173400,3,0
CustomerId_561,50000.0,3846.153846153846,13,6488.401881384889,82000,6307.692307692308,10000,0.3076923076923077,0.6923076923076923,2,2,4,0,airtime,ChannelId_3,2,6.3076923076923075,8.384615384615385,1.0,2019.0,34,13,82000,2,0
CustomerId_563,131244.0,2151.5409836065573,61,11556.259881659766,159456,2614.032786885246,96000,0.26229508196721313,0.7377049180327869,3,2,4,0,airtime,ChannelId_3,2,11.852459016393443,17.704918032786885,6.704918032786885,2018.4590163934427,12,61,159456,2,0
CustomerId_565,10000.0,2500.0,4,6757.711644237764,22000,5500.0,10000,0.5,0.5,2,2,3,0,airtime,ChannelId_2,2,4.0,8.0,2.0,2019.0,6,4,22000,2,0
CustomerId_566,50000.0,50000.0,1,0.0,50000,50000.0,50000,0.0,1.0,1,1,1,0,financial_services,ChannelId_3,2,18.0,26.0,12.0,2018.0,49,1,50000,3,0
CustomerId_567,60865.0,2766.590909090909,22,3338.2107362947327,62135,2824.318181818182,10000,0.3181818181818182,0.6818181818181818,2,2,3,0,airtime,ChannelId_3,2,13.272727272727273,18.272727272727273,1.0909090909090908,2019.0,9,22,62135,2,0
CustomerId_568,1000.0,1000.0,1,0.0,1000,1000.0,1000,0.0,1.0,1,1,1,0,airtime,ChannelId_3,4,11.0,4.0,1.0,2019.0,40,1,1000,0,1
CustomerId_571,2850.0,475.0,6,1063.8373935898287,5150,858.3333333333334,2000,0.5,0.5,2,2,3,0,airtime,ChannelId_2,2,8.0,7.0,2.0,2019.0,7,6,5150,0,1
CustomerId_572,123150.0,3731.818181818182,33,6613.665164143789,128450,3892.4242424242425,33000,0.24242424242424243,0.7575757575757576,3,2,5,0,financial_services,ChannelId_3,2,10.424242424242424,11.242424242424242,1.303030303030303,2019.0,4,33,128450,2,0
CustomerId_573,10000.0,10000.0,1,0.0,10000,10000.0,10000,0.0,1.0,1,1,1,0,financial_services,ChannelId_1,2,12.0,24.0,12.0,2018.0,51,1,10000,3,0
CustomerId_574,980.0,245.0,4,959.218431849597,3020,755.0,1000,0.5,0.5,2,2,3,0,financial_services,ChannelId_2,2,19.5,28.75,1.0,2019.0,15,4,3020,0,1
CustomerId_575,12650.0,1405.5555555555557,9,1777.0137247015787,15350,1705.5555555555557,4000,0.4444444444444444,0.5555555555555556,2,2,3,0,financial_services,ChannelId_3,2,14.88888888888889,10.88888888888889,2.0,2019.0,1,9,15350,2,0
CustomerId_576,500.0,500.0,1,0.0,500,500.0,500,0.0,1.0,1,1,1,0,airtime,ChannelId_3,4,22.0,17.0,1.0,2019.0,27,1,500,0,1
CustomerId_577,500.0,500.0,1,0.0,500,500.0,500,0.0,1.0,1,1,1,0,financial_services,ChannelId_3,2,12.0,19.0,1.0,2019.0,25,1,500,0,1
CustomerId_578,58200.0,3063.157894736842,19,4941.205490151815,70800,3726.315789473684,17000,0.2631578947368421,0.7368421052631579,3,2,3,0,airtime,ChannelId_1,2,10.368421052631579,21.210526315789473,11.210526315789474,2018.0,70,19,70800,3,0
CustomerId_581,1000.0,500.0,2,0.0,1000,500.0,500,0.0,1.0,1,1,2,0,airtime,ChannelId_3,4,11.0,27.0,11.0,2018.0,78,2,1000,3,0
CustomerId_582,5475.0,1095.0,5,2305.184374404789,7525,1505.0,5000,0.4,0.6,2,2,3,0,financial_services,ChannelId_3,2,15.0,12.0,1.0,2019.0,32,5,7525,0,1
CustomerId_583,7000.0,1750.0,4,866.0254037844386,7000,1750.0,2500,0.0,1.0,2,1,1,0,financial_services,ChannelId_3,2,18.5,24.0,1.25,2019.0,10,4,7000,0,1
CustomerId_584,20000.0,4000.0,5,6745.368781616021,32000,6400.0,10000,0.4,0.6,2,2,3,0,financial_services,ChannelId_3,2,18.8,1.0,2.0,2019.0,12,5,32000,2,0
CustomerId_585,4950.0,618.75,8,750.208304406183,7050,881.25,1000,0.25,0.75,2,2,4,0,financial_services,ChannelId_3,2,12.25,20.75,11.0,2018.0,80,8,7050,3,0
CustomerId_586,19000.0,3166.6666666666665,6,7626.707459098367,41000,6833.333333333333,10000,0.5,0.5,2,2,3,0,airtime,ChannelId_2,2,20.0,28.0,12.0,2018.0,47,6,41000,3,0
CustomerId_587,1000.0,1000.0,1,0.0,1000,1000.0,1000,0.0,1.0,1,1,1,0,financial_services,ChannelId_3,2,16.0,8.0,2.0,2019.0,5,1,1000,0,1
CustomerId_588,27950.0,1035.1851851851852,27,1954.7464332321003,29050,1075.9259259259259,10000,0.4444444444444444,0.5555555555555556,2,2,4,0,financial_services,ChannelId_3,2,13.148148148148149,9.481481481481481,11.703703703703704,2018.0,68,27,29050,3,0
CustomerId_590,1000.0,1000.0,1,0.0,1000,1000.0,1000,0.0,1.0,1,1,1,0,financial_services,ChannelId_3,2,16.0,10.0,1.0,2019.0,34,1,1000,0,1
CustomerId_592,106635.0,1025.3365384615386,104,1891.6921413081282,113165,1088.125,10000,0.4230769230769231,0.5769230769230769,2,2,3,0,financial_services,ChannelId_3,2,12.432692307692308,17.48076923076923,10.836538461538462,2018.1057692307693,17,104,113165,2,0
CustomerId_593,2155.0,359.1666666666667,6,765.2477812229623,4245,707.5,1000,0.3333333333333333,0.6666666666666666,2,2,3,0,airtime,ChannelId_3,2,15.833333333333334,21.5,10.333333333333334,2018.1666666666667,11,6,4245,0,1
CustomerId_594,5157.0,396.6923076923077,13,5972.953392650008,68567,5274.384615384615,10000,0.6153846153846154,0.38461538461538464,3,2,3,0,airtime,ChannelId_5,2,12.0,21.307692307692307,6.923076923076923,2018.4615384615386,17,13,68567,2,0
CustomerId_595,2000.0,2000.0,1,0.0,2000,2000.0,2000,0.0,1.0,1,1,1,0,airtime,ChannelId_3,2,15.0,24.0,12.0,2018.0,51,1,2000,0,1
CustomerId_596,5000.0,5000.0,1,0.0,5000,5000.0,5000,0.0,1.0,1,1,1,0,financial_services,ChannelId_3,2,12.0,17.0,11.0,2018.0,88,1,5000,3,0
CustomerId_598,8060.0,2015.0,4,3342.588817069787,8340,2085.0,7000,0.25,0.75,2,2,3,0,airtime,ChannelId_3,2,12.75,15.5,11.0,2018.0,89,4,8340,3,0
CustomerId_599,1286500.0,42883.333333333336,30,102304.2860980076,1348500,44950.0,400000,0.23333333333333334,0.7666666666666667,4,2,3,0,airtime,ChannelId_3,2,10.233333333333333,14.866666666666667,12.0,2018.0,58,30,1348500,2,0
CustomerId_6,-10000.0,-10000.0,1,0.0,10000,10000.0,10000,1.0,0.0,1,1,1,0,airtime,ChannelId_2,4,16.0,21.0,11.0,2018.0,84,1,10000,3,0
CustomerId_600,52005.0,1926.111111111111,27,2217.27150992339,55245,2046.111111111111,6000,0.2962962962962963,0.7037037037037037,2,2,4,0,airtime,ChannelId_3,2,10.88888888888889,20.037037037037038,11.333333333333334,2018.0,55,27,55245,3,0
CustomerId_601,79000.0,6076.923076923077,13,5563.445252442328,92000,7076.923076923077,10000,0.23076923076923078,0.7692307692307693,2,2,3,0,airtime,ChannelId_3,4,12.307692307692308,28.0,12.0,2018.0,47,13,92000,3,0
CustomerId_602,100000.0,100000.0,1,0.0,100000,100000.0,100000,0.0,1.0,1,1,1,0,financial_services,ChannelId_3,2,10.0,17.0,12.0,2018.0,58,1,100000,3,0
CustomerId_603,120000.0,40000.0,3,51961.52422706632,120000,40000.0,100000,0.0,1.0,1,1,1,0,financial_services,ChannelId_3,2,7.0,14.0,12.0,2018.0,62,3,120000,3,0
CustomerId_604,3000.0,1000.0,3,0.0,3000,1000.0,1000,0.0,1.0,2,1,2,0,airtime,ChannelId_3,2,14.333333333333334,3.0,1.0,2019.0,41,3,3000,0,1
CustomerId_605,14232.0,569.28,25,1120.874938013455,21658,866.32,5000,0.44,0.56,3,2,4,0,airtime,ChannelId_3,2,9.64,17.96,5.48,2018.6,9,25,21658,2,0
CustomerId_606,922360.0,4434.423076923077,208,15378.791975696126,1132400,5444.2307692307695,100000,0.19230769230769232,0.8076923076923077,8,4,5,0,airtime,ChannelId_3,2,11.245192307692308,18.85576923076923,5.336538461538462,2018.6009615384614,1,208,1132400,2,0
CustomerId_607,20000.0,4000.0,5,6745.368781616021,32000,6400.0,10000,0.4,0.6,2,2,3,0,financial_services,ChannelId_3,2,13.0,11.0,1.0,2019.0,33,5,32000,2,0
CustomerId_609,29135.0,1713.8235294117646,17,2141.042042887473,31465,1850.8823529411766,5500,0.29411764705882354,0.7058823529411765,3,2,4,0,financial_services,ChannelId_3,2,10.588235294117647,17.11764705882353,8.764705882352942,2018.2941176470588,35,17,31465,2,0
CustomerId_610,392880.39,4791.2242682926835,82,9388.536719396392,506931,6182.085365853659,42000,0.36585365853658536,0.6341463414634146,5,3,4,0,financial_services,ChannelId_3,2,15.097560975609756,16.21951219512195,5.378048780487805,2018.621951219512,2,82,506931,2,0
CustomerId_611,6000.0,3000.0,2,2828.42712474619,6000,3000.0,5000,0.0,1.0,1,1,2,0,financial_services,ChannelId_3,2,3.5,21.0,12.0,2018.0,55,2,6000,3,0
CustomerId_612,47995.0,1263.0263157894738,38,1674.3136469843253,51525,1355.921052631579,6500,0.3157894736842105,0.6842105263157895,4,2,3,0,airtime,ChannelId_3,2,11.421052631578947,16.81578947368421,9.18421052631579,2018.2631578947369,10,38,51525,2,0
CustomerId_613,8850.0,1106.25,8,1821.3883048770401,11150,1393.75,5000,0.375,0.625,2,2,3,0,airtime,ChannelId_3,2,13.75,16.625,6.5,2018.5,38,8,11150,0,1
CustomerId_614,3165.0,633.0,5,429.4706043491219,3235,647.0,1000,0.2,0.8,2,2,4,0,airtime,ChannelId_3,1,6.2,15.6,11.8,2018.0,51,5,3235,3,0
CustomerId_619,88945.0,5232.058823529412,17,6630.92684387511,93855,5520.882352941177,21800,0.23529411764705882,0.7647058823529411,3,2,3,0,financial_services,ChannelId_3,2,15.0,19.941176470588236,9.588235294117647,2018.235294117647,5,17,93855,2,0
CustomerId_620,144000.0,24000.0,6,43405.06882842141,176000,29333.333333333332,80000,0.6666666666666666,0.3333333333333333,2,2,2,0,financial_services,ChannelId_2,2,12.833333333333334,12.833333333333334,12.0,2018.0,61,6,176000,3,0
CustomerId_621,40000.0,4444.444444444444,9,6463.573143221772,62000,6888.888888888889,10000,0.3333333333333333,0.6666666666666666,2,2,3,0,financial_services,ChannelId_3,2,8.0,14.333333333333334,1.4444444444444444,2019.0,13,9,62000,2,0
CustomerId_622,19000.0,3800.0,5,6685.805860178712,31000,6200.0,10000,0.4,0.6,2,2,3,0,financial_services,ChannelId_3,2,15.0,21.0,12.0,2018.0,54,5,31000,3,0
CustomerId_624,500.0,500.0,1,0.0,500,500.0,500,0.0,1.0,1,1,1,0,airtime,ChannelId_3,4,14.0,17.0,1.0,2019.0,27,1,500,0,1
CustomerId_625,950249.0,4635.360975609756,205,22769.799900875725,1057421,5158.151219512195,200000,0.43414634146341463,0.5658536585365853,5,3,3,0,financial_services,ChannelId_3,2,11.317073170731707,10.717073170731707,11.575609756097561,2018.0,65,205,1057421,2,0
CustomerId_627,165400.0,1243.609022556391,133,2752.6052338196464,211026,1586.6616541353383,10573,0.3458646616541353,0.6541353383458647,3,2,4,0,airtime,ChannelId_3,2,12.451127819548873,22.082706766917294,11.285714285714286,2018.0,46,133,211026,2,0
CustomerId_629,20000.0,4000.0,5,6745.368781616021,32000,6400.0,10000,0.4,0.6,2,2,3,0,financial_services,ChannelId_3,2,13.0,25.0,1.0,2019.0,19,5,32000,2,0
CustomerId_630,500.0,500.0,1,0.0,500,500.0,500,0.0,1.0,1,1,1,0,airtime,ChannelId_3,4,3.0,30.0,12.0,2018.0,46,1,500,0,1
CustomerId_633,12980.0,2163.3333333333335,6,1945.2677622031026,13020,2170.0,5000,0.16666666666666666,0.8333333333333334,2,2,3,0,airtime,ChannelId_3,2,11.0,17.333333333333332,1.0,2019.0,26,6,13020,0,1
CustomerId_636,24640.0,547.5555555555555,45,920.3276480677845,27760,616.8888888888889,4000,0.4444444444444444,0.5555555555555556,2,2,3,0,financial_services,ChannelId_3,2,12.311111111111112,16.711111111111112,9.8,2018.2,24,45,27760,2,0
CustomerId_638,19000.0,3166.6666666666665,6,7626.707459098367,41000,6833.333333333333,10000,0.5,0.5,2,2,3,0,airtime,ChannelId_2,2,20.0,28.0,12.0,2018.0,47,6,41000,3,0
CustomerId_639,19000.0,3800.0,5,6685.805860178712,31000,6200.0,10000,0.4,0.6,2,2,3,0,financial_services,ChannelId_3,2,16.0,21.0,12.0,2018.0,54,5,31000,3,0
CustomerId_640,61190.0,3220.5263157894738,19,5278.2367359692835,93210,4905.789473684211,10000,0.2631578947368421,0.7368421052631579,3,2,5,0,financial_services,ChannelId_3,2,12.157894736842104,14.473684210526315,1.5789473684210527,2019.0,1,19,93210,2,0
CustomerId_642,5000.0,714.2857142857143,7,1253.5663410560176,9000,1285.7142857142858,2000,0.14285714285714285,0.8571428571428571,1,2,3,0,airtime,ChannelId_3,1,9.857142857142858,11.285714285714286,1.0,2019.0,32,7,9000,0,1
CustomerId_643,10000.0,10000.0,1,0.0,10000,10000.0,10000,0.0,1.0,1,1,1,0,financial_services,ChannelId_3,2,7.0,30.0,1.0,2019.0,15,1,10000,0,1
CustomerId_644,500.0,500.0,1,0.0,500,500.0,500,0.0,1.0,1,1,1,0,data_bundles,ChannelId_3,4,20.0,12.0,12.0,2018.0,63,1,500,3,0
CustomerId_645,50000.0,3571.4285714285716,14,6595.0364285957885,92000,6571.428571428572,10000,0.35714285714285715,0.6428571428571429,2,2,4,0,airtime,ChannelId_3,2,10.571428571428571,12.571428571428571,1.6428571428571428,2019.0,1,14,92000,2,0
CustomerId_646,-50.0,-16.666666666666668,3,1000.4165798972613,2050,683.3333333333334,1000,0.6666666666666666,0.3333333333333333,2,2,2,0,financial_services,ChannelId_2,2,14.0,23.0,1.0,2019.0,21,3,2050,0,1
CustomerId_647,3633564.0,1944.1219903691813,1869,7715.389536615688,3905264,2089.493846976993,101300,0.4275013376136972,0.5724986623863029,5,2,5,0,airtime,ChannelId_3,2,13.02621722846442,17.54895666131621,8.565008025682182,2018.3167469234886,1,1869,3905264,1,0
CustomerId_648,39100.0,1861.904761904762,21,2197.720680722687,42900,2042.857142857143,5000,0.47619047619047616,0.5238095238095238,2,2,2,0,airtime,ChannelId_3,4,17.285714285714285,15.095238095238095,2.3333333333333335,2018.904761904762,5,21,42900,2,0
CustomerId_650,100000.0,100000.0,1,0.0,100000,100000.0,100000,0.0,1.0,1,1,1,0,financial_services,ChannelId_3,2,8.0,12.0,2.0,2019.0,2,1,100000,2,0
CustomerId_651,14500.0,3625.0,4,7586.995452746759,26700,6675.0,11200,0.5,0.5,3,2,2,0,financial_services,ChannelId_2,2,11.0,30.0,11.0,2018.0,75,4,26700,3,0
CustomerId_652,899719.5,4367.570388349514,206,14685.678261362014,996141,4835.635922330097,80000,0.3592233009708738,0.6407766990291263,7,3,5,0,financial_services,ChannelId_3,2,13.820388349514563,17.92718446601942,7.548543689320389,2018.3980582524273,1,206,996141,2,0
CustomerId_653,12965.0,720.2777777777778,18,972.24795950994,14035,779.7222222222222,3500,0.3888888888888889,0.6111111111111112,2,2,3,0,airtime,ChannelId_3,2,14.944444444444445,17.11111111111111,9.11111111111111,2018.2777777777778,11,18,14035,0,1
CustomerId_654,15000.0,15000.0,1,0.0,15000,15000.0,15000,0.0,1.0,1,1,1,0,financial_services,ChannelId_3,2,10.0,16.0,11.0,2018.0,89,1,15000,3,0
CustomerId_655,220000.0,4150.943396226415,53,6082.671561382997,323920,6111.698113207547,15620,0.2641509433962264,0.7358490566037735,3,2,3,0,airtime,ChannelId_3,2,9.339622641509434,15.30188679245283,3.30188679245283,2018.8301886792453,5,53,323920,2,0
CustomerId_656,10840.0,833.8461538461538,13,998.6702697548916,13160,1012.3076923076923,2000,0.38461538461538464,0.6153846153846154,3,2,3,0,financial_services,ChannelId_3,2,13.76923076923077,19.76923076923077,4.384615384615385,2018.6923076923076,16,13,13160,0,1
CustomerId_658,4980.0,1245.0,4,2633.141343212197,7770,1942.5,5750,0.5,0.5,3,2,3,0,financial_services,ChannelId_2,2,7.75,7.75,2.0,2019.0,6,4,7770,0,1
CustomerId_660,143450.0,5977.083333333333,24,6073.030351062601,174150,7256.25,15000,0.25,0.75,2,2,3,0,financial_services,ChannelId_3,2,13.0,11.291666666666666,8.5,2018.3333333333333,5,24,174150,2,0
CustomerId_661,233987.0,1886.991935483871,124,3588.5170646816873,300909,2426.685483870968,20000,0.2903225806451613,0.7096774193548387,2,3,4,0,airtime,ChannelId_3,2,13.346774193548388,14.491935483870968,3.7983870967741935,2018.774193548387,2,124,300909,2,0
CustomerId_662,4000.0,2000.0,2,0.0,4000,2000.0,2000,0.0,1.0,1,1,1,0,financial_services,ChannelId_3,2,16.0,15.0,11.0,2018.0,90,2,4000,3,0
CustomerId_664,120000.0,60000.0,2,0.0,120000,60000.0,60000,0.0,1.0,1,1,1,0,financial_services,ChannelId_3,2,13.0,7.5,2.0,2019.0,6,2,120000,2,0
CustomerId_665,590782.16,2272.239076923077,260,5149.137605388891,652464,2509.476923076923,30000,0.4230769230769231,0.5769230769230769,5,3,4,0,financial_services,ChannelId_3,2,10.73076923076923,18.28076923076923,8.892307692307693,2018.246153846154,2,260,652464,2,0
CustomerId_666,19000.0,3166.6666666666665,6,7626.707459098367,41000,6833.333333333333,10000,0.5,0.5,2,2,3,0,airtime,ChannelId_2,2,16.166666666666668,28.0,12.0,2018.0,47,6,41000,3,0
CustomerId_667,40000.0,5714.285714285715,7,9516.902257112266,62000,8857.142857142857,20000,0.42857142857142855,0.5714285714285714,2,2,3,0,financial_services,ChannelId_3,2,18.857142857142858,11.0,1.0,2019.0,33,7,62000,2,0
CustomerId_668,2000.0,2000.0,1,0.0,2000,2000.0,2000,0.0,1.0,1,1,1,0,financial_services,ChannelId_3,2,4.0,18.0,12.0,2018.0,58,1,2000,3,0
CustomerId_670,-525.0,-175.0,3,761.1668673819164,1525,508.3333333333333,1000,0.6666666666666666,0.3333333333333333,2,2,2,0,financial_services,ChannelId_2,2,15.0,28.0,1.0,2019.0,16,3,1525,0,1
CustomerId_672,1500.0,50.0,30,2826.445312304534,38500,1283.3333333333333,10000,0.9333333333333333,0.06666666666666667,2,2,2,0,financial_services,ChannelId_2,2,13.033333333333333,4.166666666666667,11.9,2018.0,71,30,38500,3,0
CustomerId_673,675.0,135.0,5,689.1117471063747,2725,545.0,1000,0.4,0.6,2,2,3,0,financial_services,ChannelId_3,2,13.0,27.0,12.0,2018.0,48,5,2725,0,1
CustomerId_677,20000.0,4000.0,5,6745.368781616021,32000,6400.0,10000,0.4,0.6,2,2,3,0,financial_services,ChannelId_3,2,10.2,8.0,2.0,2019.0,5,5,32000,2,0
CustomerId_679,-20.0,-6.666666666666667,3,1000.0666644445926,2020,673.3333333333334,1000,0.6666666666666666,0.3333333333333333,2,2,2,0,financial_services,ChannelId_2,2,15.0,27.0,12.0,2018.0,48,3,2020,0,1
CustomerId_680,20970.0,1613.076923076923,13,3053.0514369926814,27350,2103.846153846154,10000,0.38461538461538464,0.6153846153846154,2,3,3,0,airtime,ChannelId_3,2,10.384615384615385,12.0,4.538461538461538,2018.6923076923076,2,13,27350,2,0
CustomerId_681,1984.0,992.0,2,15545.03547760506,23184,11592.0,11984,0.5,0.5,2,2,2,0,financial_services,ChannelId_3,2,15.0,4.0,2.0,2019.0,6,2,23184,2,0
CustomerId_682,3209388.0,7498.570093457944,428,73230.69667621359,3267007,7633.193925233645,1115000,0.42289719626168226,0.5771028037383178,5,3,4,1,airtime,ChannelId_3,2,10.75233644859813,6.446261682242991,1.9976635514018692,2019.0,1,428,3267007,2,1
CustomerId_683,89000.0,3869.5652173913045,23,1604.095548788871,100250,4358.695652173913,5750,0.0,1.0,2,1,1,0,utility_bill,ChannelId_3,1,10.782608695652174,29.391304347826086,11.043478260869565,2018.0869565217392,21,23,100250,2,0
CustomerId_684,80000.0,3076.923076923077,26,8179.501583461314,182800,7030.7692307692305,20000,0.5384615384615384,0.46153846153846156,2,2,4,0,financial_services,ChannelId_2,2,11.846153846153847,22.884615384615383,11.192307692307692,2018.0,54,26,182800,3,0
CustomerId_687,51000.0,25500.0,2,34648.23227814083,51000,25500.0,50000,0.0,1.0,2,1,1,0,airtime,ChannelId_3,2,11.0,19.0,1.0,2019.0,25,2,51000,2,0
CustomerId_689,16210.0,2701.6666666666665,6,4135.700263155765,17790,2965.0,10000,0.5,0.5,2,2,3,0,airtime,ChannelId_2,2,11.666666666666666,19.666666666666668,8.666666666666666,2018.3333333333333,9,6,17790,2,0
CustomerId_690,38181.0,2386.3125,16,5998.950260601155,56019,3501.1875,21800,0.4375,0.5625,3,2,3,0,financial_services,ChannelId_3,2,14.0625,18.4375,8.75,2018.25,26,16,56019,2,0
CustomerId_691,120000.0,7058.823529411765,17,24283.251914218818,149500,8794.117647058823,106300,0.17647058823529413,0.8235294117647058,4,2,3,0,airtime,ChannelId_3,2,13.705882352941176,13.117647058823529,1.0,2019.0,26,17,149500,2,0
CustomerId_692,20000.0,4000.0,5,6745.368781616021,32000,6400.0,10000,0.4,0.6,2,2,3,0,financial_services,ChannelId_3,2,18.0,25.0,1.0,2019.0,19,5,32000,2,0
CustomerId_693,200000.0,200000.0,1,0.0,200000,200000.0,200000,0.0,1.0,1,1,1,0,financial_services,ChannelId_3,0,9.0,17.0,11.0,2018.0,89,1,200000,3,0
CustomerId_694,1925.0,275.0,7,704.0063920164362,4075,582.1428571428571,1000,0.42857142857142855,0.5714285714285714,2,2,2,0,airtime,ChannelId_3,4,8.428571428571429,15.0,12.0,2018.0,59,7,4075,3,0
CustomerId_695,1000.0,1000.0,1,0.0,1000,1000.0,1000,0.0,1.0,1,1,1,0,airtime,ChannelId_3,4,17.0,20.0,12.0,2018.0,55,1,1000,0,1
CustomerId_696,19000.0,3166.6666666666665,6,7626.707459098367,41000,6833.333333333333,10000,0.5,0.5,2,2,3,0,airtime,ChannelId_2,2,20.0,7.0,12.0,2018.0,68,6,41000,3,0
CustomerId_697,1000.0,500.0,2,0.0,1000,500.0,500,0.0,1.0,1,1,1,0,airtime,ChannelId_3,4,10.0,20.0,12.0,2018.0,55,2,1000,0,1
CustomerId_698,659000.0,15325.581395348838,43,76003.7940563723,812400,18893.023255813954,500000,0.4186046511627907,0.5813953488372093,2,2,4,1,airtime,ChannelId_3,2,12.069767441860465,15.372093023255815,6.813953488372093,2018.4883720930231,1,43,812400,2,1
CustomerId_699,42975.0,3906.818181818182,11,7528.612844584078,74625,6784.090909090909,17000,0.45454545454545453,0.5454545454545454,2,2,3,0,airtime,ChannelId_3,2,13.272727272727273,21.545454545454547,8.818181818181818,2018.2727272727273,1,11,74625,2,0
CustomerId_7,-10000.0,-10000.0,1,0.0,10000,10000.0,10000,1.0,0.0,1,1,1,0,airtime,ChannelId_2,4,16.0,21.0,11.0,2018.0,84,1,10000,3,0
CustomerId_700,14145.0,392.9166666666667,36,505.50028260554484,15255,423.75,2000,0.4166666666666667,0.5833333333333334,3,2,4,0,financial_services,ChannelId_3,4,11.277777777777779,17.61111111111111,4.222222222222222,2018.7222222222222,3,36,15255,2,0
CustomerId_701,10000.0,10000.0,1,0.0,10000,10000.0,10000,0.0,1.0,1,1,1,0,financial_services,ChannelId_3,2,13.0,18.0,12.0,2018.0,57,1,10000,3,0
CustomerId_702,98000.0,6125.0,16,8147.596782692019,130000,8125.0,28000,0.25,0.75,2,2,3,0,financial_services,ChannelId_3,2,15.125,6.3125,1.6875,2019.0,5,16,130000,2,0
CustomerId_703,2000.0,2000.0,1,0.0,2000,2000.0,2000,0.0,1.0,1,1,1,0,financial_services,ChannelId_3,2,13.0,6.0,12.0,2018.0,69,1,2000,3,0
CustomerId_704,51000.0,25500.0,2,34648.23227814083,51000,25500.0,50000,0.0,1.0,2,1,1,0,airtime,ChannelId_3,2,17.5,4.0,12.0,2018.0,70,2,51000,3,0
CustomerId_705,1000.0,1000.0,1,0.0,1000,1000.0,1000,0.0,1.0,1,1,1,0,airtime,ChannelId_3,4,14.0,8.0,1.0,2019.0,36,1,1000,0,1
CustomerId_706,11500.0,2875.0,4,2462.214450449026,11500,2875.0,5000,0.0,1.0,1,1,2,0,financial_services,ChannelId_3,2,11.75,18.25,1.0,2019.0,19,4,11500,0,1
CustomerId_707,90000.0,4285.714285714285,21,7198.214064216604,162000,7714.285714285715,11000,0.38095238095238093,0.6190476190476191,2,2,4,0,airtime,ChannelId_3,2,10.333333333333334,14.19047619047619,1.4285714285714286,2019.0,1,21,162000,2,0
CustomerId_708,8000.0,888.8888888888889,9,893.6504412303007,10000,1111.111111111111,2000,0.1111111111111111,0.8888888888888888,2,2,3,0,financial_services,ChannelId_3,2,16.555555555555557,8.88888888888889,1.0,2019.0,34,9,10000,0,1
CustomerId_709,3000.0,1000.0,3,0.0,3000,1000.0,1000,0.0,1.0,2,1,1,0,financial_services,ChannelId_3,2,9.0,23.333333333333332,11.0,2018.0,76,3,3000,3,0
CustomerId_710,12000.0,6000.0,2,1414.213562373095,12000,6000.0,7000,0.0,1.0,1,1,1,0,airtime,ChannelId_1,2,11.5,23.0,11.0,2018.0,82,2,12000,3,0
CustomerId_711,1000.0,500.0,2,0.0,1000,500.0,500,0.0,1.0,2,1,2,0,airtime,ChannelId_3,2,8.0,20.0,6.5,2018.5,33,2,1000,0,1
CustomerId_7112,70000.0,35000.0,2,0.0,76100,38050.0,38050,0.0,1.0,1,1,1,0,utility_bill,ChannelId_3,1,10.0,5.0,1.0,2019.0,39,2,76100,2,0
CustomerId_712,41500.0,1257.5757575757575,33,2042.4413551908754,43596,1321.090909090909,10000,0.36363636363636365,0.6363636363636364,2,2,5,0,financial_services,ChannelId_3,2,11.272727272727273,17.03030303030303,2.9393939393939394,2018.8181818181818,6,33,43596,2,0
CustomerId_713,280000.0,6363.636363636364,44,8999.950669350357,421400,9577.272727272728,20000,0.36363636363636365,0.6363636363636364,2,2,3,0,financial_services,ChannelId_3,2,9.431818181818182,16.681818181818183,8.681818181818182,2018.2727272727273,34,44,421400,2,0
CustomerId_714,12550.0,522.9166666666666,24,606.4829412036373,15450,643.75,1000,0.4166666666666667,0.5833333333333334,2,2,3,0,airtime,ChannelId_3,4,10.833333333333334,16.125,1.1666666666666667,2019.0,1,24,15450,2,0
CustomerId_715,20000.0,10000.0,2,0.0,20000,10000.0,10000,0.0,1.0,1,1,1,0,financial_services,ChannelId_3,2,12.0,16.0,11.0,2018.0,89,2,20000,3,0
CustomerId_716,1000.0,1000.0,1,0.0,1000,1000.0,1000,0.0,1.0,1,1,1,0,airtime,ChannelId_3,4,3.0,21.0,11.0,2018.0,85,1,1000,3,0
CustomerId_717,45963.7,1998.4217391304346,23,2204.194223047284,48915,2126.7391304347825,6000,0.30434782608695654,0.6956521739130435,3,2,4,0,financial_services,ChannelId_3,2,8.826086956521738,11.565217391304348,1.9565217391304348,2018.9565217391305,2,23,48915,2,0
CustomerId_718,135646.0,3391.15,40,5136.550281797687,139546,3488.65,19500,0.375,0.625,2,2,3,0,financial_services,ChannelId_3,2,13.6,17.525,1.75,2018.975,1,40,139546,2,0
CustomerId_720,1500.0,1500.0,1,0.0,1500,1500.0,1500,0.0,1.0,1,1,1,0,financial_services,ChannelId_3,2,20.0,24.0,1.0,2019.0,20,1,1500,0,1
CustomerId_723,25000.0,8333.333333333334,3,2886.7513459481293,25000,8333.333333333334,10000,0.0,1.0,2,1,2,0,financial_services,ChannelId_3,2,8.0,4.0,1.0,2019.0,41,3,25000,3,0
CustomerId_727,55970.0,2152.6923076923076,26,3689.467774833989,59030,2270.3846153846152,11500,0.38461538461538464,0.6153846153846154,3,2,3,0,financial_services,ChannelId_3,2,15.461538461538462,11.0,1.0,2019.0,33,26,59030,2,0
CustomerId_728,10000.0,10000.0,1,0.0,10000,10000.0,10000,0.0,1.0,1,1,1,0,financial_services,ChannelId_3,2,10.0,29.0,11.0,2018.0,76,1,10000,3,0
CustomerId_729,21180.0,2118.0,10,2503.8006665423222,21820,2182.0,5000,0.4,0.6,2,2,3,0,airtime,ChannelId_3,2,12.7,10.2,2.0,2019.0,1,10,21820,2,0
CustomerId_730,40000.0,4444.444444444444,9,6559.556218051475,62000,6888.888888888889,11000,0.3333333333333333,0.6666666666666666,2,2,3,0,financial_services,ChannelId_3,2,13.0,16.0,7.555555555555555,2018.4444444444443,12,9,62000,2,0
CustomerId_732,3900.0,650.0,6,542.2176684690384,4100,683.3333333333334,1000,0.3333333333333333,0.6666666666666666,2,2,3,0,financial_services,ChannelId_3,2,19.5,29.5,12.0,2018.0,45,6,4100,0,1
CustomerId_7321,60000.0,10000.0,6,0.0,60000,10000.0,10000,0.0,1.0,2,1,1,0,airtime,ChannelId_3,1,8.0,5.0,12.0,2018.0,71,6,60000,3,0
CustomerId_7323,20000.0,10000.0,2,0.0,20000,10000.0,10000,0.0,1.0,1,1,1,0,financial_services,ChannelId_3,2,6.0,7.0,1.0,2019.0,38,2,20000,0,1
CustomerId_7324,19998.0,9999.0,2,0.0,19998,9999.0,9999,0.0,1.0,1,1,1,0,financial_services,ChannelId_3,2,7.0,15.0,11.0,2018.0,91,2,19998,3,0
CustomerId_7325,10000.0,5000.0,2,0.0,10000,5000.0,5000,0.0,1.0,1,1,1,0,financial_services,ChannelId_3,2,4.0,25.0,11.0,2018.0,81,2,10000,3,0
CustomerId_7326,65000.0,10833.333333333334,6,7359.800721939872,65000,10833.333333333334,20000,0.0,1.0,1,1,1,0,financial_services,ChannelId_3,2,6.0,9.166666666666666,1.0,2019.0,35,6,65000,2,0
CustomerId_7327,11700.0,1170.0,10,1779.5442612584204,11700,1170.0,6200,0.0,1.0,1,1,1,0,financial_services,ChannelId_3,2,7.6,8.6,1.0,2019.0,36,10,11700,0,1
CustomerId_7328,306000.0,61200.0,5,53147.90682613945,306000,61200.0,100000,0.0,1.0,1,1,1,0,financial_services,ChannelId_3,2,11.0,18.0,12.0,2018.0,57,5,306000,3,0
CustomerId_7329,60000.0,20000.0,3,25980.76211353316,60000,20000.0,50000,0.0,1.0,1,1,1,0,financial_services,ChannelId_3,2,13.0,22.0,12.0,2018.0,53,3,60000,3,0
CustomerId_733,11000.0,5500.0,2,6363.961030678927,11000,5500.0,10000,0.0,1.0,1,1,2,0,financial_services,ChannelId_3,2,18.5,23.5,12.0,2018.0,51,2,11000,3,0
CustomerId_7331,500.0,500.0,1,0.0,500,500.0,500,0.0,1.0,1,1,1,0,financial_services,ChannelId_3,2,17.0,12.0,12.0,2018.0,63,1,500,3,0
CustomerId_7332,-6500.0,-1300.0,5,670.820393249937,6500,1300.0,2500,1.0,0.0,1,1,1,0,airtime,ChannelId_2,4,10.0,4.6,12.0,2018.0,68,5,6500,3,0
CustomerId_7333,-50000.0,-50000.0,1,0.0,50000,50000.0,50000,1.0,0.0,1,1,1,0,airtime,ChannelId_2,4,19.0,11.0,2.0,2019.0,2,1,50000,2,0
CustomerId_7334,-8000.0,-2666.6666666666665,3,1154.7005383792516,8000,2666.6666666666665,4000,1.0,0.0,1,1,1,0,airtime,ChannelId_2,4,9.0,14.333333333333334,12.0,2018.0,61,3,8000,3,0
CustomerId_7335,-1500.0,-750.0,2,353.5533905932738,1500,750.0,1000,1.0,0.0,1,1,1,0,airtime,ChannelId_2,4,17.5,24.5,12.0,2018.0,50,2,1500,0,1
CustomerId_7336,-28400.0,-1494.7368421052631,19,933.6152456448988,29810,1568.9473684210527,5750,1.0,0.0,2,1,1,0,airtime,ChannelId_2,4,11.947368421052632,17.68421052631579,10.842105263157896,2018.0526315789473,34,19,29810,2,0
CustomerId_7338,-2760000.0,-306666.6666666667,9,396263.80102149124,2775800,308422.22222222225,1000000,1.0,0.0,2,1,1,0,airtime,ChannelId_2,4,13.666666666666666,10.0,1.0,2019.0,34,9,2775800,2,0
CustomerId_7339,-1700000.0,-425000.0,4,359397.6442141304,1700000,425000.0,900000,1.0,0.0,1,1,1,2,airtime,ChannelId_2,4,15.5,10.0,1.0,2019.0,34,4,1700000,2,1
CustomerId_734,422650.0,5154.268292682927,82,11067.902404287546,484666,5910.5609756097565,70000,0.3780487804878049,0.6219512195121951,5,2,4,0,financial_services,ChannelId_3,2,14.902439024390244,19.975609756097562,7.365853658536586,2018.439024390244,6,82,484666,2,0
CustomerId_7340,-500.0,-500.0,1,0.0,500,500.0,500,1.0,0.0,1,1,1,0,airtime,ChannelId_2,4,7.0,20.0,11.0,2018.0,86,1,500,3,0
CustomerId_7341,-150000.0,-150000.0,1,0.0,158300,158300.0,158300,1.0,0.0,1,1,1,0,utility_bill,ChannelId_2,2,4.0,20.0,11.0,2018.0,86,1,158300,3,0
CustomerId_7343,-104900000.0,-25641.652407724272,4091,12952.599897891021,104900000,25641.652407724272,200000,1.0,0.0,1,1,1,0,airtime,ChannelId_2,4,13.189440234661452,6.209973111708629,6.572476167196284,2018.4927890491322,29,4091,104900000,1,0
CustomerId_7344,-4600.0,-920.0,5,396.23225512317896,4600,920.0,1500,1.0,0.0,1,1,1,0,airtime,ChannelId_2,4,8.4,20.2,11.6,2018.0,58,5,4600,3,0
CustomerId_735,18000.0,4500.0,4,8812.869377601524,30720,7680.0,12360,0.5,0.5,2,2,2,0,financial_services,ChannelId_2,2,5.0,11.0,1.0,2019.0,34,4,30720,2,0
CustomerId_738,500.0,500.0,1,0.0,500,500.0,500,0.0,1.0,1,1,1,0,airtime,ChannelId_3,4,8.0,29.0,1.0,2019.0,16,1,500,0,1
CustomerId_739,30000.0,3750.0,8,7094.061903149301,51400,6425.0,10700,0.5,0.5,2,2,3,0,airtime,ChannelId_2,2,9.625,23.0,11.0,2018.0,82,8,51400,3,0
CustomerId_740,4000.0,1333.3333333333333,3,7767.453465154029,16000,5333.333333333333,10000,0.6666666666666666,0.3333333333333333,2,2,2,0,financial_services,ChannelId_2,2,9.0,17.0,12.0,2018.0,59,3,16000,3,0
CustomerId_7401,-600000.0,-300000.0,2,282842.71247461904,600000,300000.0,500000,1.0,0.0,1,1,1,1,airtime,ChannelId_2,4,22.0,10.0,1.0,2019.0,34,2,600000,2,1
CustomerId_7402,-2000.0,-1000.0,2,0.0,2000,1000.0,1000,1.0,0.0,1,1,1,0,airtime,ChannelId_2,4,18.0,4.0,12.0,2018.0,71,2,2000,3,0
CustomerId_7403,-12300.0,-1230.0,10,725.7945837341153,12300,1230.0,3000,1.0,0.0,1,1,1,0,airtime,ChannelId_2,4,13.0,14.4,2.1,2018.9,23,10,12300,0,1
CustomerId_7404,-1000.0,-1000.0,1,0.0,1000,1000.0,1000,1.0,0.0,1,1,1,0,airtime,ChannelId_2,4,10.0,31.0,12.0,2018.0,44,1,1000,0,1
CustomerId_7405,-20000.0,-20000.0,1,0.0,21800,21800.0,21800,1.0,0.0,1,1,1,0,utility_bill,ChannelId_2,2,16.0,7.0,2.0,2019.0,6,1,21800,2,0
CustomerId_7406,-7500.0,-1875.0,4,629.1528696058958,7500,1875.0,2500,1.0,0.0,1,1,1,0,airtime,ChannelId_2,4,17.5,8.0,1.0,2019.0,30,4,7500,0,1
CustomerId_7407,-18077.0,-3615.4,5,2077.639477869055,18800,3760.0,6000,1.0,0.0,2,1,1,0,airtime,ChannelId_2,4,15.2,21.2,7.6,2018.4,30,5,18800,0,1
CustomerId_7408,-52500.0,-17500.0,3,28155.816450602175,52500,17500.0,50000,1.0,0.0,1,1,1,0,airtime,ChannelId_2,4,13.0,21.666666666666668,8.333333333333334,2018.3333333333333,31,3,52500,2,0
CustomerId_7409,-291000.0,-4693.548387096775,62,10122.347796210935,299700,4833.870967741936,65100,1.0,0.0,2,1,1,0,airtime,ChannelId_2,4,9.403225806451612,14.887096774193548,9.887096774193548,2018.1612903225807,1,62,299700,2,0
CustomerId_7410,-19200.0,-2400.0,8,3043.494232433691,19200,2400.0,9000,1.0,0.0,1,1,1,0,airtime,ChannelId_2,4,9.25,11.5,4.75,2018.625,34,8,19200,0,1
CustomerId_7411,-3800.0,-1266.6666666666667,3,208.1665999466133,3800,1266.6666666666667,1500,1.0,0.0,1,1,1,0,airtime,ChannelId_2,4,11.666666666666666,7.333333333333333,2.0,2019.0,2,3,3800,0,1
CustomerId_7412,-86578.0,-6184.142857142857,14,10941.178967953645,89715,6408.214285714285,41015,1.0,0.0,2,1,1,0,airtime,ChannelId_2,4,10.5,14.214285714285714,7.642857142857143,2018.357142857143,34,14,89715,2,0
CustomerId_7413,1000.0,500.0,2,0.0,1000,500.0,500,0.0,1.0,1,1,1,0,financial_services,ChannelId_1,2,8.5,29.0,1.0,2019.0,15,2,1000,0,1
CustomerId_7414,1630000.0,815000.0,2,127279.22061357855,1630000,815000.0,905000,0.0,1.0,1,1,1,2,financial_services,ChannelId_1,2,10.0,17.0,11.0,2018.0,86,2,1630000,3,1
CustomerId_7415,500.0,500.0,1,0.0,500,500.0,500,0.0,1.0,1,1,1,0,financial_services,ChannelId_1,0,13.0,6.0,12.0,2018.0,69,1,500,3,0
CustomerId_7416,880000.0,880000.0,1,0.0,880000,880000.0,880000,0.0,1.0,1,1,1,1,financial_services,ChannelId_1,2,7.0,29.0,1.0,2019.0,16,1,880000,2,1
CustomerId_7417,196000.0,98000.0,2,137885.82233137678,196000,98000.0,195500,0.0,1.0,1,1,1,0,financial_services,ChannelId_1,2,6.5,29.0,1.0,2019.0,16,2,196000,2,0
CustomerId_7418,361000.0,361000.0,1,0.0,361000,361000.0,361000,0.0,1.0,1,1,1,0,financial_services,ChannelId_1,0,13.0,6.0,12.0,2018.0,69,1,361000,3,0
CustomerId_7419,-100000.0,-100000.0,1,0.0,100000,100000.0,100000,1.0,0.0,1,1,1,0,airtime,ChannelId_2,4,13.0,11.0,2.0,2019.0,2,1,100000,2,0
CustomerId_742,5500.0,2750.0,2,3181.9805153394636,5500,2750.0,5000,0.0,1.0,2,1,2,0,airtime,ChannelId_3,2,18.5,19.0,12.0,2018.0,53,2,5500,3,0
CustomerId_7420,-100000.0,-100000.0,1,0.0,100000,100000.0,100000,1.0,0.0,1,1,1,0,airtime,ChannelId_2,4,13.0,11.0,2.0,2019.0,2,1,100000,2,0
CustomerId_7421,-100000.0,-100000.0,1,0.0,100000,100000.0,100000,1.0,0.0,1,1,1,0,airtime,ChannelId_2,4,13.0,11.0,2.0,2019.0,2,1,100000,2,0
CustomerId_7422,-200000.0,-200000.0,1,0.0,200000,200000.0,200000,1.0,0.0,1,1,1,0,airtime,ChannelId_2,4,13.0,11.0,2.0,2019.0,2,1,200000,2,0
CustomerId_7423,-200000.0,-200000.0,1,0.0,200000,200000.0,200000,1.0,0.0,1,1,1,0,airtime,ChannelId_2,4,13.0,11.0,2.0,2019.0,2,1,200000,2,0
CustomerId_7424,-200000.0,-200000.0,1,0.0,200000,200000.0,200000,1.0,0.0,1,1,1,0,airtime,ChannelId_2,4,13.0,11.0,2.0,2019.0,2,1,200000,2,0
CustomerId_7425,-200000.0,-200000.0,1,0.0,200000,200000.0,200000,1.0,0.0,1,1,1,0,airtime,ChannelId_2,4,13.0,11.0,2.0,2019.0,2,1,200000,2,0
CustomerId_7426,-10000.0,-909.0909090909091,11,301.5113445777636,10000,909.0909090909091,1500,1.0,0.0,1,1,1,0,airtime,ChannelId_2,4,8.727272727272727,14.454545454545455,9.272727272727273,2018.1818181818182,38,11,10000,0,1
CustomerId_7427,-1000.0,-1000.0,1,0.0,1000,1000.0,1000,1.0,0.0,1,1,1,0,airtime,ChannelId_2,4,12.0,25.0,11.0,2018.0,80,1,1000,3,0
CustomerId_7428,-7000.0,-2333.3333333333335,3,2362.9078131263045,7000,2333.3333333333335,5000,1.0,0.0,1,1,1,0,airtime,ChannelId_2,4,12.0,15.666666666666666,11.666666666666666,2018.0,56,3,7000,3,0
CustomerId_7429,-520000.0,-260000.0,2,339411.2549695428,520000,260000.0,500000,1.0,0.0,1,1,1,1,airtime,ChannelId_2,0,17.0,15.0,1.0,2019.0,29,2,520000,2,1
CustomerId_7430,-94200.0,-2943.75,32,4424.77901762774,94200,2943.75,20000,1.0,0.0,1,1,1,0,airtime,ChannelId_2,4,10.65625,15.78125,11.65625,2018.0,58,32,94200,3,0
CustomerId_7431,-5900.0,-1966.6666666666667,3,57.73502691896261,5900,1966.6666666666667,2000,1.0,0.0,1,1,1,0,airtime,ChannelId_2,4,18.333333333333332,19.333333333333332,1.0,2019.0,20,3,5900,0,1
CustomerId_7433,-3000.0,-3000.0,1,0.0,3000,3000.0,3000,1.0,0.0,1,1,1,0,airtime,ChannelId_2,4,7.0,28.0,12.0,2018.0,48,1,3000,0,1
CustomerId_7434,-11000.0,-2750.0,4,1500.0,11000,2750.0,5000,1.0,0.0,1,1,1,0,airtime,ChannelId_2,4,9.75,25.0,11.0,2018.0,78,4,11000,3,0
CustomerId_7435,-50000.0,-50000.0,1,0.0,53500,53500.0,53500,1.0,0.0,1,1,1,0,utility_bill,ChannelId_2,2,21.0,19.0,12.0,2018.0,56,1,53500,3,0
CustomerId_7436,-5500.0,-1375.0,4,1108.6778913041726,5500,1375.0,3000,1.0,0.0,1,1,1,0,airtime,ChannelId_2,4,10.5,16.5,11.5,2018.0,64,4,5500,3,0
CustomerId_7437,-6500.0,-2166.6666666666665,3,288.67513459481285,6500,2166.6666666666665,2500,1.0,0.0,1,1,1,0,airtime,ChannelId_2,4,6.666666666666667,20.0,11.333333333333334,2018.0,46,3,6500,3,0
CustomerId_7438,-50000.0,-50000.0,1,0.0,50000,50000.0,50000,1.0,0.0,1,1,1,0,airtime,ChannelId_2,4,4.0,19.0,12.0,2018.0,57,1,50000,3,0
CustomerId_7439,-24000.0,-1411.764705882353,17,870.2602720890288,24000,1411.764705882353,4000,1.0,0.0,1,1,1,0,airtime,ChannelId_2,4,10.411764705882353,19.823529411764707,1.2352941176470589,2019.0,9,17,24000,2,0
CustomerId_7440,-33900.0,-33900.0,1,0.0,36917,36917.0,36917,1.0,0.0,1,1,1,0,utility_bill,ChannelId_2,2,13.0,30.0,11.0,2018.0,75,1,36917,3,0
CustomerId_7441,-1500.0,-750.0,2,353.5533905932738,1500,750.0,1000,1.0,0.0,1,1,1,0,airtime,ChannelId_2,4,9.5,17.0,12.0,2018.0,58,2,1500,3,0
CustomerId_7442,-64000.0,-2461.5384615384614,26,1028.8155998338761,64000,2461.5384615384614,5000,1.0,0.0,1,1,1,0,airtime,ChannelId_2,4,13.423076923076923,18.5,1.1538461538461537,2019.0,9,26,64000,2,0
CustomerId_7443,-16000.0,-2666.6666666666665,6,516.3977794943222,16000,2666.6666666666665,3000,1.0,0.0,1,1,1,0,airtime,ChannelId_2,4,16.0,19.166666666666668,12.0,2018.0,54,6,16000,3,0
CustomerId_7444,-20000.0,-20000.0,1,0.0,20000,20000.0,20000,1.0,0.0,1,1,1,0,airtime,ChannelId_2,4,9.0,6.0,12.0,2018.0,70,1,20000,3,0
CustomerId_7445,-6000.0,-2000.0,3,0.0,6000,2000.0,2000,1.0,0.0,1,1,1,0,airtime,ChannelId_2,4,9.0,22.0,11.0,2018.0,80,3,6000,3,0
CustomerId_7446,-1000.0,-500.0,2,0.0,1000,500.0,500,1.0,0.0,1,1,1,0,airtime,ChannelId_2,4,10.5,19.5,11.5,2018.0,62,2,1000,3,0
CustomerId_7447,-54000.0,-13500.0,4,7681.145747868608,54000,13500.0,20000,1.0,0.0,1,1,1,0,airtime,ChannelId_2,4,8.5,16.75,6.5,2018.5,7,4,54000,2,0
CustomerId_7448,-2000.0,-2000.0,1,0.0,2000,2000.0,2000,1.0,0.0,1,1,1,0,airtime,ChannelId_2,4,19.0,6.0,12.0,2018.0,69,1,2000,3,0
CustomerId_745,500.0,500.0,1,0.0,500,500.0,500,0.0,1.0,1,1,1,0,airtime,ChannelId_3,4,12.0,20.0,1.0,2019.0,24,1,500,0,1
CustomerId_7450,-261000.0,-20076.923076923078,13,7587.945906299219,261000,20076.923076923078,25000,1.0,0.0,1,1,1,0,airtime,ChannelId_2,4,7.769230769230769,16.923076923076923,7.923076923076923,2018.3076923076924,26,13,261000,2,0
CustomerId_7451,-13431.0,-1918.7142857142858,7,1090.8337353122326,13431,1918.7142857142858,4000,1.0,0.0,1,1,1,0,airtime,ChannelId_2,4,10.571428571428571,10.714285714285714,4.142857142857143,2018.7142857142858,40,7,13431,0,1
CustomerId_7452,-285000.0,-31666.666666666668,9,19364.916731037083,288500,32055.555555555555,53500,1.0,0.0,2,1,1,0,airtime,ChannelId_2,4,9.444444444444445,12.555555555555555,8.222222222222221,2018.3333333333333,32,9,288500,2,0
CustomerId_7453,3000.0,500.0,6,0.0,3000,500.0,500,0.0,1.0,1,1,1,0,financial_services,ChannelId_1,0,11.5,17.666666666666668,11.166666666666666,2018.0,70,6,3000,3,0
CustomerId_7454,-1600.0,-800.0,2,282.842712474619,1600,800.0,1000,1.0,0.0,1,1,1,0,airtime,ChannelId_2,4,11.5,10.5,12.0,2018.0,58,2,1600,3,0
CustomerId_7455,-130000.0,-65000.0,2,7071.067811865475,130000,65000.0,70000,1.0,0.0,1,1,1,0,airtime,ChannelId_2,4,11.5,11.0,7.0,2018.5,2,2,130000,2,0
CustomerId_7456,-70000.0,-35000.0,2,7071.067811865475,70000,35000.0,40000,1.0,0.0,1,1,1,0,airtime,ChannelId_2,4,11.5,11.0,7.0,2018.5,2,2,70000,2,0
CustomerId_7457,-200000.0,-100000.0,2,0.0,200000,100000.0,100000,1.0,0.0,1,1,1,0,airtime,ChannelId_2,4,11.5,11.0,7.0,2018.5,2,2,200000,2,0
CustomerId_7458,-120000.0,-40000.0,3,0.0,120000,40000.0,40000,1.0,0.0,1,1,1,0,airtime,ChannelId_2,4,12.0,14.666666666666666,5.0,2018.6666666666667,2,3,120000,2,0
CustomerId_7459,-180000.0,-60000.0,3,0.0,180000,60000.0,60000,1.0,0.0,1,1,1,0,airtime,ChannelId_2,4,12.0,14.666666666666666,5.0,2018.6666666666667,2,3,180000,2,0
CustomerId_746,1000.0,1000.0,1,0.0,1000,1000.0,1000,0.0,1.0,1,1,1,0,financial_services,ChannelId_3,2,19.0,12.0,2.0,2019.0,1,1,1000,0,1
CustomerId_7460,-120000.0,-40000.0,3,10000.0,120000,40000.0,50000,1.0,0.0,1,1,1,0,airtime,ChannelId_2,4,12.0,14.666666666666666,5.0,2018.6666666666667,2,3,120000,2,0
CustomerId_7461,-180000.0,-60000.0,3,10000.0,180000,60000.0,70000,1.0,0.0,1,1,1,0,airtime,ChannelId_2,4,12.0,14.666666666666666,5.0,2018.6666666666667,2,3,180000,2,0
CustomerId_7462,-150000.0,-50000.0,3,0.0,150000,50000.0,50000,1.0,0.0,1,1,1,0,airtime,ChannelId_2,4,12.0,14.666666666666666,5.0,2018.6666666666667,2,3,150000,2,0
CustomerId_7463,-150000.0,-50000.0,3,0.0,150000,50000.0,50000,1.0,0.0,1,1,1,0,airtime,ChannelId_2,4,12.0,14.666666666666666,5.0,2018.6666666666667,2,3,150000,2,0
CustomerId_7464,-100000.0,-50000.0,2,0.0,100000,50000.0,50000,1.0,0.0,1,1,1,0,airtime,ChannelId_2,4,11.5,11.0,7.0,2018.5,2,2,100000,2,0
CustomerId_7465,-100000.0,-50000.0,2,0.0,100000,50000.0,50000,1.0,0.0,1,1,1,0,airtime,ChannelId_2,4,11.5,11.0,7.0,2018.5,2,2,100000,2,0
CustomerId_7466,-46000.0,-9200.0,5,3563.7059362410923,46000,9200.0,13000,1.0,0.0,1,1,1,0,airtime,ChannelId_2,4,11.2,14.2,7.2,2018.4,29,5,46000,2,0
CustomerId_7467,-11500.0,-1916.6666666666667,6,1357.0801990548189,11500,1916.6666666666667,4000,1.0,0.0,1,1,1,0,airtime,ChannelId_2,4,14.333333333333334,17.333333333333332,12.0,2018.0,56,6,11500,3,0
CustomerId_7468,-11000.0,-5500.0,2,2121.3203435596424,11000,5500.0,7000,1.0,0.0,1,1,1,0,airtime,ChannelId_2,4,18.0,1.0,12.0,2018.0,74,2,11000,3,0
CustomerId_7469,-1000.0,-1000.0,1,0.0,1000,1000.0,1000,1.0,0.0,1,1,1,0,airtime,ChannelId_2,4,14.0,29.0,11.0,2018.0,76,1,1000,3,0
CustomerId_7470,-10000.0,-10000.0,1,0.0,10000,10000.0,10000,1.0,0.0,1,1,1,0,airtime,ChannelId_2,4,16.0,21.0,11.0,2018.0,84,1,10000,3,0
CustomerId_7471,-10000.0,-10000.0,1,0.0,10000,10000.0,10000,1.0,0.0,1,1,1,0,airtime,ChannelId_2,4,16.0,21.0,11.0,2018.0,84,1,10000,3,0
CustomerId_7472,-10000.0,-10000.0,1,0.0,10000,10000.0,10000,1.0,0.0,1,1,1,0,airtime,ChannelId_2,4,16.0,21.0,11.0,2018.0,84,1,10000,3,0
CustomerId_7473,-10000.0,-10000.0,1,0.0,10000,10000.0,10000,1.0,0.0,1,1,1,0,airtime,ChannelId_2,4,16.0,21.0,11.0,2018.0,84,1,10000,3,0
CustomerId_7474,-10000.0,-10000.0,1,0.0,10000,10000.0,10000,1.0,0.0,1,1,1,0,airtime,ChannelId_2,4,16.0,21.0,11.0,2018.0,84,1,10000,3,0
CustomerId_7475,-6000.0,-2000.0,3,2179.449471770337,6735,2245.0,5235,1.0,0.0,2,1,1,0,airtime,ChannelId_2,4,9.666666666666666,5.333333333333333,1.0,2019.0,38,3,6735,0,1
CustomerId_7476,-213400.0,-9278.260869565218,23,9563.137395120111,216342,9406.173913043478,34342,1.0,0.0,2,1,1,0,airtime,ChannelId_2,4,10.347826086956522,15.826086956521738,10.173913043478262,2018.1304347826087,34,23,216342,2,0
CustomerId_7477,-2000.0,-2000.0,1,0.0,2000,2000.0,2000,1.0,0.0,1,1,1,0,airtime,ChannelId_2,4,11.0,19.0,12.0,2018.0,56,1,2000,3,0
CustomerId_7478,500.0,500.0,1,0.0,500,500.0,500,0.0,1.0,1,1,1,0,financial_services,ChannelId_1,2,6.0,1.0,2.0,2019.0,13,1,500,0,1
CustomerId_7479,500.0,500.0,1,0.0,500,500.0,500,0.0,1.0,1,1,1,0,financial_services,ChannelId_1,2,8.0,1.0,2.0,2019.0,13,1,500,0,1
CustomerId_748,7000.0,2333.3333333333335,3,6658.328118479393,17000,5666.666666666667,14000,0.6666666666666666,0.3333333333333333,2,2,2,0,financial_services,ChannelId_2,2,7.0,30.0,12.0,2018.0,46,3,17000,3,0
CustomerId_749,3000.0,1500.0,2,3535.5339059327375,5000,2500.0,4000,0.5,0.5,2,2,2,0,airtime,ChannelId_2,2,21.0,6.0,1.0,2019.0,38,2,5000,0,1
CustomerId_753,2000.0,2000.0,1,0.0,2000,2000.0,2000,0.0,1.0,1,1,1,0,financial_services,ChannelId_3,2,22.0,6.0,12.0,2018.0,69,1,2000,3,0
CustomerId_754,950.0,237.5,4,962.0940702446928,3050,762.5,1000,0.5,0.5,2,2,3,0,financial_services,ChannelId_2,2,17.25,29.5,1.0,2019.0,14,4,3050,0,1
CustomerId_755,500.0,500.0,1,0.0,500,500.0,500,0.0,1.0,1,1,1,0,data_bundles,ChannelId_3,4,18.0,18.0,12.0,2018.0,57,1,500,0,1
CustomerId_756,5000.0,5000.0,1,0.0,5000,5000.0,5000,0.0,1.0,1,1,1,0,airtime,ChannelId_3,4,11.0,11.0,12.0,2018.0,64,1,5000,3,0
CustomerId_757,-510.0,-170.0,3,762.6925986267338,1510,503.3333333333333,1000,0.6666666666666666,0.3333333333333333,2,2,2,0,financial_services,ChannelId_2,2,22.0,5.0,12.0,2018.0,70,3,1510,3,0
CustomerId_759,876069.5,5840.463333333333,150,11432.967173174018,1138316,7588.7733333333335,70000,0.36666666666666664,0.6333333333333333,5,3,4,0,financial_services,ChannelId_3,2,13.593333333333334,16.69333333333333,7.26,2018.4333333333334,1,150,1138316,2,0
CustomerId_760,60000.0,5454.545454545455,11,8214.665378013111,90400,8218.181818181818,20000,0.36363636363636365,0.6363636363636364,2,2,4,0,financial_services,ChannelId_3,2,18.0,7.818181818181818,6.090909090909091,2018.5454545454545,12,11,90400,2,0
CustomerId_761,291389.0,1776.7621951219512,164,3681.90646112862,396961,2420.493902439024,29810,0.38414634146341464,0.6158536585365854,5,2,3,0,airtime,ChannelId_3,2,11.981707317073171,16.609756097560975,6.841463414634147,2018.4573170731708,1,164,396961,2,0
CustomerId_764,90000.0,5000.0,18,5953.150426454887,122400,6800.0,10000,0.2777777777777778,0.7222222222222222,2,2,3,0,financial_services,ChannelId_3,2,11.333333333333334,24.555555555555557,6.5,2018.5,20,18,122400,2,0
CustomerId_767,4475.0,1118.75,4,2661.091176566485,7275,1818.75,5750,0.5,0.5,3,2,2,0,financial_services,ChannelId_2,2,20.25,18.75,1.25,2019.0,10,4,7275,0,1
CustomerId_768,2000.0,1000.0,2,0.0,2000,1000.0,1000,0.0,1.0,1,1,1,0,airtime,ChannelId_3,1,14.0,28.0,12.0,2018.0,47,2,2000,0,1
CustomerId_770,29090.5,1385.2619047619048,21,1748.1197586195835,33660,1602.857142857143,5750,0.2857142857142857,0.7142857142857143,3,2,3,0,financial_services,ChannelId_3,2,13.095238095238095,22.238095238095237,1.0,2019.0,20,21,33660,2,0
CustomerId_771,2000.0,2000.0,1,0.0,2000,2000.0,2000,0.0,1.0,1,1,1,0,financial_services,ChannelId_3,2,12.0,14.0,1.0,2019.0,30,1,2000,0,1
CustomerId_773,20000.0,4000.0,5,6745.368781616021,32000,6400.0,10000,0.4,0.6,2,2,3,0,financial_services,ChannelId_3,2,10.2,8.0,2.0,2019.0,5,5,32000,2,0
CustomerId_774,32000.0,1333.3333333333333,24,2680.664123855791,35200,1466.6666666666667,12000,0.375,0.625,2,2,3,0,airtime,ChannelId_3,2,13.458333333333334,6.833333333333333,2.0,2019.0,2,24,35200,2,0
CustomerId_775,47205.0,1475.15625,32,2128.6522634449607,50795,1587.34375,5000,0.4375,0.5625,3,2,3,0,airtime,ChannelId_3,4,13.53125,17.28125,8.21875,2018.34375,24,32,50795,2,0
CustomerId_776,99945.0,1885.754716981132,53,5039.946046359793,122255,2306.698113207547,30000,0.3584905660377358,0.6415094339622641,4,2,4,0,airtime,ChannelId_3,2,12.88679245283019,16.11320754716981,9.943396226415095,2018.1509433962265,29,53,122255,2,0
CustomerId_778,10000.0,10000.0,1,0.0,10000,10000.0,10000,0.0,1.0,1,1,1,0,financial_services,ChannelId_3,2,3.0,30.0,11.0,2018.0,76,1,10000,3,0
CustomerId_779,20000.0,5000.0,4,7071.067811865475,30000,7500.0,10000,0.25,0.75,2,2,3,0,airtime,ChannelId_3,2,10.0,28.0,12.0,2018.0,47,4,30000,3,0
CustomerId_780,5900.0,1475.0,4,2665.0515942472857,8100,2025.0,5000,0.5,0.5,2,2,3,0,financial_services,ChannelId_2,2,13.25,8.0,1.75,2019.0,12,4,8100,0,1
CustomerId_781,2000.0,2000.0,1,0.0,2000,2000.0,2000,0.0,1.0,1,1,1,0,financial_services,ChannelId_3,2,4.0,14.0,12.0,2018.0,62,1,2000,3,0
CustomerId_784,270650.5,1582.751461988304,171,5184.821579939533,323230,1890.233918128655,50000,0.47368421052631576,0.5263157894736842,3,2,3,0,financial_services,ChannelId_3,2,14.602339181286549,26.94736842105263,1.023391812865497,2019.0,5,171,323230,2,0
CustomerId_785,50000.0,50000.0,1,0.0,50000,50000.0,50000,0.0,1.0,1,1,1,0,financial_services,ChannelId_3,2,14.0,21.0,1.0,2019.0,23,1,50000,2,0
CustomerId_786,123923.8,1795.9971014492753,69,6976.325003517062,213529,3094.623188405797,42170,0.42028985507246375,0.5797101449275363,5,3,4,0,financial_services,ChannelId_3,2,10.840579710144928,12.985507246376812,9.0,2018.2753623188405,12,69,213529,2,0
CustomerId_787,1000.0,1000.0,1,0.0,1000,1000.0,1000,0.0,1.0,1,1,1,0,airtime,ChannelId_3,4,2.0,30.0,12.0,2018.0,46,1,1000,0,1
CustomerId_789,10000.0,2500.0,4,6757.711644237764,22000,5500.0,10000,0.5,0.5,2,2,3,0,airtime,ChannelId_2,2,16.0,25.0,1.0,2019.0,19,4,22000,2,0
CustomerId_790,491441.4,3412.7875000000004,144,6665.834287612663,608312,4224.388888888889,29000,0.3680555555555556,0.6319444444444444,5,3,4,0,financial_services,ChannelId_3,2,11.381944444444445,14.680555555555555,7.305555555555555,2018.4305555555557,3,144,608312,2,0
CustomerId_791,21105.0,659.53125,32,640.1541641125558,22495,702.96875,2000,0.40625,0.59375,2,2,4,0,airtime,ChannelId_3,4,10.65625,18.40625,8.90625,2018.25,21,32,22495,2,0
CustomerId_793,29986.0,2498.8333333333335,12,4498.056344554599,35664,2972.0,16650,0.4166666666666667,0.5833333333333334,3,2,4,0,airtime,ChannelId_3,2,11.083333333333334,15.416666666666666,1.1666666666666667,2019.0,1,12,35664,2,0
CustomerId_794,-20.0,-6.666666666666667,3,1000.0666644445926,2020,673.3333333333334,1000,0.6666666666666666,0.3333333333333333,2,2,2,0,financial_services,ChannelId_2,2,14.0,11.0,1.0,2019.0,33,3,2020,0,1
CustomerId_795,1500.0,750.0,2,353.5533905932738,1500,750.0,1000,0.0,1.0,1,1,1,0,airtime,ChannelId_3,4,11.5,9.0,6.5,2018.5,36,2,1500,0,1
CustomerId_797,237693.7,3656.826153846154,65,12677.393205356202,244492,3761.4153846153845,100000,0.2923076923076923,0.7076923076923077,4,2,3,0,airtime,ChannelId_3,2,8.984615384615385,9.261538461538462,1.0,2019.0,33,65,244492,2,0
CustomerId_798,140750.0,14075.0,10,30411.997358498724,143250,14325.0,100000,0.2,0.8,2,2,3,0,financial_services,ChannelId_3,2,12.0,21.0,1.0,2019.0,23,10,143250,2,0
CustomerId_799,20000.0,4000.0,5,6745.368781616021,32000,6400.0,10000,0.4,0.6,2,2,3,0,financial_services,ChannelId_3,2,12.0,11.0,1.0,2019.0,33,5,32000,2,0
CustomerId_8,-10000.0,-10000.0,1,0.0,10000,10000.0,10000,1.0,0.0,1,1,1,0,airtime,ChannelId_2,4,16.0,21.0,11.0,2018.0,84,1,10000,3,0
CustomerId_800,338606.5,5643.441666666667,60,12978.235742016444,375784,6263.066666666667,60000,0.2833333333333333,0.7166666666666667,5,2,5,0,financial_services,ChannelId_3,2,10.35,19.283333333333335,1.25,2019.0,2,60,375784,2,0
CustomerId_801,9750.0,1625.0,6,2690.6783531295596,12250,2041.6666666666667,5000,0.5,0.5,2,2,3,0,financial_services,ChannelId_2,2,18.666666666666668,18.333333333333332,1.0,2019.0,25,6,12250,0,1
CustomerId_802,-525.0,-175.0,3,761.1668673819164,1525,508.3333333333333,1000,0.6666666666666666,0.3333333333333333,2,2,2,0,financial_services,ChannelId_2,2,23.0,24.0,1.0,2019.0,20,3,1525,0,1
CustomerId_804,24000.0,6000.0,4,2000.0,24000,6000.0,9000,0.0,1.0,1,1,1,0,financial_services,ChannelId_3,2,11.25,18.0,11.0,2018.0,87,4,24000,3,0
CustomerId_806,2002972.8,3596.0014362657093,557,38535.62191423637,2097380,3765.4937163375225,900000,0.43447037701974867,0.5655296229802513,5,2,5,1,financial_services,ChannelId_3,2,13.18491921005386,13.563734290843806,2.497307001795332,2018.9156193895872,2,557,2097380,2,1
CustomerId_807,3920.0,980.0,4,1433.2248020925863,4080,1020.0,3000,0.5,0.5,2,2,2,0,airtime,ChannelId_2,2,17.25,22.0,11.0,2018.0,79,4,4080,3,0
CustomerId_808,31825.0,1060.8333333333333,30,1107.5813065300051,32575,1085.8333333333333,4000,0.36666666666666664,0.6333333333333333,2,2,3,0,financial_services,ChannelId_3,2,10.5,19.5,7.7,2018.3666666666666,23,30,32575,2,0
CustomerId_810,38882.0,2990.923076923077,13,3966.8924542505238,44718,3439.846153846154,11200,0.38461538461538464,0.6153846153846154,3,2,3,0,airtime,ChannelId_3,2,12.615384615384615,10.692307692307692,3.4615384615384617,2018.7692307692307,26,13,44718,2,0
CustomerId_812,1000.0,1000.0,1,0.0,1000,1000.0,1000,0.0,1.0,1,1,1,0,financial_services,ChannelId_3,2,6.0,7.0,2.0,2019.0,7,1,1000,0,1
CustomerId_813,-50.0,-16.666666666666668,3,1000.4165798972613,2050,683.3333333333334,1000,0.6666666666666666,0.3333333333333333,2,2,2,0,financial_services,ChannelId_2,2,5.0,8.0,12.0,2018.0,68,3,2050,3,0
CustomerId_814,419300.0,6166.176470588235,68,8833.493137664704,586898,8630.85294117647,31200,0.3088235294117647,0.6911764705882353,3,2,5,0,financial_services,ChannelId_3,2,12.735294117647058,20.352941176470587,6.602941176470588,2018.5,6,68,586898,2,0
CustomerId_816,1000.0,333.3333333333333,3,1154.7005383792516,3000,1000.0,1000,0.3333333333333333,0.6666666666666666,2,2,3,0,financial_services,ChannelId_3,2,12.333333333333334,6.0,1.0,2019.0,37,3,3000,0,1
CustomerId_821,26770.8,3824.4,7,5067.291984219316,31170,4452.857142857143,10000,0.42857142857142855,0.5714285714285714,3,2,3,0,financial_services,ChannelId_3,2,18.714285714285715,12.285714285714286,8.857142857142858,2018.2857142857142,31,7,31170,2,0
CustomerId_823,100000.0,4166.666666666667,24,5743.856201017833,142000,5916.666666666667,10000,0.20833333333333334,0.7916666666666666,2,2,3,0,airtime,ChannelId_3,2,9.083333333333334,19.291666666666668,6.041666666666667,2018.5416666666667,20,24,142000,2,0
CustomerId_824,5000.0,5000.0,1,0.0,5750,5750.0,5750,0.0,1.0,1,1,1,0,utility_bill,ChannelId_3,2,6.0,30.0,11.0,2018.0,76,1,5750,3,0
CustomerId_825,33500.0,2093.75,16,3398.780418522699,36750,2296.875,10000,0.3125,0.6875,2,2,3,0,airtime,ChannelId_3,2,11.0625,26.0,11.0625,2018.0,69,16,36750,3,0
CustomerId_826,1500.0,750.0,2,353.5533905932738,1500,750.0,1000,0.0,1.0,1,1,1,0,financial_services,ChannelId_3,2,9.0,19.0,12.0,2018.0,57,2,1500,3,0
CustomerId_827,1000.0,1000.0,1,0.0,1000,1000.0,1000,0.0,1.0,1,1,1,0,airtime,ChannelId_3,2,20.0,4.0,12.0,2018.0,71,1,1000,3,0
CustomerId_828,39863.0,3066.3846153846152,13,9035.745122737633,42127,3240.5384615384614,33990,0.38461538461538464,0.6153846153846154,3,2,3,0,airtime,ChannelId_3,2,10.846153846153847,14.461538461538462,2.923076923076923,2018.8461538461538,7,13,42127,2,0
CustomerId_829,2850.0,1425.0,2,2227.3863607376247,3150,1575.0,3000,0.5,0.5,2,2,2,0,airtime,ChannelId_2,2,19.0,2.0,12.0,2018.0,73,2,3150,3,0
CustomerId_830,40000.0,5714.285714285715,7,9516.902257112268,62000,8857.142857142857,20000,0.42857142857142855,0.5714285714285714,2,2,3,0,financial_services,ChannelId_3,2,10.0,11.0,1.0,2019.0,33,7,62000,2,0
CustomerId_832,2865.0,358.125,8,459.7665362519796,3135,391.875,1000,0.5,0.5,2,2,2,0,airtime,ChannelId_2,2,9.25,22.75,11.0,2018.0,77,8,3135,3,0
CustomerId_834,300000.0,300000.0,1,0.0,300000,300000.0,300000,0.0,1.0,1,1,1,0,financial_services,ChannelId_3,0,10.0,28.0,11.0,2018.0,77,1,300000,3,0
CustomerId_838,1000.0,1000.0,1,0.0,1000,1000.0,1000,0.0,1.0,1,1,1,0,airtime,ChannelId_3,4,20.0,20.0,12.0,2018.0,55,1,1000,0,1
CustomerId_839,378436.0,4672.049382716049,81,6994.941972420562,420964,5197.086419753086,21800,0.43209876543209874,0.5679012345679012,5,2,2,0,financial_services,ChannelId_3,1,10.938271604938272,19.308641975308642,6.493827160493828,2018.4814814814815,1,81,420964,2,0
CustomerId_840,33430.0,1453.4782608695652,23,2872.044898192436,36570,1590.0,10000,0.4782608695652174,0.5217391304347826,3,2,3,0,financial_services,ChannelId_3,2,8.652173913043478,17.73913043478261,1.2608695652173914,2019.0,5,23,36570,2,0
CustomerId_841,6250.0,892.8571428571429,7,902.5097282156073,6450,921.4285714285714,2000,0.2857142857142857,0.7142857142857143,2,2,3,0,financial_services,ChannelId_3,2,15.428571428571429,15.714285714285714,11.0,2018.0,87,7,6450,3,0
CustomerId_842,4240.0,471.1111111111111,9,985.7635929121703,6760,751.1111111111111,2000,0.5555555555555556,0.4444444444444444,3,2,2,0,financial_services,ChannelId_2,2,12.88888888888889,6.444444444444445,12.0,2018.0,68,9,6760,3,0
CustomerId_843,27935.0,997.6785714285714,28,941.5329129618763,28665,1023.75,3000,0.32142857142857145,0.6785714285714286,3,2,4,0,financial_services,ChannelId_3,2,14.25,14.071428571428571,5.75,2018.5714285714287,1,28,28665,2,0
CustomerId_844,30000.0,10000.0,3,0.0,30000,10000.0,10000,0.0,1.0,1,1,1,0,airtime,ChannelId_3,1,16.0,18.0,11.0,2018.0,87,3,30000,3,0
CustomerId_845,20000.0,4000.0,5,6745.368781616021,32000,6400.0,10000,0.4,0.6,2,2,3,0,financial_services,ChannelId_3,2,15.0,1.0,2.0,2019.0,12,5,32000,2,0
CustomerId_846,41000.0,8200.0,5,23805.461558222305,63000,12600.0,50000,0.4,0.6,2,3,3,0,financial_services,ChannelId_3,2,10.2,19.2,7.6,2018.4,35,5,63000,2,0
CustomerId_847,19000.0,2714.285714285714,7,4855.041562276122,31000,4428.571428571428,10000,0.2857142857142857,0.7142857142857143,2,2,3,0,financial_services,ChannelId_3,2,17.0,30.0,11.0,2018.0,75,7,31000,3,0
CustomerId_848,19000.0,3166.6666666666665,6,7626.707459098367,41000,6833.333333333333,10000,0.5,0.5,2,2,3,0,airtime,ChannelId_2,2,16.0,28.0,12.0,2018.0,47,6,41000,3,0
CustomerId_851,1500.0,750.0,2,353.5533905932738,1500,750.0,1000,0.0,1.0,1,1,1,0,financial_services,ChannelId_3,2,9.0,19.0,1.0,2019.0,26,2,1500,0,1
CustomerId_853,100000.0,3571.4285714285716,28,5304.495447982961,132800,4742.857142857143,10200,0.21428571428571427,0.7857142857142857,2,2,3,0,airtime,ChannelId_3,2,14.535714285714286,10.214285714285714,1.75,2019.0,1,28,132800,2,0
CustomerId_854,5500.0,2750.0,2,3181.9805153394636,5500,2750.0,5000,0.0,1.0,2,1,2,0,airtime,ChannelId_3,2,15.5,16.0,6.0,2018.5,34,2,5500,0,1
CustomerId_855,40000.0,6666.666666666667,6,9831.92080250175,60000,10000.0,20000,0.3333333333333333,0.6666666666666666,2,2,3,0,airtime,ChannelId_3,2,10.0,8.0,2.0,2019.0,5,6,60000,2,0
CustomerId_856,3001000.0,600200.0,5,334962.9830294685,3001000,600200.0,750000,0.0,1.0,1,1,1,4,financial_services,ChannelId_3,2,9.4,16.4,3.2,2018.8,26,5,3001000,2,1
CustomerId_857,50000.0,3571.4285714285716,14,8741.715073003834,113200,8085.714285714285,20000,0.5,0.5,3,2,4,0,financial_services,ChannelId_2,2,14.5,13.714285714285714,1.5714285714285714,2019.0,1,14,113200,2,0
CustomerId_858,24279.0,2023.25,12,3079.907824033936,28871,2405.9166666666665,10000,0.3333333333333333,0.6666666666666666,3,2,3,0,financial_services,ChannelId_3,2,8.75,29.416666666666668,1.0,2019.0,15,12,28871,2,0
CustomerId_860,140000.0,3589.74358974359,39,6794.107155306485,263200,6748.717948717948,10700,0.4358974358974359,0.5641025641025641,3,2,5,0,airtime,ChannelId_3,2,10.307692307692308,14.743589743589743,5.538461538461538,2018.5897435897436,1,39,263200,2,0
CustomerId_861,10000.0,10000.0,1,0.0,10000,10000.0,10000,0.0,1.0,1,1,1,0,financial_services,ChannelId_1,2,6.0,7.0,1.0,2019.0,38,1,10000,0,1
CustomerId_863,25000.0,25000.0,1,0.0,25000,25000.0,25000,0.0,1.0,1,1,1,0,financial_services,ChannelId_3,2,5.0,4.0,12.0,2018.0,72,1,25000,3,0
CustomerId_864,20000.0,10000.0,2,0.0,20000,10000.0,10000,0.0,1.0,1,1,1,0,financial_services,ChannelId_3,2,18.0,17.0,12.0,2018.0,58,2,20000,3,0
CustomerId_865,2278396.0,44674.43137254902,51,157486.10292305218,2303804,45172.62745098039,1000000,0.2549019607843137,0.7450980392156863,4,2,4,3,financial_services,ChannelId_3,2,15.705882352941176,22.49019607843137,2.9411764705882355,2018.8235294117646,22,51,2303804,2,1
CustomerId_867,20000.0,20000.0,1,0.0,20000,20000.0,20000,0.0,1.0,1,1,1,0,financial_services,ChannelId_3,2,16.0,21.0,1.0,2019.0,23,1,20000,0,1
CustomerId_868,900.0,900.0,1,0.0,900,900.0,900,0.0,1.0,1,1,1,0,airtime,ChannelId_3,4,18.0,9.0,12.0,2018.0,66,1,900,3,0
CustomerId_870,1000.0,1000.0,1,0.0,1000,1000.0,1000,0.0,1.0,1,1,1,0,airtime,ChannelId_3,4,19.0,7.0,1.0,2019.0,37,1,1000,0,1
CustomerId_872,92168.0,1071.7209302325582,86,1846.5953959917551,96632,1123.6279069767443,10000,0.4069767441860465,0.5930232558139535,3,2,4,0,financial_services,ChannelId_3,2,10.511627906976743,17.569767441860463,8.255813953488373,2018.3488372093022,1,86,96632,2,0
CustomerId_873,339205.5,2899.1923076923076,117,6496.085252781541,600645,5133.717948717948,28000,0.28205128205128205,0.717948717948718,4,3,4,0,financial_services,ChannelId_3,2,10.649572649572649,16.931623931623932,7.6752136752136755,2018.3760683760684,1,117,600645,2,0
CustomerId_877,19000.0,3800.0,5,6685.805860178712,31000,6200.0,10000,0.4,0.6,2,2,3,0,airtime,ChannelId_3,2,8.8,21.0,12.0,2018.0,55,5,31000,3,0
CustomerId_880,104000.0,20800.0,5,44274.145954495834,104000,20800.0,100000,0.0,1.0,2,1,3,0,airtime,ChannelId_3,1,20.0,18.0,11.0,2018.0,87,5,104000,3,0
CustomerId_881,44000.0,14666.666666666666,3,9237.604307034013,44000,14666.666666666666,20000,0.0,1.0,1,1,2,0,financial_services,ChannelId_3,2,19.0,30.0,11.0,2018.0,75,3,44000,3,0
CustomerId_882,40000.0,4000.0,10,6164.414002968976,62000,6200.0,10000,0.3,0.7,2,2,3,0,airtime,ChannelId_3,2,19.4,15.4,1.4,2019.0,12,10,62000,2,0
CustomerId_883,20500.0,1576.923076923077,13,3510.9718137465984,31500,2423.076923076923,10000,0.15384615384615385,0.8461538461538461,2,2,3,0,airtime,ChannelId_3,2,16.53846153846154,16.0,11.0,2018.0,89,13,31500,3,0
CustomerId_884,19200.0,3840.0,5,6732.235884162112,31200,6240.0,10100,0.4,0.6,2,2,3,0,financial_services,ChannelId_3,2,13.0,28.0,12.0,2018.0,47,5,31200,3,0
CustomerId_885,41500.0,8300.0,5,10680.58987135074,41500,8300.0,20000,0.0,1.0,2,1,2,0,airtime,ChannelId_3,1,14.0,5.0,12.0,2018.0,68,5,41500,3,0
CustomerId_887,7800.0,1300.0,6,1441.1800720243116,8200,1366.6666666666667,3000,0.3333333333333333,0.6666666666666666,2,2,3,0,airtime,ChannelId_3,2,6.166666666666667,12.333333333333334,6.5,2018.5,7,6,8200,0,1
CustomerId_888,20000.0,4000.0,5,6558.963332722634,30400,6080.0,10000,0.4,0.6,2,2,3,0,financial_services,ChannelId_3,2,12.2,16.0,11.0,2018.0,89,5,30400,3,0
CustomerId_889,22000.0,2750.0,8,3702.8946206216256,24400,3050.0,10000,0.25,0.75,2,2,4,0,airtime,ChannelId_3,2,15.25,8.125,1.0,2019.0,29,8,24400,0,1
CustomerId_89,5000.0,5000.0,1,0.0,5000,5000.0,5000,0.0,1.0,1,1,1,0,financial_services,ChannelId_3,2,20.0,14.0,1.0,2019.0,30,1,5000,0,1
CustomerId_890,60000.0,60000.0,1,0.0,60000,60000.0,60000,0.0,1.0,1,1,1,0,financial_services,ChannelId_3,2,20.0,21.0,12.0,2018.0,54,1,60000,3,0
CustomerId_892,40000.0,3333.3333333333335,12,7270.404932243312,81400,6783.333333333333,10700,0.5,0.5,2,2,3,0,airtime,ChannelId_2,2,11.5,18.083333333333332,11.416666666666666,2018.0,55,12,81400,3,0
CustomerId_893,6468.0,1617.0,4,3421.435761002487,8732,2183.0,6600,0.5,0.5,3,2,3,0,financial_services,ChannelId_2,2,7.0,13.0,2.0,2019.0,1,4,8732,0,1
CustomerId_894,9353.0,1558.8333333333333,6,4178.701732197055,13847,2307.8333333333335,11200,0.5,0.5,3,2,2,0,financial_services,ChannelId_2,2,9.0,6.0,2.0,2019.0,6,6,13847,0,1
CustomerId_895,19000.0,3166.6666666666665,6,7626.707459098367,41000,6833.333333333333,10000,0.5,0.5,2,2,3,0,airtime,ChannelId_2,2,19.0,21.0,12.0,2018.0,54,6,41000,3,0
CustomerId_896,980.0,245.0,4,959.218431849597,3020,755.0,1000,0.5,0.5,2,2,3,0,financial_services,ChannelId_2,2,8.5,20.75,12.0,2018.0,55,4,3020,3,0
CustomerId_898,39000.0,5571.428571428572,7,9431.456989902512,61000,8714.285714285714,20000,0.42857142857142855,0.5714285714285714,2,2,3,0,financial_services,ChannelId_3,2,6.0,28.0,12.0,2018.0,48,7,61000,3,0
CustomerId_899,10000.0,10000.0,1,0.0,10000,10000.0,10000,0.0,1.0,1,1,1,0,financial_services,ChannelId_3,2,9.0,15.0,11.0,2018.0,91,1,10000,3,0
CustomerId_9,-10000.0,-10000.0,1,0.0,10000,10000.0,10000,1.0,0.0,1,1,1,0,airtime,ChannelId_2,4,16.0,21.0,11.0,2018.0,84,1,10000,3,0
CustomerId_900,20529.0,892.5652173913044,23,961.4305073968476,23331,1014.3913043478261,2660,0.34782608695652173,0.6521739130434783,3,2,3,0,airtime,ChannelId_3,2,16.130434782608695,21.391304347826086,6.913043478260869,2018.4347826086957,10,23,23331,2,0
CustomerId_903,18500.0,1233.3333333333333,15,1817.1471623189493,21500,1433.3333333333333,5000,0.4666666666666667,0.5333333333333333,2,2,3,0,financial_services,ChannelId_1,2,13.866666666666667,22.666666666666668,10.533333333333333,2018.1333333333334,43,15,21500,3,0
CustomerId_905,920125.0,5444.526627218935,169,11661.695198110438,1070215,6332.633136094674,90000,0.3076923076923077,0.6923076923076923,5,2,3,0,airtime,ChannelId_3,2,10.70414201183432,15.402366863905325,7.076923076923077,2018.4437869822484,1,169,1070215,2,0
CustomerId_906,78179.2,1532.9254901960783,51,4296.395989563493,87381,1713.3529411764705,25000,0.49019607843137253,0.5098039215686274,3,2,4,0,financial_services,ChannelId_3,2,10.666666666666666,8.568627450980392,11.882352941176471,2018.0,63,51,87381,3,0
CustomerId_907,1000.0,1000.0,1,0.0,1000,1000.0,1000,0.0,1.0,1,1,1,0,airtime,ChannelId_3,4,18.0,13.0,12.0,2018.0,62,1,1000,3,0
CustomerId_908,323413.0,1184.6630036630036,273,1777.5842341631399,333387,1221.1978021978023,15000,0.3663003663003663,0.6336996336996337,2,2,4,0,financial_services,ChannelId_3,2,12.212454212454212,18.384615384615383,9.036630036630036,2018.2564102564102,6,273,333387,2,0
CustomerId_909,83451240.0,725662.9565217391,115,1297279.3266347803,83480760,725919.6521739131,7000000,0.0782608695652174,0.9217391304347826,2,2,4,31,financial_services,ChannelId_3,2,15.060869565217391,20.156521739130437,1.3478260869565217,2019.0,12,115,83480760,2,1
CustomerId_911,20000.0,2857.1428571428573,7,5580.578567035604,32000,4571.428571428572,10000,0.2857142857142857,0.7142857142857143,2,2,3,0,airtime,ChannelId_3,2,12.857142857142858,25.714285714285715,10.428571428571429,2018.142857142857,33,7,32000,2,0
CustomerId_912,51150.0,1420.8333333333333,36,1536.1070926208238,54850,1523.611111111111,5000,0.4166666666666667,0.5833333333333334,2,2,3,0,airtime,ChannelId_3,4,16.055555555555557,17.22222222222222,7.0,2018.4444444444443,14,36,54850,2,0
CustomerId_913,97100.0,1733.9285714285713,56,5155.191532839467,98900,1766.0714285714287,34000,0.42857142857142855,0.5714285714285714,2,2,4,0,financial_services,ChannelId_3,2,12.178571428571429,21.232142857142858,1.0,2019.0,19,56,98900,2,0
CustomerId_915,4000.0,2000.0,2,0.0,4000,2000.0,2000,0.0,1.0,2,1,2,0,airtime,ChannelId_3,2,19.0,4.0,1.0,2019.0,40,2,4000,0,1
CustomerId_916,181320.0,20146.666666666668,9,21233.81589587703,181320,20146.666666666668,46255,0.0,1.0,2,1,3,0,financial_services,ChannelId_3,2,11.11111111111111,18.0,12.0,2018.0,57,9,181320,3,0
CustomerId_917,5000.0,5000.0,1,0.0,5000,5000.0,5000,0.0,1.0,1,1,1,0,financial_services,ChannelId_3,2,15.0,8.0,2.0,2019.0,5,1,5000,0,1
CustomerId_919,234000.0,46800.0,5,45482.96384361952,246000,49200.0,80000,0.4,0.6,2,2,3,0,ticket,ChannelId_3,1,11.0,15.0,12.0,2018.0,60,5,246000,3,0
CustomerId_920,56115.0,2004.107142857143,28,2538.2791828948716,59565,2127.3214285714284,10000,0.2857142857142857,0.7142857142857143,2,2,4,0,financial_services,ChannelId_3,2,19.107142857142858,13.857142857142858,9.357142857142858,2018.2142857142858,28,28,59565,2,0
CustomerId_921,60000.0,4000.0,15,6000.0,92000,6133.333333333333,10000,0.26666666666666666,0.7333333333333333,2,2,3,0,airtime,ChannelId_3,2,9.333333333333334,16.333333333333332,5.0,2018.6666666666667,12,15,92000,2,0
CustomerId_922,24340.0,1281.0526315789473,19,2816.5190192798113,26860,1413.6842105263158,10000,0.47368421052631576,0.5263157894736842,2,2,3,0,financial_services,ChannelId_3,2,13.31578947368421,11.631578947368421,2.0,2019.0,1,19,26860,2,0
CustomerId_923,33731.0,1686.55,20,3938.8630001829874,38469,1923.45,15000,0.45,0.55,4,2,3,0,financial_services,ChannelId_3,2,10.05,25.25,1.15,2019.0,9,20,38469,2,0
CustomerId_924,2800.0,1400.0,2,565.685424949238,2800,1400.0,1800,0.0,1.0,2,1,1,0,airtime,ChannelId_3,2,4.0,6.0,2.0,2019.0,8,2,2800,0,1
CustomerId_925,7000.0,2333.3333333333335,3,2309.401076758503,7000,2333.3333333333335,5000,0.0,1.0,2,1,1,0,airtime,ChannelId_3,1,18.0,5.0,2.0,2019.0,8,3,7000,0,1
CustomerId_926,1000.0,1000.0,1,0.0,1000,1000.0,1000,0.0,1.0,1,1,1,0,financial_services,ChannelId_3,2,16.0,21.0,1.0,2019.0,23,1,1000,0,1
CustomerId_927,70000.0,4117.64705882353,17,7432.045083127999,132000,7764.705882352941,11000,0.4117647058823529,0.5882352941176471,2,2,4,0,airtime,ChannelId_3,2,10.823529411764707,11.470588235294118,1.6470588235294117,2019.0,2,17,132000,2,0
CustomerId_928,-20.0,-6.666666666666667,3,1000.0666644445926,2020,673.3333333333334,1000,0.6666666666666666,0.3333333333333333,2,2,2,0,financial_services,ChannelId_2,2,16.0,15.0,12.0,2018.0,60,3,2020,3,0
CustomerId_929,40000.0,10000.0,4,0.0,40000,10000.0,10000,0.0,1.0,1,1,1,0,financial_services,ChannelId_3,2,16.25,7.0,12.0,2018.0,68,4,40000,3,0
CustomerId_930,64000.0,3764.705882352941,17,6639.553936115606,108400,6376.470588235294,10700,0.47058823529411764,0.5294117647058824,2,2,4,0,airtime,ChannelId_3,2,15.411764705882353,15.117647058823529,6.176470588235294,2018.5294117647059,41,17,108400,2,0
CustomerId_931,3747.0,374.7,10,738.9593358230208,6053,605.3,1500,0.5,0.5,3,2,3,0,financial_services,ChannelId_2,2,15.4,25.6,1.0,2019.0,18,10,6053,0,1
CustomerId_932,60825.0,2764.7727272727275,22,2473.3419060014094,62875,2857.9545454545455,6000,0.18181818181818182,0.8181818181818182,3,2,4,0,financial_services,ChannelId_3,2,11.863636363636363,14.227272727272727,9.636363636363637,2018.2272727272727,5,22,62875,2,0
CustomerId_934,25000.0,12500.0,2,3535.5339059327375,25000,12500.0,15000,0.0,1.0,1,1,1,0,financial_services,ChannelId_3,2,21.0,12.0,2.0,2019.0,1,2,25000,2,0
CustomerId_936,5000.0,5000.0,1,0.0,5000,5000.0,5000,0.0,1.0,1,1,1,0,airtime,ChannelId_3,2,16.0,12.0,2.0,2019.0,1,1,5000,0,1
CustomerId_938,475.0,118.75,4,855.2229241548662,2525,631.25,1000,0.5,0.5,2,2,2,0,financial_services,ChannelId_2,2,9.0,25.0,1.0,2019.0,20,4,2525,0,1
CustomerId_940,49750.0,3826.923076923077,13,6861.262498762387,54250,4173.076923076923,25000,0.46153846153846156,0.5384615384615384,2,2,3,0,financial_services,ChannelId_3,2,14.153846153846153,22.23076923076923,1.0,2019.0,16,13,54250,2,0
CustomerId_942,14000.0,7000.0,2,4242.640687119285,14000,7000.0,10000,0.0,1.0,2,1,1,0,airtime,ChannelId_3,2,10.0,13.0,12.0,2018.0,62,2,14000,3,0
CustomerId_943,-12700.0,-1411.111111111111,9,564.4564740625367,14665,1629.4444444444443,2660,1.0,0.0,2,1,1,0,airtime,ChannelId_5,4,11.88888888888889,7.444444444444445,2.0,2019.0,5,9,14665,0,1
CustomerId_944,1800.0,900.0,2,141.4213562373095,1800,900.0,1000,0.0,1.0,1,1,1,0,financial_services,ChannelId_3,2,13.0,6.5,2.0,2019.0,6,2,1800,0,1
CustomerId_945,0.0,0.0,3,866.0254037844386,2000,666.6666666666666,1000,0.3333333333333333,0.6666666666666666,2,2,3,0,financial_services,ChannelId_3,2,7.0,8.666666666666666,1.0,2019.0,36,3,2000,0,1
CustomerId_946,500.0,500.0,1,0.0,500,500.0,500,0.0,1.0,1,1,1,0,financial_services,ChannelId_3,2,11.0,6.0,1.0,2019.0,38,1,500,0,1
CustomerId_947,10000.0,10000.0,1,0.0,10000,10000.0,10000,0.0,1.0,1,1,1,0,financial_services,ChannelId_3,2,13.0,13.0,1.0,2019.0,31,1,10000,0,1
CustomerId_948,500.0,500.0,1,0.0,500,500.0,500,0.0,1.0,1,1,1,0,airtime,ChannelId_3,4,14.0,5.0,2.0,2019.0,8,1,500,0,1
CustomerId_949,1000.0,1000.0,1,0.0,1000,1000.0,1000,0.0,1.0,1,1,1,0,airtime,ChannelId_3,1,14.0,30.0,11.0,2018.0,75,1,1000,3,0
CustomerId_951,90000.0,4285.714285714285,21,8174.000594218581,172000,8190.476190476191,20000,0.42857142857142855,0.5714285714285714,2,2,5,0,airtime,ChannelId_3,2,16.142857142857142,17.19047619047619,4.571428571428571,2018.7142857142858,1,21,172000,2,0
CustomerId_954,20000.0,4000.0,5,6745.368781616021,32000,6400.0,10000,0.4,0.6,2,2,3,0,financial_services,ChannelId_3,2,14.0,8.0,2.0,2019.0,5,5,32000,2,0
CustomerId_957,1000.0,1000.0,1,0.0,1000,1000.0,1000,0.0,1.0,1,1,1,0,airtime,ChannelId_3,4,14.0,10.0,1.0,2019.0,34,1,1000,0,1
CustomerId_958,10000.0,10000.0,1,0.0,11200,11200.0,11200,0.0,1.0,1,1,1,0,utility_bill,ChannelId_3,2,9.0,28.0,12.0,2018.0,48,1,11200,3,0
CustomerId_959,58451.5,1359.3372093023256,43,3693.8845128532084,64599,1502.3023255813953,20000,0.3488372093023256,0.6511627906976745,3,2,3,0,airtime,ChannelId_3,2,11.813953488372093,14.279069767441861,2.5348837209302326,2018.860465116279,18,43,64599,2,0
CustomerId_960,120795.0,2745.340909090909,44,6413.666675928478,135545,3080.568181818182,24000,0.3409090909090909,0.6590909090909091,3,2,3,0,financial_services,ChannelId_3,2,13.113636363636363,19.886363636363637,4.9772727272727275,2018.659090909091,1,44,135545,2,0
CustomerId_961,15000.0,15000.0,1,0.0,15000,15000.0,15000,0.0,1.0,1,1,1,0,financial_services,ChannelId_3,2,15.0,7.0,1.0,2019.0,37,1,15000,0,1
CustomerId_962,9705.0,970.5,10,1333.575915432722,12095,1209.5,3000,0.4,0.6,2,2,3,0,financial_services,ChannelId_3,2,15.2,15.6,5.4,2018.6,29,10,12095,0,1
CustomerId_963,2960.0,740.0,4,1506.784656146989,5040,1260.0,2000,0.5,0.5,2,2,3,0,financial_services,ChannelId_2,2,11.0,18.0,12.0,2018.0,57,4,5040,3,0
CustomerId_966,1500.0,750.0,2,353.5533905932738,1500,750.0,1000,0.0,1.0,1,1,1,0,financial_services,ChannelId_3,2,11.5,8.0,1.0,2019.0,35,2,1500,0,1
CustomerId_967,100000.0,100000.0,1,0.0,100000,100000.0,100000,0.0,1.0,1,1,1,0,financial_services,ChannelId_3,2,19.0,10.0,12.0,2018.0,65,1,100000,3,0
CustomerId_968,27475.0,3434.375,8,6854.520634223811,31325,3915.625,21800,0.25,0.75,4,2,3,0,financial_services,ChannelId_3,2,18.625,12.375,1.75,2019.0,5,8,31325,2,0
CustomerId_969,596588.0,4114.4,145,10334.594199553481,679452,4685.875862068966,80000,0.3931034482758621,0.6068965517241379,4,2,4,0,financial_services,ChannelId_3,2,10.565517241379311,17.620689655172413,7.524137931034483,2018.4206896551725,5,145,679452,2,0
CustomerId_972,20000.0,4000.0,5,6745.368781616021,32000,6400.0,10000,0.4,0.6,2,2,3,0,financial_services,ChannelId_3,2,18.0,1.0,2.0,2019.0,12,5,32000,2,0
CustomerId_974,900.0,225.0,4,838.1527307120105,2900,725.0,1000,0.25,0.75,2,2,3,0,financial_services,ChannelId_3,2,11.0,7.0,1.0,2019.0,37,4,2900,0,1
CustomerId_975,2000.0,2000.0,1,0.0,2000,2000.0,2000,0.0,1.0,1,1,1,0,financial_services,ChannelId_3,2,12.0,29.0,11.0,2018.0,76,1,2000,3,0
CustomerId_977,526774.0,8779.566666666668,60,12810.431109016981,571747,9529.116666666667,49600,0.23333333333333334,0.7666666666666667,4,2,3,0,financial_services,ChannelId_3,2,11.533333333333333,18.316666666666666,7.283333333333333,2018.4333333333334,10,60,571747,2,0
CustomerId_978,40000.0,20000.0,2,0.0,40000,20000.0,20000,0.0,1.0,1,1,2,0,financial_services,ChannelId_3,2,5.0,29.0,11.0,2018.0,77,2,40000,3,0
CustomerId_979,80000.0,4705.882352941177,17,6302.427170169769,122000,7176.470588235294,10000,0.29411764705882354,0.7058823529411765,2,2,3,0,financial_services,ChannelId_3,2,13.0,15.588235294117647,7.0588235294117645,2018.4705882352941,12,17,122000,2,0
CustomerId_982,20000.0,3333.3333333333335,6,7814.516406449389,42000,7000.0,11000,0.5,0.5,2,2,3,0,airtime,ChannelId_2,2,15.0,11.0,1.0,2019.0,33,6,42000,2,0
CustomerId_986,950.0,237.5,4,962.0940702446928,3050,762.5,1000,0.5,0.5,2,2,3,0,financial_services,ChannelId_2,2,8.0,13.5,1.75,2019.0,6,4,3050,0,1
CustomerId_987,12000.0,3000.0,4,11460.075625114056,36000,9000.0,28000,0.75,0.25,2,2,2,0,financial_services,ChannelId_2,2,11.25,6.25,12.0,2018.0,69,4,36000,3,0
CustomerId_988,228727.2,6019.136842105264,38,17169.241609853503,286623,7542.710526315789,106300,0.3157894736842105,0.6842105263157895,5,3,4,0,financial_services,ChannelId_3,2,13.763157894736842,16.789473684210527,7.657894736842105,2018.3947368421052,6,38,286623,2,0
CustomerId_989,10000.0,10000.0,1,0.0,10000,10000.0,10000,0.0,1.0,1,1,1,0,airtime,ChannelId_3,4,14.0,1.0,2.0,2019.0,12,1,10000,0,1
CustomerId_990,8650.0,961.1111111111111,9,1356.8754958031745,11350,1261.111111111111,3000,0.4444444444444444,0.5555555555555556,2,2,3,0,airtime,ChannelId_3,4,11.555555555555555,19.555555555555557,1.0,2019.0,16,9,11350,0,1
CustomerId_991,2000.0,2000.0,1,0.0,2000,2000.0,2000,0.0,1.0,1,1,1,0,airtime,ChannelId_3,2,18.0,30.0,1.0,2019.0,14,1,2000,0,1
CustomerId_992,20000.0,3333.3333333333335,6,6088.2400303098,32000,5333.333333333333,10000,0.3333333333333333,0.6666666666666666,2,2,3,0,airtime,ChannelId_3,2,10.0,8.0,2.0,2019.0,5,6,32000,2,0
CustomerId_993,20000.0,4000.0,5,6745.368781616021,32000,6400.0,10000,0.4,0.6,2,2,3,0,financial_services,ChannelId_3,2,15.0,18.0,1.0,2019.0,26,5,32000,2,0
CustomerId_994,543873.0,5384.881188118812,101,14800.656784269493,614077,6079.970297029703,90000,0.39603960396039606,0.6039603960396039,3,2,4,0,financial_services,ChannelId_3,2,13.900990099009901,18.475247524752476,5.207920792079208,2018.6237623762377,1,101,614077,2,0
CustomerId_996,139000.0,8176.470588235294,17,4433.329647647001,151000,8882.35294117647,10000,0.11764705882352941,0.8823529411764706,2,2,3,0,financial_services,ChannelId_3,2,14.470588235294118,7.0,12.0,2018.0,68,17,151000,3,0
CustomerId_998,100000.0,4545.454545454545,22,6775.145563203599,163000,7409.090909090909,10000,0.36363636363636365,0.6363636363636364,2,2,4,0,airtime,ChannelId_3,2,13.136363636363637,15.954545454545455,1.3636363636363635,2019.0,1,22,163000,2,0
